17:05:31:162  INFO 31660 --- [gateway] [main] com.qg.gateway.GatewayApplication        : No active profile set, falling back to 1 default profile: "default"
17:05:31:861  INFO 31660 --- [gateway] [main] .s.d.r.c.RepositoryConfigurationDelegate : Multiple Spring Data modules found, entering strict repository configuration mode
17:05:31:863  INFO 31660 --- [gateway] [main] .s.d.r.c.RepositoryConfigurationDelegate : Bootstrapping Spring Data Redis repositories in DEFAULT mode.
17:05:31:877  INFO 31660 --- [gateway] [main] .s.d.r.c.RepositoryConfigurationDelegate : Finished Spring Data repository scanning in 3 ms. Found 0 Redis repository interfaces.
17:05:31:996  WARN 31660 --- [gateway] [main] o.m.s.mapper.ClassPathMapperScanner      : No MyBatis mapper was found in '[com.qg.gateway]' package. Please check your configuration.
17:05:32:044  INFO 31660 --- [gateway] [main] o.s.cloud.context.scope.GenericScope     : BeanFactory id=67d7b1a5-3c5c-3d18-a555-8ee29e13ac1e
17:05:32:163  WARN 31660 --- [gateway] [main] trationDelegate$BeanPostProcessorChecker : Bean 'org.springframework.cloud.client.loadbalancer.LoadBalancerAutoConfiguration$DeferringLoadBalancerInterceptorConfig' of type [org.springframework.cloud.client.loadbalancer.LoadBalancerAutoConfiguration$DeferringLoadBalancerInterceptorConfig] is not eligible for getting processed by all BeanPostProcessors (for example: not eligible for auto-proxying). The currently created BeanPostProcessor [lbRestClientPostProcessor] is declared through a non-static factory method on that class; consider declaring it as static instead.
17:05:32:165  WARN 31660 --- [gateway] [main] trationDelegate$BeanPostProcessorChecker : Bean 'deferringLoadBalancerInterceptor' of type [org.springframework.cloud.client.loadbalancer.DeferringLoadBalancerInterceptor] is not eligible for getting processed by all BeanPostProcessors (for example: not eligible for auto-proxying). Is this bean getting eagerly injected into a currently created BeanPostProcessor [lbRestClientPostProcessor]? Check the corresponding BeanPostProcessor declaration and its dependencies.
17:05:32:167  WARN 31660 --- [gateway] [main] trationDelegate$BeanPostProcessorChecker : Bean 'org.springframework.cloud.client.loadbalancer.reactive.LoadBalancerBeanPostProcessorAutoConfiguration' of type [org.springframework.cloud.client.loadbalancer.reactive.LoadBalancerBeanPostProcessorAutoConfiguration] is not eligible for getting processed by all BeanPostProcessors (for example: not eligible for auto-proxying). The currently created BeanPostProcessor [loadBalancerWebClientBuilderBeanPostProcessor] is declared through a non-static factory method on that class; consider declaring it as static instead.
17:05:32:168  WARN 31660 --- [gateway] [main] trationDelegate$BeanPostProcessorChecker : Bean 'org.springframework.cloud.client.loadbalancer.reactive.LoadBalancerBeanPostProcessorAutoConfiguration$ReactorDeferringLoadBalancerFilterConfig' of type [org.springframework.cloud.client.loadbalancer.reactive.LoadBalancerBeanPostProcessorAutoConfiguration$ReactorDeferringLoadBalancerFilterConfig] is not eligible for getting processed by all BeanPostProcessors (for example: not eligible for auto-proxying). Is this bean getting eagerly injected into a currently created BeanPostProcessor [loadBalancerWebClientBuilderBeanPostProcessor]? Check the corresponding BeanPostProcessor declaration and its dependencies.
17:05:32:218  WARN 31660 --- [gateway] [main] trationDelegate$BeanPostProcessorChecker : Bean 'reactorDeferringLoadBalancerExchangeFilterFunction' of type [org.springframework.cloud.client.loadbalancer.reactive.DeferringLoadBalancerExchangeFilterFunction] is not eligible for getting processed by all BeanPostProcessors (for example: not eligible for auto-proxying). Is this bean getting eagerly injected into a currently created BeanPostProcessor [loadBalancerWebClientBuilderBeanPostProcessor]? Check the corresponding BeanPostProcessor declaration and its dependencies.
17:05:32:401  INFO 31660 --- [gateway] [main] o.s.b.w.embedded.tomcat.TomcatWebServer  : Tomcat initialized with port 8080 (http)
17:05:32:407  INFO 31660 --- [gateway] [main] o.a.catalina.core.AprLifecycleListener   : Loaded Apache Tomcat Native library [2.0.8] using APR version [1.7.4].
17:05:32:412  INFO 31660 --- [gateway] [main] o.a.catalina.core.AprLifecycleListener   : OpenSSL successfully initialized [OpenSSL 3.0.14 4 Jun 2024]
17:05:32:430  INFO 31660 --- [gateway] [main] o.apache.catalina.core.StandardService   : Starting service [Tomcat]
17:05:32:430  INFO 31660 --- [gateway] [main] o.apache.catalina.core.StandardEngine    : Starting Servlet engine: [Apache Tomcat/10.1.30]
17:05:34:110  INFO 31660 --- [gateway] [main] o.s.cloud.commons.util.InetUtils         : Cannot determine local hostname
17:05:36:424  INFO 31660 --- [gateway] [main] o.s.cloud.commons.util.InetUtils         : Cannot determine local hostname
17:05:36:721  INFO 31660 --- [gateway] [main] o.s.c.g.r.RouteDefinitionRouteLocator    : Loaded RoutePredicateFactory [After]
17:05:36:721  INFO 31660 --- [gateway] [main] o.s.c.g.r.RouteDefinitionRouteLocator    : Loaded RoutePredicateFactory [Before]
17:05:36:721  INFO 31660 --- [gateway] [main] o.s.c.g.r.RouteDefinitionRouteLocator    : Loaded RoutePredicateFactory [Between]
17:05:36:721  INFO 31660 --- [gateway] [main] o.s.c.g.r.RouteDefinitionRouteLocator    : Loaded RoutePredicateFactory [Cookie]
17:05:36:721  INFO 31660 --- [gateway] [main] o.s.c.g.r.RouteDefinitionRouteLocator    : Loaded RoutePredicateFactory [Header]
17:05:36:721  INFO 31660 --- [gateway] [main] o.s.c.g.r.RouteDefinitionRouteLocator    : Loaded RoutePredicateFactory [Host]
17:05:36:721  INFO 31660 --- [gateway] [main] o.s.c.g.r.RouteDefinitionRouteLocator    : Loaded RoutePredicateFactory [Method]
17:05:36:721  INFO 31660 --- [gateway] [main] o.s.c.g.r.RouteDefinitionRouteLocator    : Loaded RoutePredicateFactory [Path]
17:05:36:721  INFO 31660 --- [gateway] [main] o.s.c.g.r.RouteDefinitionRouteLocator    : Loaded RoutePredicateFactory [Query]
17:05:36:721  INFO 31660 --- [gateway] [main] o.s.c.g.r.RouteDefinitionRouteLocator    : Loaded RoutePredicateFactory [ReadBody]
17:05:36:722  INFO 31660 --- [gateway] [main] o.s.c.g.r.RouteDefinitionRouteLocator    : Loaded RoutePredicateFactory [RemoteAddr]
17:05:36:722  INFO 31660 --- [gateway] [main] o.s.c.g.r.RouteDefinitionRouteLocator    : Loaded RoutePredicateFactory [XForwardedRemoteAddr]
17:05:36:722  INFO 31660 --- [gateway] [main] o.s.c.g.r.RouteDefinitionRouteLocator    : Loaded RoutePredicateFactory [Weight]
17:05:36:722  INFO 31660 --- [gateway] [main] o.s.c.g.r.RouteDefinitionRouteLocator    : Loaded RoutePredicateFactory [CloudFoundryRouteService]
17:05:37:870  INFO 31660 --- [gateway] [main] o.s.cloud.commons.util.InetUtils         : Cannot determine local hostname
17:05:38:345  WARN 31660 --- [gateway] [main] iguration$LoadBalancerCaffeineWarnLogger : Spring Cloud LoadBalancer is currently working with the default cache. While this cache implementation is useful for development and tests, it's recommended to use Caffeine cache in production.You can switch to using Caffeine cache, by adding it and org.springframework.cache.caffeine.CaffeineCacheManager to the classpath.
17:05:38:416  INFO 31660 --- [gateway] [main] o.s.b.w.embedded.tomcat.TomcatWebServer  : Tomcat started on port 8080 (http)
17:05:39:426  INFO 31660 --- [gateway] [main] o.s.cloud.commons.util.InetUtils         : Cannot determine local hostname
17:05:40:432  INFO 31660 --- [gateway] [main] o.s.cloud.commons.util.InetUtils         : Cannot determine local hostname
17:05:40:436  INFO 31660 --- [gateway] [main] com.alibaba.nacos.client.naming          : initializer namespace from ans.namespace attribute : null
17:05:40:437  INFO 31660 --- [gateway] [main] com.alibaba.nacos.client.naming          : initializer namespace from ALIBABA_ALIWARE_NAMESPACE attribute :null
17:05:40:437  INFO 31660 --- [gateway] [main] com.alibaba.nacos.client.naming          : initializer namespace from namespace attribute :null
17:05:40:443  INFO 31660 --- [gateway] [main] com.alibaba.nacos.client.naming          : FailoverDataSource type is class com.alibaba.nacos.client.naming.backups.datasource.DiskFailoverDataSource
17:05:40:446  INFO 31660 --- [gateway] [main] c.a.n.p.a.s.c.ClientAuthPluginManager    : [ClientAuthPluginManager] Load ClientAuthService com.alibaba.nacos.client.auth.impl.NacosClientAuthServiceImpl success.
17:05:40:447  INFO 31660 --- [gateway] [main] c.a.n.p.a.s.c.ClientAuthPluginManager    : [ClientAuthPluginManager] Load ClientAuthService com.alibaba.nacos.client.auth.ram.RamClientAuthServiceImpl success.
17:05:40:600  INFO 31660 --- [gateway] [main] com.alibaba.nacos.common.remote.client   : [RpcClientFactory] create a new rpc client of b1710f7b-0e52-453f-874c-4aff04d49897
17:05:40:602  INFO 31660 --- [gateway] [main] com.alibaba.nacos.client.naming          : Create naming rpc client for uuid->b1710f7b-0e52-453f-874c-4aff04d49897
17:05:40:602  INFO 31660 --- [gateway] [main] com.alibaba.nacos.common.remote.client   : [b1710f7b-0e52-453f-874c-4aff04d49897] RpcClient init, ServerListFactory = com.alibaba.nacos.client.naming.core.ServerListManager
17:05:40:602  INFO 31660 --- [gateway] [main] com.alibaba.nacos.common.remote.client   : [b1710f7b-0e52-453f-874c-4aff04d49897] Registry connection listener to current client:com.alibaba.nacos.client.naming.remote.gprc.redo.NamingGrpcRedoService
17:05:40:603  INFO 31660 --- [gateway] [main] com.alibaba.nacos.common.remote.client   : [b1710f7b-0e52-453f-874c-4aff04d49897] Register server push request handler:com.alibaba.nacos.client.naming.remote.gprc.NamingPushRequestHandler
17:05:40:603  INFO 31660 --- [gateway] [main] com.alibaba.nacos.common.remote.client   : [b1710f7b-0e52-453f-874c-4aff04d49897] Try to connect to server on start up, server: {serverIp = '47.113.224.195', server main port = 8848}
17:05:40:604  INFO 31660 --- [gateway] [main] c.a.n.c.remote.client.grpc.GrpcClient    : grpc client connection server:47.113.224.195 ip,serverPort:9848,grpcTslConfig:{"sslProvider":"","enableTls":false,"mutualAuthEnable":false,"trustAll":false}
17:05:40:770  INFO 31660 --- [gateway] [main] com.alibaba.nacos.common.remote.client   : [b1710f7b-0e52-453f-874c-4aff04d49897] Success to connect to server [47.113.224.195:8848] on start up, connectionId = 1761210341104_183.63.119.53_37603
17:05:40:770  INFO 31660 --- [gateway] [main] com.alibaba.nacos.common.remote.client   : [b1710f7b-0e52-453f-874c-4aff04d49897] Register server push request handler:com.alibaba.nacos.common.remote.client.RpcClient$ConnectResetRequestHandler
17:05:40:770  INFO 31660 --- [gateway] [main] com.alibaba.nacos.common.remote.client   : [b1710f7b-0e52-453f-874c-4aff04d49897] Register server push request handler:com.alibaba.nacos.common.remote.client.RpcClient$$Lambda/0x000001a8c251df80
17:05:40:770  INFO 31660 --- [gateway] [com.alibaba.nacos.client.remote.worker.0] com.alibaba.nacos.common.remote.client   : [b1710f7b-0e52-453f-874c-4aff04d49897] Notify connected event to listeners.
17:05:40:770  INFO 31660 --- [gateway] [com.alibaba.nacos.client.remote.worker.0] com.alibaba.nacos.client.naming          : Grpc connection connect
17:05:40:771  INFO 31660 --- [gateway] [main] com.alibaba.nacos.client.naming          : [REGISTER-SERVICE] public registering service gateway with instance Instance{instanceId='null', ip='192.168.148.1', port=8080, weight=1.0, healthy=true, enabled=true, ephemeral=true, clusterName='DEFAULT', serviceName='null', metadata={IPv6=[2001:0:2851:b9f0:1839:7a7a:48c0:88ca], preserved.register.source=SPRING_CLOUD}}
17:05:40:793  INFO 31660 --- [gateway] [main] c.a.c.n.registry.NacosServiceRegistry    : nacos registry, DEFAULT_GROUP gateway 192.168.148.1:8080 register finished
17:05:40:877  INFO 31660 --- [gateway] [main] com.qg.gateway.GatewayApplication        : Started GatewayApplication in 13.641 seconds (process running for 14.294)
17:05:40:880  INFO 31660 --- [gateway] [main] c.a.nacos.client.config.impl.CacheData   : config listener notify warn timeout millis use default 60000 millis 
17:05:40:880  INFO 31660 --- [gateway] [main] c.a.nacos.client.config.impl.CacheData   : nacos.cache.data.init.snapshot = true 
17:05:40:880  INFO 31660 --- [gateway] [main] c.a.n.client.config.impl.ClientWorker    : [fixed-192.168.148.100_8848] [subscribe] gateway.yaml+DEFAULT_GROUP
17:05:40:889  INFO 31660 --- [gateway] [main] c.a.nacos.client.config.impl.CacheData   : [fixed-192.168.148.100_8848] [add-listener] ok, tenant=, dataId=gateway.yaml, group=DEFAULT_GROUP, cnt=1
17:05:40:889  INFO 31660 --- [gateway] [main] c.a.c.n.refresh.NacosContextRefresher    : [Nacos Config] Listening config: dataId=gateway.yaml, group=DEFAULT_GROUP
17:05:40:889  INFO 31660 --- [gateway] [main] c.a.n.client.config.impl.ClientWorker    : [fixed-192.168.148.100_8848] [subscribe] gateway+DEFAULT_GROUP
17:05:40:890  INFO 31660 --- [gateway] [main] c.a.nacos.client.config.impl.CacheData   : [fixed-192.168.148.100_8848] [add-listener] ok, tenant=, dataId=gateway, group=DEFAULT_GROUP, cnt=1
17:05:40:890  INFO 31660 --- [gateway] [main] c.a.c.n.refresh.NacosContextRefresher    : [Nacos Config] Listening config: dataId=gateway, group=DEFAULT_GROUP
17:06:07:638  INFO 31660 --- [gateway] [boundedElastic-1] com.alibaba.nacos.client.naming          : [SUBSCRIBE-SERVICE] service:alert-service, group:DEFAULT_GROUP, clusters: 
17:06:07:639  INFO 31660 --- [gateway] [boundedElastic-1] com.alibaba.nacos.client.naming          : [GRPC-SUBSCRIBE] service:alert-service, group:DEFAULT_GROUP, cluster: 
17:06:07:677  INFO 31660 --- [gateway] [boundedElastic-1] com.alibaba.nacos.client.naming          : init new ips(1) service: DEFAULT_GROUP@@alert-service -> [{"ip":"172.24.0.3","port":8085,"weight":1.0,"healthy":true,"enabled":true,"ephemeral":true,"clusterName":"DEFAULT","serviceName":"DEFAULT_GROUP@@alert-service","metadata":{"preserved.register.source":"SPRING_CLOUD"},"ipDeleteTimeout":30000,"instanceHeartBeatInterval":5000,"instanceHeartBeatTimeOut":15000}]
17:06:07:680  INFO 31660 --- [gateway] [boundedElastic-1] com.alibaba.nacos.client.naming          : current ips:(1) service: DEFAULT_GROUP@@alert-service -> [{"ip":"172.24.0.3","port":8085,"weight":1.0,"healthy":true,"enabled":true,"ephemeral":true,"clusterName":"DEFAULT","serviceName":"DEFAULT_GROUP@@alert-service","metadata":{"preserved.register.source":"SPRING_CLOUD"},"ipDeleteTimeout":30000,"instanceHeartBeatInterval":5000,"instanceHeartBeatTimeOut":15000}]
17:06:07:719 ERROR 31660 --- [gateway] [boundedElastic-1] a.w.r.e.AbstractErrorWebExceptionHandler : [259839d6]  500 Server Error for HTTP GET "/ws"

java.lang.ClassCastException: class org.apache.catalina.connector.ResponseFacade cannot be cast to class reactor.netty.http.server.HttpServerResponse (org.apache.catalina.connector.ResponseFacade and reactor.netty.http.server.HttpServerResponse are in unnamed module of loader 'app')
	at org.springframework.web.reactive.socket.server.upgrade.ReactorNettyRequestUpgradeStrategy.upgrade(ReactorNettyRequestUpgradeStrategy.java:163) ~[spring-webflux-6.1.13.jar:6.1.13]
	Suppressed: reactor.core.publisher.FluxOnAssembly$OnAssemblyException: 
Error has been observed at the following site(s):
	*__checkpoint ⇢ org.springframework.cloud.gateway.filter.WeightCalculatorWebFilter [DefaultWebFilterChain]
	*__checkpoint ⇢ HTTP GET "/ws" [ExceptionHandlingWebHandler]
Original Stack Trace:
		at org.springframework.web.reactive.socket.server.upgrade.ReactorNettyRequestUpgradeStrategy.upgrade(ReactorNettyRequestUpgradeStrategy.java:163) ~[spring-webflux-6.1.13.jar:6.1.13]
		at org.springframework.web.reactive.socket.server.support.HandshakeWebSocketService.lambda$handleRequest$1(HandshakeWebSocketService.java:221) ~[spring-webflux-6.1.13.jar:6.1.13]
		at reactor.core.publisher.FluxFlatMap.trySubscribeScalarMap(FluxFlatMap.java:153) ~[reactor-core-3.6.10.jar:3.6.10]
		at reactor.core.publisher.MonoFlatMap.subscribeOrReturn(MonoFlatMap.java:53) ~[reactor-core-3.6.10.jar:3.6.10]
		at reactor.core.publisher.InternalMonoOperator.subscribe(InternalMonoOperator.java:63) ~[reactor-core-3.6.10.jar:3.6.10]
		at reactor.core.publisher.MonoDefer.subscribe(MonoDefer.java:53) ~[reactor-core-3.6.10.jar:3.6.10]
		at reactor.core.publisher.MonoDefer.subscribe(MonoDefer.java:53) ~[reactor-core-3.6.10.jar:3.6.10]
		at reactor.core.publisher.MonoIgnoreThen$ThenIgnoreMain.subscribeNext(MonoIgnoreThen.java:241) ~[reactor-core-3.6.10.jar:3.6.10]
		at reactor.core.publisher.MonoIgnoreThen$ThenIgnoreMain.onComplete(MonoIgnoreThen.java:204) ~[reactor-core-3.6.10.jar:3.6.10]
		at reactor.core.publisher.FluxPeek$PeekSubscriber.onComplete(FluxPeek.java:260) ~[reactor-core-3.6.10.jar:3.6.10]
		at reactor.core.publisher.FluxMap$MapSubscriber.onComplete(FluxMap.java:144) ~[reactor-core-3.6.10.jar:3.6.10]
		at reactor.core.publisher.MonoNext$NextSubscriber.onComplete(MonoNext.java:102) ~[reactor-core-3.6.10.jar:3.6.10]
		at reactor.core.publisher.MonoNext$NextSubscriber.onNext(MonoNext.java:83) ~[reactor-core-3.6.10.jar:3.6.10]
		at reactor.core.publisher.FluxDematerialize$DematerializeSubscriber.onNext(FluxDematerialize.java:98) ~[reactor-core-3.6.10.jar:3.6.10]
		at reactor.core.publisher.FluxDematerialize$DematerializeSubscriber.onNext(FluxDematerialize.java:44) ~[reactor-core-3.6.10.jar:3.6.10]
		at reactor.core.publisher.FluxFlattenIterable$FlattenIterableSubscriber.drainAsync(FluxFlattenIterable.java:453) ~[reactor-core-3.6.10.jar:3.6.10]
		at reactor.core.publisher.FluxFlattenIterable$FlattenIterableSubscriber.drain(FluxFlattenIterable.java:724) ~[reactor-core-3.6.10.jar:3.6.10]
		at reactor.core.publisher.FluxFlattenIterable$FlattenIterableSubscriber.onNext(FluxFlattenIterable.java:256) ~[reactor-core-3.6.10.jar:3.6.10]
		at reactor.core.publisher.FluxSwitchIfEmpty$SwitchIfEmptySubscriber.onNext(FluxSwitchIfEmpty.java:74) ~[reactor-core-3.6.10.jar:3.6.10]
		at reactor.core.publisher.MonoFlatMap$FlatMapMain.secondComplete(MonoFlatMap.java:245) ~[reactor-core-3.6.10.jar:3.6.10]
		at reactor.core.publisher.MonoFlatMap$FlatMapInner.onNext(MonoFlatMap.java:305) ~[reactor-core-3.6.10.jar:3.6.10]
		at reactor.core.publisher.MonoIgnoreThen$ThenIgnoreMain.complete(MonoIgnoreThen.java:294) ~[reactor-core-3.6.10.jar:3.6.10]
		at reactor.core.publisher.MonoIgnoreThen$ThenIgnoreMain.onNext(MonoIgnoreThen.java:188) ~[reactor-core-3.6.10.jar:3.6.10]
		at reactor.core.publisher.MonoIgnoreThen$ThenIgnoreMain.subscribeNext(MonoIgnoreThen.java:237) ~[reactor-core-3.6.10.jar:3.6.10]
		at reactor.core.publisher.MonoIgnoreThen$ThenIgnoreMain.onComplete(MonoIgnoreThen.java:204) ~[reactor-core-3.6.10.jar:3.6.10]
		at reactor.core.publisher.MonoIgnoreElements$IgnoreElementsSubscriber.onComplete(MonoIgnoreElements.java:89) ~[reactor-core-3.6.10.jar:3.6.10]
		at reactor.core.publisher.FluxPeek$PeekSubscriber.onComplete(FluxPeek.java:260) ~[reactor-core-3.6.10.jar:3.6.10]
		at reactor.core.publisher.FluxDematerialize$DematerializeSubscriber.onComplete(FluxDematerialize.java:121) ~[reactor-core-3.6.10.jar:3.6.10]
		at reactor.core.publisher.FluxDematerialize$DematerializeSubscriber.onNext(FluxDematerialize.java:91) ~[reactor-core-3.6.10.jar:3.6.10]
		at reactor.core.publisher.FluxDematerialize$DematerializeSubscriber.onNext(FluxDematerialize.java:44) ~[reactor-core-3.6.10.jar:3.6.10]
		at reactor.core.publisher.FluxIterable$IterableSubscription.fastPath(FluxIterable.java:402) ~[reactor-core-3.6.10.jar:3.6.10]
		at reactor.core.publisher.FluxIterable$IterableSubscription.request(FluxIterable.java:291) ~[reactor-core-3.6.10.jar:3.6.10]
		at reactor.core.publisher.FluxDematerialize$DematerializeSubscriber.request(FluxDematerialize.java:127) ~[reactor-core-3.6.10.jar:3.6.10]
		at reactor.core.publisher.FluxPeek$PeekSubscriber.request(FluxPeek.java:138) ~[reactor-core-3.6.10.jar:3.6.10]
		at reactor.core.publisher.MonoIgnoreElements$IgnoreElementsSubscriber.onSubscribe(MonoIgnoreElements.java:72) ~[reactor-core-3.6.10.jar:3.6.10]
		at reactor.core.publisher.FluxPeek$PeekSubscriber.onSubscribe(FluxPeek.java:171) ~[reactor-core-3.6.10.jar:3.6.10]
		at reactor.core.publisher.FluxDematerialize$DematerializeSubscriber.onSubscribe(FluxDematerialize.java:77) ~[reactor-core-3.6.10.jar:3.6.10]
		at reactor.core.publisher.FluxIterable.subscribe(FluxIterable.java:201) ~[reactor-core-3.6.10.jar:3.6.10]
		at reactor.core.publisher.FluxIterable.subscribe(FluxIterable.java:83) ~[reactor-core-3.6.10.jar:3.6.10]
		at reactor.core.publisher.Mono.subscribe(Mono.java:4576) ~[reactor-core-3.6.10.jar:3.6.10]
		at reactor.core.publisher.MonoIgnoreThen$ThenIgnoreMain.subscribeNext(MonoIgnoreThen.java:265) ~[reactor-core-3.6.10.jar:3.6.10]
		at reactor.core.publisher.MonoIgnoreThen.subscribe(MonoIgnoreThen.java:51) ~[reactor-core-3.6.10.jar:3.6.10]
		at reactor.core.publisher.MonoFlatMap$FlatMapMain.onNext(MonoFlatMap.java:165) ~[reactor-core-3.6.10.jar:3.6.10]
		at reactor.core.publisher.Operators$BaseFluxToMonoOperator.completePossiblyEmpty(Operators.java:2097) ~[reactor-core-3.6.10.jar:3.6.10]
		at reactor.core.publisher.MonoCollectList$MonoCollectListSubscriber.onComplete(MonoCollectList.java:118) ~[reactor-core-3.6.10.jar:3.6.10]
		at reactor.core.publisher.DrainUtils.postCompleteDrain(DrainUtils.java:132) ~[reactor-core-3.6.10.jar:3.6.10]
		at reactor.core.publisher.DrainUtils.postComplete(DrainUtils.java:187) ~[reactor-core-3.6.10.jar:3.6.10]
		at reactor.core.publisher.FluxMaterialize$MaterializeSubscriber.onComplete(FluxMaterialize.java:141) ~[reactor-core-3.6.10.jar:3.6.10]
		at reactor.core.publisher.FluxLimitRequest$FluxLimitRequestSubscriber.onNext(FluxLimitRequest.java:104) ~[reactor-core-3.6.10.jar:3.6.10]
		at reactor.core.publisher.FluxOnErrorResume$ResumeSubscriber.onNext(FluxOnErrorResume.java:79) ~[reactor-core-3.6.10.jar:3.6.10]
		at reactor.core.publisher.SerializedSubscriber.onNext(SerializedSubscriber.java:99) ~[reactor-core-3.6.10.jar:3.6.10]
		at reactor.core.publisher.FluxTimeout$TimeoutMainSubscriber.onNext(FluxTimeout.java:181) ~[reactor-core-3.6.10.jar:3.6.10]
		at reactor.core.publisher.Operators$BaseFluxToMonoOperator.completePossiblyEmpty(Operators.java:2097) ~[reactor-core-3.6.10.jar:3.6.10]
		at reactor.core.publisher.MonoCollectList$MonoCollectListSubscriber.onComplete(MonoCollectList.java:118) ~[reactor-core-3.6.10.jar:3.6.10]
		at org.springframework.cloud.commons.publisher.FluxFirstNonEmptyEmitting$FirstNonEmptyEmittingSubscriber.onComplete(FluxFirstNonEmptyEmitting.java:325) ~[spring-cloud-commons-4.1.4.jar:4.1.4]
		at reactor.core.publisher.FluxSubscribeOn$SubscribeOnSubscriber.onComplete(FluxSubscribeOn.java:166) ~[reactor-core-3.6.10.jar:3.6.10]
		at reactor.core.publisher.FluxIterable$IterableSubscription.fastPath(FluxIterable.java:424) ~[reactor-core-3.6.10.jar:3.6.10]
		at reactor.core.publisher.FluxIterable$IterableSubscription.request(FluxIterable.java:291) ~[reactor-core-3.6.10.jar:3.6.10]
		at reactor.core.publisher.FluxSubscribeOn$SubscribeOnSubscriber.requestUpstream(FluxSubscribeOn.java:131) ~[reactor-core-3.6.10.jar:3.6.10]
		at reactor.core.publisher.FluxSubscribeOn$SubscribeOnSubscriber.onSubscribe(FluxSubscribeOn.java:124) ~[reactor-core-3.6.10.jar:3.6.10]
		at reactor.core.publisher.FluxIterable.subscribe(FluxIterable.java:201) ~[reactor-core-3.6.10.jar:3.6.10]
		at reactor.core.publisher.FluxIterable.subscribe(FluxIterable.java:83) ~[reactor-core-3.6.10.jar:3.6.10]
		at reactor.core.publisher.Flux.subscribe(Flux.java:8848) ~[reactor-core-3.6.10.jar:3.6.10]
		at reactor.core.publisher.FluxFlatMap.trySubscribeScalarMap(FluxFlatMap.java:202) ~[reactor-core-3.6.10.jar:3.6.10]
		at reactor.core.publisher.MonoFlatMapMany.subscribeOrReturn(MonoFlatMapMany.java:49) ~[reactor-core-3.6.10.jar:3.6.10]
		at reactor.core.publisher.Flux.subscribe(Flux.java:8833) ~[reactor-core-3.6.10.jar:3.6.10]
		at reactor.core.publisher.FluxFlatMap.trySubscribeScalarMap(FluxFlatMap.java:202) ~[reactor-core-3.6.10.jar:3.6.10]
		at reactor.core.publisher.MonoFlatMapMany.subscribeOrReturn(MonoFlatMapMany.java:49) ~[reactor-core-3.6.10.jar:3.6.10]
		at reactor.core.publisher.FluxFromMonoOperator.subscribe(FluxFromMonoOperator.java:77) ~[reactor-core-3.6.10.jar:3.6.10]
		at reactor.core.publisher.FluxSubscribeOn$SubscribeOnSubscriber.run(FluxSubscribeOn.java:194) ~[reactor-core-3.6.10.jar:3.6.10]
		at reactor.core.scheduler.WorkerTask.call(WorkerTask.java:84) ~[reactor-core-3.6.10.jar:3.6.10]
		at reactor.core.scheduler.WorkerTask.call(WorkerTask.java:37) ~[reactor-core-3.6.10.jar:3.6.10]
		at java.base/java.util.concurrent.FutureTask.run(FutureTask.java:317) ~[na:na]
		at java.base/java.util.concurrent.ScheduledThreadPoolExecutor$ScheduledFutureTask.run(ScheduledThreadPoolExecutor.java:304) ~[na:na]
		at java.base/java.util.concurrent.ThreadPoolExecutor.runWorker(ThreadPoolExecutor.java:1144) ~[na:na]
		at java.base/java.util.concurrent.ThreadPoolExecutor$Worker.run(ThreadPoolExecutor.java:642) ~[na:na]
		at java.base/java.lang.Thread.run(Thread.java:1575) ~[na:na]

17:06:08:279  INFO 31660 --- [gateway] [nacos-grpc-client-executor-47.113.224.195-13] com.alibaba.nacos.common.remote.client   : [b1710f7b-0e52-453f-874c-4aff04d49897] Receive server push request, request = NotifySubscriberRequest, requestId = 840
17:06:08:280  INFO 31660 --- [gateway] [nacos-grpc-client-executor-47.113.224.195-13] com.alibaba.nacos.common.remote.client   : [b1710f7b-0e52-453f-874c-4aff04d49897] Ack server push request, request = NotifySubscriberRequest, requestId = 840
17:06:18:794 ERROR 31660 --- [gateway] [http-nio-8080-exec-7] a.w.r.e.AbstractErrorWebExceptionHandler : [5d7f5416]  500 Server Error for HTTP GET "/ws"

java.lang.ClassCastException: class org.apache.catalina.connector.ResponseFacade cannot be cast to class reactor.netty.http.server.HttpServerResponse (org.apache.catalina.connector.ResponseFacade and reactor.netty.http.server.HttpServerResponse are in unnamed module of loader 'app')
	at org.springframework.web.reactive.socket.server.upgrade.ReactorNettyRequestUpgradeStrategy.upgrade(ReactorNettyRequestUpgradeStrategy.java:163) ~[spring-webflux-6.1.13.jar:6.1.13]
	Suppressed: reactor.core.publisher.FluxOnAssembly$OnAssemblyException: 
Error has been observed at the following site(s):
	*__checkpoint ⇢ org.springframework.cloud.gateway.filter.WeightCalculatorWebFilter [DefaultWebFilterChain]
	*__checkpoint ⇢ HTTP GET "/ws" [ExceptionHandlingWebHandler]
Original Stack Trace:
		at org.springframework.web.reactive.socket.server.upgrade.ReactorNettyRequestUpgradeStrategy.upgrade(ReactorNettyRequestUpgradeStrategy.java:163) ~[spring-webflux-6.1.13.jar:6.1.13]
		at org.springframework.web.reactive.socket.server.support.HandshakeWebSocketService.lambda$handleRequest$1(HandshakeWebSocketService.java:221) ~[spring-webflux-6.1.13.jar:6.1.13]
		at reactor.core.publisher.FluxFlatMap.trySubscribeScalarMap(FluxFlatMap.java:153) ~[reactor-core-3.6.10.jar:3.6.10]
		at reactor.core.publisher.MonoFlatMap.subscribeOrReturn(MonoFlatMap.java:53) ~[reactor-core-3.6.10.jar:3.6.10]
		at reactor.core.publisher.InternalMonoOperator.subscribe(InternalMonoOperator.java:63) ~[reactor-core-3.6.10.jar:3.6.10]
		at reactor.core.publisher.MonoDefer.subscribe(MonoDefer.java:53) ~[reactor-core-3.6.10.jar:3.6.10]
		at reactor.core.publisher.MonoDefer.subscribe(MonoDefer.java:53) ~[reactor-core-3.6.10.jar:3.6.10]
		at reactor.core.publisher.MonoIgnoreThen$ThenIgnoreMain.subscribeNext(MonoIgnoreThen.java:241) ~[reactor-core-3.6.10.jar:3.6.10]
		at reactor.core.publisher.MonoIgnoreThen$ThenIgnoreMain.onComplete(MonoIgnoreThen.java:204) ~[reactor-core-3.6.10.jar:3.6.10]
		at reactor.core.publisher.FluxPeek$PeekSubscriber.onComplete(FluxPeek.java:260) ~[reactor-core-3.6.10.jar:3.6.10]
		at reactor.core.publisher.FluxMap$MapSubscriber.onComplete(FluxMap.java:144) ~[reactor-core-3.6.10.jar:3.6.10]
		at reactor.core.publisher.MonoNext$NextSubscriber.onComplete(MonoNext.java:102) ~[reactor-core-3.6.10.jar:3.6.10]
		at reactor.core.publisher.MonoNext$NextSubscriber.onNext(MonoNext.java:83) ~[reactor-core-3.6.10.jar:3.6.10]
		at reactor.core.publisher.FluxDematerialize$DematerializeSubscriber.onNext(FluxDematerialize.java:98) ~[reactor-core-3.6.10.jar:3.6.10]
		at reactor.core.publisher.FluxDematerialize$DematerializeSubscriber.onNext(FluxDematerialize.java:44) ~[reactor-core-3.6.10.jar:3.6.10]
		at reactor.core.publisher.FluxFlattenIterable$FlattenIterableSubscriber.drainAsync(FluxFlattenIterable.java:453) ~[reactor-core-3.6.10.jar:3.6.10]
		at reactor.core.publisher.FluxFlattenIterable$FlattenIterableSubscriber.drain(FluxFlattenIterable.java:724) ~[reactor-core-3.6.10.jar:3.6.10]
		at reactor.core.publisher.FluxFlattenIterable$FlattenIterableSubscriber.onNext(FluxFlattenIterable.java:256) ~[reactor-core-3.6.10.jar:3.6.10]
		at reactor.core.publisher.FluxSwitchIfEmpty$SwitchIfEmptySubscriber.onNext(FluxSwitchIfEmpty.java:74) ~[reactor-core-3.6.10.jar:3.6.10]
		at reactor.core.publisher.Operators$BaseFluxToMonoOperator.completePossiblyEmpty(Operators.java:2097) ~[reactor-core-3.6.10.jar:3.6.10]
		at reactor.core.publisher.MonoCollectList$MonoCollectListSubscriber.onComplete(MonoCollectList.java:118) ~[reactor-core-3.6.10.jar:3.6.10]
		at reactor.core.publisher.DrainUtils.postCompleteDrain(DrainUtils.java:132) ~[reactor-core-3.6.10.jar:3.6.10]
		at reactor.core.publisher.DrainUtils.postComplete(DrainUtils.java:187) ~[reactor-core-3.6.10.jar:3.6.10]
		at reactor.core.publisher.FluxMaterialize$MaterializeSubscriber.onComplete(FluxMaterialize.java:141) ~[reactor-core-3.6.10.jar:3.6.10]
		at reactor.core.publisher.Operators$ScalarSubscription.request(Operators.java:2573) ~[reactor-core-3.6.10.jar:3.6.10]
		at reactor.core.publisher.FluxMaterialize$MaterializeSubscriber.request(FluxMaterialize.java:148) ~[reactor-core-3.6.10.jar:3.6.10]
		at reactor.core.publisher.Operators$BaseFluxToMonoOperator.request(Operators.java:2067) ~[reactor-core-3.6.10.jar:3.6.10]
		at reactor.core.publisher.Operators$MultiSubscriptionSubscriber.set(Operators.java:2367) ~[reactor-core-3.6.10.jar:3.6.10]
		at reactor.core.publisher.Operators$MultiSubscriptionSubscriber.onSubscribe(Operators.java:2241) ~[reactor-core-3.6.10.jar:3.6.10]
		at reactor.core.publisher.Operators$BaseFluxToMonoOperator.onSubscribe(Operators.java:2051) ~[reactor-core-3.6.10.jar:3.6.10]
		at reactor.core.publisher.FluxMaterialize$MaterializeSubscriber.onSubscribe(FluxMaterialize.java:103) ~[reactor-core-3.6.10.jar:3.6.10]
		at reactor.core.publisher.FluxJust.subscribe(FluxJust.java:68) ~[reactor-core-3.6.10.jar:3.6.10]
		at reactor.core.publisher.InternalFluxOperator.subscribe(InternalFluxOperator.java:68) ~[reactor-core-3.6.10.jar:3.6.10]
		at reactor.core.publisher.FluxDefer.subscribe(FluxDefer.java:54) ~[reactor-core-3.6.10.jar:3.6.10]
		at reactor.core.publisher.Mono.subscribe(Mono.java:4576) ~[reactor-core-3.6.10.jar:3.6.10]
		at reactor.core.publisher.MonoIgnoreThen$ThenIgnoreMain.subscribeNext(MonoIgnoreThen.java:265) ~[reactor-core-3.6.10.jar:3.6.10]
		at reactor.core.publisher.MonoIgnoreThen.subscribe(MonoIgnoreThen.java:51) ~[reactor-core-3.6.10.jar:3.6.10]
		at reactor.core.publisher.InternalMonoOperator.subscribe(InternalMonoOperator.java:76) ~[reactor-core-3.6.10.jar:3.6.10]
		at reactor.core.publisher.MonoDefer.subscribe(MonoDefer.java:53) ~[reactor-core-3.6.10.jar:3.6.10]
		at reactor.core.publisher.MonoDefer.subscribe(MonoDefer.java:53) ~[reactor-core-3.6.10.jar:3.6.10]
		at reactor.core.publisher.MonoDefer.subscribe(MonoDefer.java:53) ~[reactor-core-3.6.10.jar:3.6.10]
		at reactor.core.publisher.MonoDefer.subscribe(MonoDefer.java:53) ~[reactor-core-3.6.10.jar:3.6.10]
		at reactor.core.publisher.Mono.subscribe(Mono.java:4576) ~[reactor-core-3.6.10.jar:3.6.10]
		at reactor.core.publisher.MonoIgnoreThen$ThenIgnoreMain.subscribeNext(MonoIgnoreThen.java:265) ~[reactor-core-3.6.10.jar:3.6.10]
		at reactor.core.publisher.MonoIgnoreThen.subscribe(MonoIgnoreThen.java:51) ~[reactor-core-3.6.10.jar:3.6.10]
		at reactor.core.publisher.InternalMonoOperator.subscribe(InternalMonoOperator.java:76) ~[reactor-core-3.6.10.jar:3.6.10]
		at reactor.core.publisher.MonoDefer.subscribe(MonoDefer.java:53) ~[reactor-core-3.6.10.jar:3.6.10]
		at reactor.core.publisher.MonoDefer.subscribe(MonoDefer.java:53) ~[reactor-core-3.6.10.jar:3.6.10]
		at reactor.core.publisher.MonoDefer.subscribe(MonoDefer.java:53) ~[reactor-core-3.6.10.jar:3.6.10]
		at reactor.core.publisher.InternalMonoOperator.subscribe(InternalMonoOperator.java:76) ~[reactor-core-3.6.10.jar:3.6.10]
		at reactor.core.publisher.MonoDefer.subscribe(MonoDefer.java:53) ~[reactor-core-3.6.10.jar:3.6.10]
		at reactor.core.publisher.Mono.subscribe(Mono.java:4576) ~[reactor-core-3.6.10.jar:3.6.10]
		at reactor.core.publisher.MonoIgnoreThen$ThenIgnoreMain.subscribeNext(MonoIgnoreThen.java:265) ~[reactor-core-3.6.10.jar:3.6.10]
		at reactor.core.publisher.MonoIgnoreThen.subscribe(MonoIgnoreThen.java:51) ~[reactor-core-3.6.10.jar:3.6.10]
		at reactor.core.publisher.InternalMonoOperator.subscribe(InternalMonoOperator.java:76) ~[reactor-core-3.6.10.jar:3.6.10]
		at reactor.core.publisher.MonoFlatMap$FlatMapMain.onNext(MonoFlatMap.java:165) ~[reactor-core-3.6.10.jar:3.6.10]
		at reactor.core.publisher.FluxOnErrorResume$ResumeSubscriber.onNext(FluxOnErrorResume.java:79) ~[reactor-core-3.6.10.jar:3.6.10]
		at reactor.core.publisher.FluxSwitchIfEmpty$SwitchIfEmptySubscriber.onNext(FluxSwitchIfEmpty.java:74) ~[reactor-core-3.6.10.jar:3.6.10]
		at reactor.core.publisher.MonoNext$NextSubscriber.onNext(MonoNext.java:82) ~[reactor-core-3.6.10.jar:3.6.10]
		at reactor.core.publisher.FluxConcatMapNoPrefetch$FluxConcatMapNoPrefetchSubscriber.innerNext(FluxConcatMapNoPrefetch.java:259) ~[reactor-core-3.6.10.jar:3.6.10]
		at reactor.core.publisher.FluxConcatMap$ConcatMapInner.onNext(FluxConcatMap.java:865) ~[reactor-core-3.6.10.jar:3.6.10]
		at reactor.core.publisher.FluxMap$MapSubscriber.onNext(FluxMap.java:122) ~[reactor-core-3.6.10.jar:3.6.10]
		at reactor.core.publisher.FluxSwitchIfEmpty$SwitchIfEmptySubscriber.onNext(FluxSwitchIfEmpty.java:74) ~[reactor-core-3.6.10.jar:3.6.10]
		at reactor.core.publisher.FluxMap$MapSubscriber.onNext(FluxMap.java:122) ~[reactor-core-3.6.10.jar:3.6.10]
		at reactor.core.publisher.FluxMap$MapSubscriber.onNext(FluxMap.java:122) ~[reactor-core-3.6.10.jar:3.6.10]
		at reactor.core.publisher.MonoNext$NextSubscriber.onNext(MonoNext.java:82) ~[reactor-core-3.6.10.jar:3.6.10]
		at reactor.core.publisher.FluxConcatMapNoPrefetch$FluxConcatMapNoPrefetchSubscriber.innerNext(FluxConcatMapNoPrefetch.java:259) ~[reactor-core-3.6.10.jar:3.6.10]
		at reactor.core.publisher.FluxConcatMap$ConcatMapInner.onNext(FluxConcatMap.java:865) ~[reactor-core-3.6.10.jar:3.6.10]
		at reactor.core.publisher.FluxOnErrorResume$ResumeSubscriber.onNext(FluxOnErrorResume.java:79) ~[reactor-core-3.6.10.jar:3.6.10]
		at reactor.core.publisher.MonoPeekTerminal$MonoTerminalPeekSubscriber.onNext(MonoPeekTerminal.java:180) ~[reactor-core-3.6.10.jar:3.6.10]
		at reactor.core.publisher.MonoFilterWhen$MonoFilterWhenMain.onNext(MonoFilterWhen.java:136) ~[reactor-core-3.6.10.jar:3.6.10]
		at reactor.core.publisher.Operators$ScalarSubscription.request(Operators.java:2571) ~[reactor-core-3.6.10.jar:3.6.10]
		at reactor.core.publisher.MonoFilterWhen$MonoFilterWhenMain.request(MonoFilterWhen.java:183) ~[reactor-core-3.6.10.jar:3.6.10]
		at reactor.core.publisher.MonoPeekTerminal$MonoTerminalPeekSubscriber.request(MonoPeekTerminal.java:139) ~[reactor-core-3.6.10.jar:3.6.10]
		at reactor.core.publisher.Operators$MultiSubscriptionSubscriber.request(Operators.java:2331) ~[reactor-core-3.6.10.jar:3.6.10]
		at reactor.core.publisher.Operators$MultiSubscriptionSubscriber.request(Operators.java:2331) ~[reactor-core-3.6.10.jar:3.6.10]
		at reactor.core.publisher.FluxConcatMapNoPrefetch$FluxConcatMapNoPrefetchSubscriber.request(FluxConcatMapNoPrefetch.java:339) ~[reactor-core-3.6.10.jar:3.6.10]
		at reactor.core.publisher.MonoNext$NextSubscriber.request(MonoNext.java:108) ~[reactor-core-3.6.10.jar:3.6.10]
		at reactor.core.publisher.FluxMap$MapSubscriber.request(FluxMap.java:164) ~[reactor-core-3.6.10.jar:3.6.10]
		at reactor.core.publisher.FluxMap$MapSubscriber.request(FluxMap.java:164) ~[reactor-core-3.6.10.jar:3.6.10]
		at reactor.core.publisher.Operators$MultiSubscriptionSubscriber.request(Operators.java:2331) ~[reactor-core-3.6.10.jar:3.6.10]
		at reactor.core.publisher.FluxMap$MapSubscriber.request(FluxMap.java:164) ~[reactor-core-3.6.10.jar:3.6.10]
		at reactor.core.publisher.Operators$MultiSubscriptionSubscriber.request(Operators.java:2331) ~[reactor-core-3.6.10.jar:3.6.10]
		at reactor.core.publisher.FluxConcatMapNoPrefetch$FluxConcatMapNoPrefetchSubscriber.request(FluxConcatMapNoPrefetch.java:339) ~[reactor-core-3.6.10.jar:3.6.10]
		at reactor.core.publisher.MonoNext$NextSubscriber.request(MonoNext.java:108) ~[reactor-core-3.6.10.jar:3.6.10]
		at reactor.core.publisher.Operators$MultiSubscriptionSubscriber.set(Operators.java:2367) ~[reactor-core-3.6.10.jar:3.6.10]
		at reactor.core.publisher.Operators$MultiSubscriptionSubscriber.onSubscribe(Operators.java:2241) ~[reactor-core-3.6.10.jar:3.6.10]
		at reactor.core.publisher.MonoNext$NextSubscriber.onSubscribe(MonoNext.java:70) ~[reactor-core-3.6.10.jar:3.6.10]
		at reactor.core.publisher.FluxConcatMapNoPrefetch$FluxConcatMapNoPrefetchSubscriber.onSubscribe(FluxConcatMapNoPrefetch.java:164) ~[reactor-core-3.6.10.jar:3.6.10]
		at reactor.core.publisher.FluxIterable.subscribe(FluxIterable.java:201) ~[reactor-core-3.6.10.jar:3.6.10]
		at reactor.core.publisher.FluxIterable.subscribe(FluxIterable.java:83) ~[reactor-core-3.6.10.jar:3.6.10]
		at reactor.core.publisher.InternalMonoOperator.subscribe(InternalMonoOperator.java:76) ~[reactor-core-3.6.10.jar:3.6.10]
		at reactor.core.publisher.MonoDefer.subscribe(MonoDefer.java:53) ~[reactor-core-3.6.10.jar:3.6.10]
		at reactor.core.publisher.InternalMonoOperator.subscribe(InternalMonoOperator.java:76) ~[reactor-core-3.6.10.jar:3.6.10]
		at reactor.core.publisher.MonoDefer.subscribe(MonoDefer.java:53) ~[reactor-core-3.6.10.jar:3.6.10]
		at reactor.core.publisher.Mono.subscribe(Mono.java:4576) ~[reactor-core-3.6.10.jar:3.6.10]
		at reactor.core.publisher.MonoIgnoreThen$ThenIgnoreMain.subscribeNext(MonoIgnoreThen.java:265) ~[reactor-core-3.6.10.jar:3.6.10]
		at reactor.core.publisher.MonoIgnoreThen.subscribe(MonoIgnoreThen.java:51) ~[reactor-core-3.6.10.jar:3.6.10]
		at reactor.core.publisher.Mono.subscribe(Mono.java:4576) ~[reactor-core-3.6.10.jar:3.6.10]
		at org.springframework.http.server.reactive.ServletHttpHandlerAdapter.service(ServletHttpHandlerAdapter.java:199) ~[spring-web-6.1.13.jar:6.1.13]
		at org.apache.catalina.core.ApplicationFilterChain.internalDoFilter(ApplicationFilterChain.java:195) ~[tomcat-embed-core-10.1.30.jar:10.1.30]
		at org.apache.catalina.core.ApplicationFilterChain.doFilter(ApplicationFilterChain.java:140) ~[tomcat-embed-core-10.1.30.jar:10.1.30]
		at org.apache.tomcat.websocket.server.WsFilter.doFilter(WsFilter.java:51) ~[tomcat-embed-websocket-10.1.30.jar:10.1.30]
		at org.apache.catalina.core.ApplicationFilterChain.internalDoFilter(ApplicationFilterChain.java:164) ~[tomcat-embed-core-10.1.30.jar:10.1.30]
		at org.apache.catalina.core.ApplicationFilterChain.doFilter(ApplicationFilterChain.java:140) ~[tomcat-embed-core-10.1.30.jar:10.1.30]
		at org.apache.catalina.core.StandardWrapperValve.invoke(StandardWrapperValve.java:167) ~[tomcat-embed-core-10.1.30.jar:10.1.30]
		at org.apache.catalina.core.StandardContextValve.invoke(StandardContextValve.java:90) ~[tomcat-embed-core-10.1.30.jar:10.1.30]
		at org.apache.catalina.authenticator.AuthenticatorBase.invoke(AuthenticatorBase.java:483) ~[tomcat-embed-core-10.1.30.jar:10.1.30]
		at org.apache.catalina.core.StandardHostValve.invoke(StandardHostValve.java:115) ~[tomcat-embed-core-10.1.30.jar:10.1.30]
		at org.apache.catalina.valves.ErrorReportValve.invoke(ErrorReportValve.java:93) ~[tomcat-embed-core-10.1.30.jar:10.1.30]
		at org.apache.catalina.core.StandardEngineValve.invoke(StandardEngineValve.java:74) ~[tomcat-embed-core-10.1.30.jar:10.1.30]
		at org.apache.catalina.connector.CoyoteAdapter.service(CoyoteAdapter.java:344) ~[tomcat-embed-core-10.1.30.jar:10.1.30]
		at org.apache.coyote.http11.Http11Processor.service(Http11Processor.java:384) ~[tomcat-embed-core-10.1.30.jar:10.1.30]
		at org.apache.coyote.AbstractProcessorLight.process(AbstractProcessorLight.java:63) ~[tomcat-embed-core-10.1.30.jar:10.1.30]
		at org.apache.coyote.AbstractProtocol$ConnectionHandler.process(AbstractProtocol.java:905) ~[tomcat-embed-core-10.1.30.jar:10.1.30]
		at org.apache.tomcat.util.net.NioEndpoint$SocketProcessor.doRun(NioEndpoint.java:1741) ~[tomcat-embed-core-10.1.30.jar:10.1.30]
		at org.apache.tomcat.util.net.SocketProcessorBase.run(SocketProcessorBase.java:52) ~[tomcat-embed-core-10.1.30.jar:10.1.30]
		at org.apache.tomcat.util.threads.ThreadPoolExecutor.runWorker(ThreadPoolExecutor.java:1190) ~[tomcat-embed-core-10.1.30.jar:10.1.30]
		at org.apache.tomcat.util.threads.ThreadPoolExecutor$Worker.run(ThreadPoolExecutor.java:659) ~[tomcat-embed-core-10.1.30.jar:10.1.30]
		at org.apache.tomcat.util.threads.TaskThread$WrappingRunnable.run(TaskThread.java:63) ~[tomcat-embed-core-10.1.30.jar:10.1.30]
		at java.base/java.lang.Thread.run(Thread.java:1575) ~[na:na]

17:06:19:832 ERROR 31660 --- [gateway] [http-nio-8080-exec-4] a.w.r.e.AbstractErrorWebExceptionHandler : [df5c60b]  500 Server Error for HTTP GET "/ws"

java.lang.ClassCastException: class org.apache.catalina.connector.ResponseFacade cannot be cast to class reactor.netty.http.server.HttpServerResponse (org.apache.catalina.connector.ResponseFacade and reactor.netty.http.server.HttpServerResponse are in unnamed module of loader 'app')
	at org.springframework.web.reactive.socket.server.upgrade.ReactorNettyRequestUpgradeStrategy.upgrade(ReactorNettyRequestUpgradeStrategy.java:163) ~[spring-webflux-6.1.13.jar:6.1.13]
	Suppressed: reactor.core.publisher.FluxOnAssembly$OnAssemblyException: 
Error has been observed at the following site(s):
	*__checkpoint ⇢ org.springframework.cloud.gateway.filter.WeightCalculatorWebFilter [DefaultWebFilterChain]
	*__checkpoint ⇢ HTTP GET "/ws" [ExceptionHandlingWebHandler]
Original Stack Trace:
		at org.springframework.web.reactive.socket.server.upgrade.ReactorNettyRequestUpgradeStrategy.upgrade(ReactorNettyRequestUpgradeStrategy.java:163) ~[spring-webflux-6.1.13.jar:6.1.13]
		at org.springframework.web.reactive.socket.server.support.HandshakeWebSocketService.lambda$handleRequest$1(HandshakeWebSocketService.java:221) ~[spring-webflux-6.1.13.jar:6.1.13]
		at reactor.core.publisher.FluxFlatMap.trySubscribeScalarMap(FluxFlatMap.java:153) ~[reactor-core-3.6.10.jar:3.6.10]
		at reactor.core.publisher.MonoFlatMap.subscribeOrReturn(MonoFlatMap.java:53) ~[reactor-core-3.6.10.jar:3.6.10]
		at reactor.core.publisher.InternalMonoOperator.subscribe(InternalMonoOperator.java:63) ~[reactor-core-3.6.10.jar:3.6.10]
		at reactor.core.publisher.MonoDefer.subscribe(MonoDefer.java:53) ~[reactor-core-3.6.10.jar:3.6.10]
		at reactor.core.publisher.MonoDefer.subscribe(MonoDefer.java:53) ~[reactor-core-3.6.10.jar:3.6.10]
		at reactor.core.publisher.MonoIgnoreThen$ThenIgnoreMain.subscribeNext(MonoIgnoreThen.java:241) ~[reactor-core-3.6.10.jar:3.6.10]
		at reactor.core.publisher.MonoIgnoreThen$ThenIgnoreMain.onComplete(MonoIgnoreThen.java:204) ~[reactor-core-3.6.10.jar:3.6.10]
		at reactor.core.publisher.FluxPeek$PeekSubscriber.onComplete(FluxPeek.java:260) ~[reactor-core-3.6.10.jar:3.6.10]
		at reactor.core.publisher.FluxMap$MapSubscriber.onComplete(FluxMap.java:144) ~[reactor-core-3.6.10.jar:3.6.10]
		at reactor.core.publisher.MonoNext$NextSubscriber.onComplete(MonoNext.java:102) ~[reactor-core-3.6.10.jar:3.6.10]
		at reactor.core.publisher.MonoNext$NextSubscriber.onNext(MonoNext.java:83) ~[reactor-core-3.6.10.jar:3.6.10]
		at reactor.core.publisher.FluxDematerialize$DematerializeSubscriber.onNext(FluxDematerialize.java:98) ~[reactor-core-3.6.10.jar:3.6.10]
		at reactor.core.publisher.FluxDematerialize$DematerializeSubscriber.onNext(FluxDematerialize.java:44) ~[reactor-core-3.6.10.jar:3.6.10]
		at reactor.core.publisher.FluxFlattenIterable$FlattenIterableSubscriber.drainAsync(FluxFlattenIterable.java:453) ~[reactor-core-3.6.10.jar:3.6.10]
		at reactor.core.publisher.FluxFlattenIterable$FlattenIterableSubscriber.drain(FluxFlattenIterable.java:724) ~[reactor-core-3.6.10.jar:3.6.10]
		at reactor.core.publisher.FluxFlattenIterable$FlattenIterableSubscriber.onNext(FluxFlattenIterable.java:256) ~[reactor-core-3.6.10.jar:3.6.10]
		at reactor.core.publisher.FluxSwitchIfEmpty$SwitchIfEmptySubscriber.onNext(FluxSwitchIfEmpty.java:74) ~[reactor-core-3.6.10.jar:3.6.10]
		at reactor.core.publisher.Operators$BaseFluxToMonoOperator.completePossiblyEmpty(Operators.java:2097) ~[reactor-core-3.6.10.jar:3.6.10]
		at reactor.core.publisher.MonoCollectList$MonoCollectListSubscriber.onComplete(MonoCollectList.java:118) ~[reactor-core-3.6.10.jar:3.6.10]
		at reactor.core.publisher.DrainUtils.postCompleteDrain(DrainUtils.java:132) ~[reactor-core-3.6.10.jar:3.6.10]
		at reactor.core.publisher.DrainUtils.postComplete(DrainUtils.java:187) ~[reactor-core-3.6.10.jar:3.6.10]
		at reactor.core.publisher.FluxMaterialize$MaterializeSubscriber.onComplete(FluxMaterialize.java:141) ~[reactor-core-3.6.10.jar:3.6.10]
		at reactor.core.publisher.Operators$ScalarSubscription.request(Operators.java:2573) ~[reactor-core-3.6.10.jar:3.6.10]
		at reactor.core.publisher.FluxMaterialize$MaterializeSubscriber.request(FluxMaterialize.java:148) ~[reactor-core-3.6.10.jar:3.6.10]
		at reactor.core.publisher.Operators$BaseFluxToMonoOperator.request(Operators.java:2067) ~[reactor-core-3.6.10.jar:3.6.10]
		at reactor.core.publisher.Operators$MultiSubscriptionSubscriber.set(Operators.java:2367) ~[reactor-core-3.6.10.jar:3.6.10]
		at reactor.core.publisher.Operators$MultiSubscriptionSubscriber.onSubscribe(Operators.java:2241) ~[reactor-core-3.6.10.jar:3.6.10]
		at reactor.core.publisher.Operators$BaseFluxToMonoOperator.onSubscribe(Operators.java:2051) ~[reactor-core-3.6.10.jar:3.6.10]
		at reactor.core.publisher.FluxMaterialize$MaterializeSubscriber.onSubscribe(FluxMaterialize.java:103) ~[reactor-core-3.6.10.jar:3.6.10]
		at reactor.core.publisher.FluxJust.subscribe(FluxJust.java:68) ~[reactor-core-3.6.10.jar:3.6.10]
		at reactor.core.publisher.InternalFluxOperator.subscribe(InternalFluxOperator.java:68) ~[reactor-core-3.6.10.jar:3.6.10]
		at reactor.core.publisher.FluxDefer.subscribe(FluxDefer.java:54) ~[reactor-core-3.6.10.jar:3.6.10]
		at reactor.core.publisher.Mono.subscribe(Mono.java:4576) ~[reactor-core-3.6.10.jar:3.6.10]
		at reactor.core.publisher.MonoIgnoreThen$ThenIgnoreMain.subscribeNext(MonoIgnoreThen.java:265) ~[reactor-core-3.6.10.jar:3.6.10]
		at reactor.core.publisher.MonoIgnoreThen.subscribe(MonoIgnoreThen.java:51) ~[reactor-core-3.6.10.jar:3.6.10]
		at reactor.core.publisher.InternalMonoOperator.subscribe(InternalMonoOperator.java:76) ~[reactor-core-3.6.10.jar:3.6.10]
		at reactor.core.publisher.MonoDefer.subscribe(MonoDefer.java:53) ~[reactor-core-3.6.10.jar:3.6.10]
		at reactor.core.publisher.MonoDefer.subscribe(MonoDefer.java:53) ~[reactor-core-3.6.10.jar:3.6.10]
		at reactor.core.publisher.MonoDefer.subscribe(MonoDefer.java:53) ~[reactor-core-3.6.10.jar:3.6.10]
		at reactor.core.publisher.MonoDefer.subscribe(MonoDefer.java:53) ~[reactor-core-3.6.10.jar:3.6.10]
		at reactor.core.publisher.Mono.subscribe(Mono.java:4576) ~[reactor-core-3.6.10.jar:3.6.10]
		at reactor.core.publisher.MonoIgnoreThen$ThenIgnoreMain.subscribeNext(MonoIgnoreThen.java:265) ~[reactor-core-3.6.10.jar:3.6.10]
		at reactor.core.publisher.MonoIgnoreThen.subscribe(MonoIgnoreThen.java:51) ~[reactor-core-3.6.10.jar:3.6.10]
		at reactor.core.publisher.InternalMonoOperator.subscribe(InternalMonoOperator.java:76) ~[reactor-core-3.6.10.jar:3.6.10]
		at reactor.core.publisher.MonoDefer.subscribe(MonoDefer.java:53) ~[reactor-core-3.6.10.jar:3.6.10]
		at reactor.core.publisher.MonoDefer.subscribe(MonoDefer.java:53) ~[reactor-core-3.6.10.jar:3.6.10]
		at reactor.core.publisher.MonoDefer.subscribe(MonoDefer.java:53) ~[reactor-core-3.6.10.jar:3.6.10]
		at reactor.core.publisher.InternalMonoOperator.subscribe(InternalMonoOperator.java:76) ~[reactor-core-3.6.10.jar:3.6.10]
		at reactor.core.publisher.MonoDefer.subscribe(MonoDefer.java:53) ~[reactor-core-3.6.10.jar:3.6.10]
		at reactor.core.publisher.Mono.subscribe(Mono.java:4576) ~[reactor-core-3.6.10.jar:3.6.10]
		at reactor.core.publisher.MonoIgnoreThen$ThenIgnoreMain.subscribeNext(MonoIgnoreThen.java:265) ~[reactor-core-3.6.10.jar:3.6.10]
		at reactor.core.publisher.MonoIgnoreThen.subscribe(MonoIgnoreThen.java:51) ~[reactor-core-3.6.10.jar:3.6.10]
		at reactor.core.publisher.InternalMonoOperator.subscribe(InternalMonoOperator.java:76) ~[reactor-core-3.6.10.jar:3.6.10]
		at reactor.core.publisher.MonoFlatMap$FlatMapMain.onNext(MonoFlatMap.java:165) ~[reactor-core-3.6.10.jar:3.6.10]
		at reactor.core.publisher.FluxOnErrorResume$ResumeSubscriber.onNext(FluxOnErrorResume.java:79) ~[reactor-core-3.6.10.jar:3.6.10]
		at reactor.core.publisher.FluxSwitchIfEmpty$SwitchIfEmptySubscriber.onNext(FluxSwitchIfEmpty.java:74) ~[reactor-core-3.6.10.jar:3.6.10]
		at reactor.core.publisher.MonoNext$NextSubscriber.onNext(MonoNext.java:82) ~[reactor-core-3.6.10.jar:3.6.10]
		at reactor.core.publisher.FluxConcatMapNoPrefetch$FluxConcatMapNoPrefetchSubscriber.innerNext(FluxConcatMapNoPrefetch.java:259) ~[reactor-core-3.6.10.jar:3.6.10]
		at reactor.core.publisher.FluxConcatMap$ConcatMapInner.onNext(FluxConcatMap.java:865) ~[reactor-core-3.6.10.jar:3.6.10]
		at reactor.core.publisher.FluxMap$MapSubscriber.onNext(FluxMap.java:122) ~[reactor-core-3.6.10.jar:3.6.10]
		at reactor.core.publisher.FluxSwitchIfEmpty$SwitchIfEmptySubscriber.onNext(FluxSwitchIfEmpty.java:74) ~[reactor-core-3.6.10.jar:3.6.10]
		at reactor.core.publisher.FluxMap$MapSubscriber.onNext(FluxMap.java:122) ~[reactor-core-3.6.10.jar:3.6.10]
		at reactor.core.publisher.FluxMap$MapSubscriber.onNext(FluxMap.java:122) ~[reactor-core-3.6.10.jar:3.6.10]
		at reactor.core.publisher.MonoNext$NextSubscriber.onNext(MonoNext.java:82) ~[reactor-core-3.6.10.jar:3.6.10]
		at reactor.core.publisher.FluxConcatMapNoPrefetch$FluxConcatMapNoPrefetchSubscriber.innerNext(FluxConcatMapNoPrefetch.java:259) ~[reactor-core-3.6.10.jar:3.6.10]
		at reactor.core.publisher.FluxConcatMap$ConcatMapInner.onNext(FluxConcatMap.java:865) ~[reactor-core-3.6.10.jar:3.6.10]
		at reactor.core.publisher.FluxOnErrorResume$ResumeSubscriber.onNext(FluxOnErrorResume.java:79) ~[reactor-core-3.6.10.jar:3.6.10]
		at reactor.core.publisher.MonoPeekTerminal$MonoTerminalPeekSubscriber.onNext(MonoPeekTerminal.java:180) ~[reactor-core-3.6.10.jar:3.6.10]
		at reactor.core.publisher.MonoFilterWhen$MonoFilterWhenMain.onNext(MonoFilterWhen.java:136) ~[reactor-core-3.6.10.jar:3.6.10]
		at reactor.core.publisher.Operators$ScalarSubscription.request(Operators.java:2571) ~[reactor-core-3.6.10.jar:3.6.10]
		at reactor.core.publisher.MonoFilterWhen$MonoFilterWhenMain.request(MonoFilterWhen.java:183) ~[reactor-core-3.6.10.jar:3.6.10]
		at reactor.core.publisher.MonoPeekTerminal$MonoTerminalPeekSubscriber.request(MonoPeekTerminal.java:139) ~[reactor-core-3.6.10.jar:3.6.10]
		at reactor.core.publisher.Operators$MultiSubscriptionSubscriber.request(Operators.java:2331) ~[reactor-core-3.6.10.jar:3.6.10]
		at reactor.core.publisher.Operators$MultiSubscriptionSubscriber.request(Operators.java:2331) ~[reactor-core-3.6.10.jar:3.6.10]
		at reactor.core.publisher.FluxConcatMapNoPrefetch$FluxConcatMapNoPrefetchSubscriber.request(FluxConcatMapNoPrefetch.java:339) ~[reactor-core-3.6.10.jar:3.6.10]
		at reactor.core.publisher.MonoNext$NextSubscriber.request(MonoNext.java:108) ~[reactor-core-3.6.10.jar:3.6.10]
		at reactor.core.publisher.FluxMap$MapSubscriber.request(FluxMap.java:164) ~[reactor-core-3.6.10.jar:3.6.10]
		at reactor.core.publisher.FluxMap$MapSubscriber.request(FluxMap.java:164) ~[reactor-core-3.6.10.jar:3.6.10]
		at reactor.core.publisher.Operators$MultiSubscriptionSubscriber.request(Operators.java:2331) ~[reactor-core-3.6.10.jar:3.6.10]
		at reactor.core.publisher.FluxMap$MapSubscriber.request(FluxMap.java:164) ~[reactor-core-3.6.10.jar:3.6.10]
		at reactor.core.publisher.Operators$MultiSubscriptionSubscriber.request(Operators.java:2331) ~[reactor-core-3.6.10.jar:3.6.10]
		at reactor.core.publisher.FluxConcatMapNoPrefetch$FluxConcatMapNoPrefetchSubscriber.request(FluxConcatMapNoPrefetch.java:339) ~[reactor-core-3.6.10.jar:3.6.10]
		at reactor.core.publisher.MonoNext$NextSubscriber.request(MonoNext.java:108) ~[reactor-core-3.6.10.jar:3.6.10]
		at reactor.core.publisher.Operators$MultiSubscriptionSubscriber.set(Operators.java:2367) ~[reactor-core-3.6.10.jar:3.6.10]
		at reactor.core.publisher.Operators$MultiSubscriptionSubscriber.onSubscribe(Operators.java:2241) ~[reactor-core-3.6.10.jar:3.6.10]
		at reactor.core.publisher.MonoNext$NextSubscriber.onSubscribe(MonoNext.java:70) ~[reactor-core-3.6.10.jar:3.6.10]
		at reactor.core.publisher.FluxConcatMapNoPrefetch$FluxConcatMapNoPrefetchSubscriber.onSubscribe(FluxConcatMapNoPrefetch.java:164) ~[reactor-core-3.6.10.jar:3.6.10]
		at reactor.core.publisher.FluxIterable.subscribe(FluxIterable.java:201) ~[reactor-core-3.6.10.jar:3.6.10]
		at reactor.core.publisher.FluxIterable.subscribe(FluxIterable.java:83) ~[reactor-core-3.6.10.jar:3.6.10]
		at reactor.core.publisher.InternalMonoOperator.subscribe(InternalMonoOperator.java:76) ~[reactor-core-3.6.10.jar:3.6.10]
		at reactor.core.publisher.MonoDefer.subscribe(MonoDefer.java:53) ~[reactor-core-3.6.10.jar:3.6.10]
		at reactor.core.publisher.InternalMonoOperator.subscribe(InternalMonoOperator.java:76) ~[reactor-core-3.6.10.jar:3.6.10]
		at reactor.core.publisher.MonoDefer.subscribe(MonoDefer.java:53) ~[reactor-core-3.6.10.jar:3.6.10]
		at reactor.core.publisher.Mono.subscribe(Mono.java:4576) ~[reactor-core-3.6.10.jar:3.6.10]
		at reactor.core.publisher.MonoIgnoreThen$ThenIgnoreMain.subscribeNext(MonoIgnoreThen.java:265) ~[reactor-core-3.6.10.jar:3.6.10]
		at reactor.core.publisher.MonoIgnoreThen.subscribe(MonoIgnoreThen.java:51) ~[reactor-core-3.6.10.jar:3.6.10]
		at reactor.core.publisher.Mono.subscribe(Mono.java:4576) ~[reactor-core-3.6.10.jar:3.6.10]
		at org.springframework.http.server.reactive.ServletHttpHandlerAdapter.service(ServletHttpHandlerAdapter.java:199) ~[spring-web-6.1.13.jar:6.1.13]
		at org.apache.catalina.core.ApplicationFilterChain.internalDoFilter(ApplicationFilterChain.java:195) ~[tomcat-embed-core-10.1.30.jar:10.1.30]
		at org.apache.catalina.core.ApplicationFilterChain.doFilter(ApplicationFilterChain.java:140) ~[tomcat-embed-core-10.1.30.jar:10.1.30]
		at org.apache.tomcat.websocket.server.WsFilter.doFilter(WsFilter.java:51) ~[tomcat-embed-websocket-10.1.30.jar:10.1.30]
		at org.apache.catalina.core.ApplicationFilterChain.internalDoFilter(ApplicationFilterChain.java:164) ~[tomcat-embed-core-10.1.30.jar:10.1.30]
		at org.apache.catalina.core.ApplicationFilterChain.doFilter(ApplicationFilterChain.java:140) ~[tomcat-embed-core-10.1.30.jar:10.1.30]
		at org.apache.catalina.core.StandardWrapperValve.invoke(StandardWrapperValve.java:167) ~[tomcat-embed-core-10.1.30.jar:10.1.30]
		at org.apache.catalina.core.StandardContextValve.invoke(StandardContextValve.java:90) ~[tomcat-embed-core-10.1.30.jar:10.1.30]
		at org.apache.catalina.authenticator.AuthenticatorBase.invoke(AuthenticatorBase.java:483) ~[tomcat-embed-core-10.1.30.jar:10.1.30]
		at org.apache.catalina.core.StandardHostValve.invoke(StandardHostValve.java:115) ~[tomcat-embed-core-10.1.30.jar:10.1.30]
		at org.apache.catalina.valves.ErrorReportValve.invoke(ErrorReportValve.java:93) ~[tomcat-embed-core-10.1.30.jar:10.1.30]
		at org.apache.catalina.core.StandardEngineValve.invoke(StandardEngineValve.java:74) ~[tomcat-embed-core-10.1.30.jar:10.1.30]
		at org.apache.catalina.connector.CoyoteAdapter.service(CoyoteAdapter.java:344) ~[tomcat-embed-core-10.1.30.jar:10.1.30]
		at org.apache.coyote.http11.Http11Processor.service(Http11Processor.java:384) ~[tomcat-embed-core-10.1.30.jar:10.1.30]
		at org.apache.coyote.AbstractProcessorLight.process(AbstractProcessorLight.java:63) ~[tomcat-embed-core-10.1.30.jar:10.1.30]
		at org.apache.coyote.AbstractProtocol$ConnectionHandler.process(AbstractProtocol.java:905) ~[tomcat-embed-core-10.1.30.jar:10.1.30]
		at org.apache.tomcat.util.net.NioEndpoint$SocketProcessor.doRun(NioEndpoint.java:1741) ~[tomcat-embed-core-10.1.30.jar:10.1.30]
		at org.apache.tomcat.util.net.SocketProcessorBase.run(SocketProcessorBase.java:52) ~[tomcat-embed-core-10.1.30.jar:10.1.30]
		at org.apache.tomcat.util.threads.ThreadPoolExecutor.runWorker(ThreadPoolExecutor.java:1190) ~[tomcat-embed-core-10.1.30.jar:10.1.30]
		at org.apache.tomcat.util.threads.ThreadPoolExecutor$Worker.run(ThreadPoolExecutor.java:659) ~[tomcat-embed-core-10.1.30.jar:10.1.30]
		at org.apache.tomcat.util.threads.TaskThread$WrappingRunnable.run(TaskThread.java:63) ~[tomcat-embed-core-10.1.30.jar:10.1.30]
		at java.base/java.lang.Thread.run(Thread.java:1575) ~[na:na]

17:06:38:267 ERROR 31660 --- [gateway] [http-nio-8080-exec-5] a.w.r.e.AbstractErrorWebExceptionHandler : [460d36c9]  500 Server Error for HTTP GET "/ws"

java.lang.ClassCastException: class org.apache.catalina.connector.ResponseFacade cannot be cast to class reactor.netty.http.server.HttpServerResponse (org.apache.catalina.connector.ResponseFacade and reactor.netty.http.server.HttpServerResponse are in unnamed module of loader 'app')
	at org.springframework.web.reactive.socket.server.upgrade.ReactorNettyRequestUpgradeStrategy.upgrade(ReactorNettyRequestUpgradeStrategy.java:163) ~[spring-webflux-6.1.13.jar:6.1.13]
	Suppressed: reactor.core.publisher.FluxOnAssembly$OnAssemblyException: 
Error has been observed at the following site(s):
	*__checkpoint ⇢ org.springframework.cloud.gateway.filter.WeightCalculatorWebFilter [DefaultWebFilterChain]
	*__checkpoint ⇢ HTTP GET "/ws" [ExceptionHandlingWebHandler]
Original Stack Trace:
		at org.springframework.web.reactive.socket.server.upgrade.ReactorNettyRequestUpgradeStrategy.upgrade(ReactorNettyRequestUpgradeStrategy.java:163) ~[spring-webflux-6.1.13.jar:6.1.13]
		at org.springframework.web.reactive.socket.server.support.HandshakeWebSocketService.lambda$handleRequest$1(HandshakeWebSocketService.java:221) ~[spring-webflux-6.1.13.jar:6.1.13]
		at reactor.core.publisher.FluxFlatMap.trySubscribeScalarMap(FluxFlatMap.java:153) ~[reactor-core-3.6.10.jar:3.6.10]
		at reactor.core.publisher.MonoFlatMap.subscribeOrReturn(MonoFlatMap.java:53) ~[reactor-core-3.6.10.jar:3.6.10]
		at reactor.core.publisher.InternalMonoOperator.subscribe(InternalMonoOperator.java:63) ~[reactor-core-3.6.10.jar:3.6.10]
		at reactor.core.publisher.MonoDefer.subscribe(MonoDefer.java:53) ~[reactor-core-3.6.10.jar:3.6.10]
		at reactor.core.publisher.MonoDefer.subscribe(MonoDefer.java:53) ~[reactor-core-3.6.10.jar:3.6.10]
		at reactor.core.publisher.MonoIgnoreThen$ThenIgnoreMain.subscribeNext(MonoIgnoreThen.java:241) ~[reactor-core-3.6.10.jar:3.6.10]
		at reactor.core.publisher.MonoIgnoreThen$ThenIgnoreMain.onComplete(MonoIgnoreThen.java:204) ~[reactor-core-3.6.10.jar:3.6.10]
		at reactor.core.publisher.FluxPeek$PeekSubscriber.onComplete(FluxPeek.java:260) ~[reactor-core-3.6.10.jar:3.6.10]
		at reactor.core.publisher.FluxMap$MapSubscriber.onComplete(FluxMap.java:144) ~[reactor-core-3.6.10.jar:3.6.10]
		at reactor.core.publisher.MonoNext$NextSubscriber.onComplete(MonoNext.java:102) ~[reactor-core-3.6.10.jar:3.6.10]
		at reactor.core.publisher.MonoNext$NextSubscriber.onNext(MonoNext.java:83) ~[reactor-core-3.6.10.jar:3.6.10]
		at reactor.core.publisher.FluxDematerialize$DematerializeSubscriber.onNext(FluxDematerialize.java:98) ~[reactor-core-3.6.10.jar:3.6.10]
		at reactor.core.publisher.FluxDematerialize$DematerializeSubscriber.onNext(FluxDematerialize.java:44) ~[reactor-core-3.6.10.jar:3.6.10]
		at reactor.core.publisher.FluxFlattenIterable$FlattenIterableSubscriber.drainAsync(FluxFlattenIterable.java:453) ~[reactor-core-3.6.10.jar:3.6.10]
		at reactor.core.publisher.FluxFlattenIterable$FlattenIterableSubscriber.drain(FluxFlattenIterable.java:724) ~[reactor-core-3.6.10.jar:3.6.10]
		at reactor.core.publisher.FluxFlattenIterable$FlattenIterableSubscriber.onNext(FluxFlattenIterable.java:256) ~[reactor-core-3.6.10.jar:3.6.10]
		at reactor.core.publisher.FluxSwitchIfEmpty$SwitchIfEmptySubscriber.onNext(FluxSwitchIfEmpty.java:74) ~[reactor-core-3.6.10.jar:3.6.10]
		at reactor.core.publisher.Operators$BaseFluxToMonoOperator.completePossiblyEmpty(Operators.java:2097) ~[reactor-core-3.6.10.jar:3.6.10]
		at reactor.core.publisher.MonoCollectList$MonoCollectListSubscriber.onComplete(MonoCollectList.java:118) ~[reactor-core-3.6.10.jar:3.6.10]
		at reactor.core.publisher.DrainUtils.postCompleteDrain(DrainUtils.java:132) ~[reactor-core-3.6.10.jar:3.6.10]
		at reactor.core.publisher.DrainUtils.postComplete(DrainUtils.java:187) ~[reactor-core-3.6.10.jar:3.6.10]
		at reactor.core.publisher.FluxMaterialize$MaterializeSubscriber.onComplete(FluxMaterialize.java:141) ~[reactor-core-3.6.10.jar:3.6.10]
		at reactor.core.publisher.Operators$ScalarSubscription.request(Operators.java:2573) ~[reactor-core-3.6.10.jar:3.6.10]
		at reactor.core.publisher.FluxMaterialize$MaterializeSubscriber.request(FluxMaterialize.java:148) ~[reactor-core-3.6.10.jar:3.6.10]
		at reactor.core.publisher.Operators$BaseFluxToMonoOperator.request(Operators.java:2067) ~[reactor-core-3.6.10.jar:3.6.10]
		at reactor.core.publisher.Operators$MultiSubscriptionSubscriber.set(Operators.java:2367) ~[reactor-core-3.6.10.jar:3.6.10]
		at reactor.core.publisher.Operators$MultiSubscriptionSubscriber.onSubscribe(Operators.java:2241) ~[reactor-core-3.6.10.jar:3.6.10]
		at reactor.core.publisher.Operators$BaseFluxToMonoOperator.onSubscribe(Operators.java:2051) ~[reactor-core-3.6.10.jar:3.6.10]
		at reactor.core.publisher.FluxMaterialize$MaterializeSubscriber.onSubscribe(FluxMaterialize.java:103) ~[reactor-core-3.6.10.jar:3.6.10]
		at reactor.core.publisher.FluxJust.subscribe(FluxJust.java:68) ~[reactor-core-3.6.10.jar:3.6.10]
		at reactor.core.publisher.InternalFluxOperator.subscribe(InternalFluxOperator.java:68) ~[reactor-core-3.6.10.jar:3.6.10]
		at reactor.core.publisher.FluxDefer.subscribe(FluxDefer.java:54) ~[reactor-core-3.6.10.jar:3.6.10]
		at reactor.core.publisher.Mono.subscribe(Mono.java:4576) ~[reactor-core-3.6.10.jar:3.6.10]
		at reactor.core.publisher.MonoIgnoreThen$ThenIgnoreMain.subscribeNext(MonoIgnoreThen.java:265) ~[reactor-core-3.6.10.jar:3.6.10]
		at reactor.core.publisher.MonoIgnoreThen.subscribe(MonoIgnoreThen.java:51) ~[reactor-core-3.6.10.jar:3.6.10]
		at reactor.core.publisher.InternalMonoOperator.subscribe(InternalMonoOperator.java:76) ~[reactor-core-3.6.10.jar:3.6.10]
		at reactor.core.publisher.MonoDefer.subscribe(MonoDefer.java:53) ~[reactor-core-3.6.10.jar:3.6.10]
		at reactor.core.publisher.MonoDefer.subscribe(MonoDefer.java:53) ~[reactor-core-3.6.10.jar:3.6.10]
		at reactor.core.publisher.MonoDefer.subscribe(MonoDefer.java:53) ~[reactor-core-3.6.10.jar:3.6.10]
		at reactor.core.publisher.MonoDefer.subscribe(MonoDefer.java:53) ~[reactor-core-3.6.10.jar:3.6.10]
		at reactor.core.publisher.Mono.subscribe(Mono.java:4576) ~[reactor-core-3.6.10.jar:3.6.10]
		at reactor.core.publisher.MonoIgnoreThen$ThenIgnoreMain.subscribeNext(MonoIgnoreThen.java:265) ~[reactor-core-3.6.10.jar:3.6.10]
		at reactor.core.publisher.MonoIgnoreThen.subscribe(MonoIgnoreThen.java:51) ~[reactor-core-3.6.10.jar:3.6.10]
		at reactor.core.publisher.InternalMonoOperator.subscribe(InternalMonoOperator.java:76) ~[reactor-core-3.6.10.jar:3.6.10]
		at reactor.core.publisher.MonoDefer.subscribe(MonoDefer.java:53) ~[reactor-core-3.6.10.jar:3.6.10]
		at reactor.core.publisher.MonoDefer.subscribe(MonoDefer.java:53) ~[reactor-core-3.6.10.jar:3.6.10]
		at reactor.core.publisher.MonoDefer.subscribe(MonoDefer.java:53) ~[reactor-core-3.6.10.jar:3.6.10]
		at reactor.core.publisher.InternalMonoOperator.subscribe(InternalMonoOperator.java:76) ~[reactor-core-3.6.10.jar:3.6.10]
		at reactor.core.publisher.MonoDefer.subscribe(MonoDefer.java:53) ~[reactor-core-3.6.10.jar:3.6.10]
		at reactor.core.publisher.Mono.subscribe(Mono.java:4576) ~[reactor-core-3.6.10.jar:3.6.10]
		at reactor.core.publisher.MonoIgnoreThen$ThenIgnoreMain.subscribeNext(MonoIgnoreThen.java:265) ~[reactor-core-3.6.10.jar:3.6.10]
		at reactor.core.publisher.MonoIgnoreThen.subscribe(MonoIgnoreThen.java:51) ~[reactor-core-3.6.10.jar:3.6.10]
		at reactor.core.publisher.InternalMonoOperator.subscribe(InternalMonoOperator.java:76) ~[reactor-core-3.6.10.jar:3.6.10]
		at reactor.core.publisher.MonoFlatMap$FlatMapMain.onNext(MonoFlatMap.java:165) ~[reactor-core-3.6.10.jar:3.6.10]
		at reactor.core.publisher.FluxOnErrorResume$ResumeSubscriber.onNext(FluxOnErrorResume.java:79) ~[reactor-core-3.6.10.jar:3.6.10]
		at reactor.core.publisher.FluxSwitchIfEmpty$SwitchIfEmptySubscriber.onNext(FluxSwitchIfEmpty.java:74) ~[reactor-core-3.6.10.jar:3.6.10]
		at reactor.core.publisher.MonoNext$NextSubscriber.onNext(MonoNext.java:82) ~[reactor-core-3.6.10.jar:3.6.10]
		at reactor.core.publisher.FluxConcatMapNoPrefetch$FluxConcatMapNoPrefetchSubscriber.innerNext(FluxConcatMapNoPrefetch.java:259) ~[reactor-core-3.6.10.jar:3.6.10]
		at reactor.core.publisher.FluxConcatMap$ConcatMapInner.onNext(FluxConcatMap.java:865) ~[reactor-core-3.6.10.jar:3.6.10]
		at reactor.core.publisher.FluxMap$MapSubscriber.onNext(FluxMap.java:122) ~[reactor-core-3.6.10.jar:3.6.10]
		at reactor.core.publisher.FluxSwitchIfEmpty$SwitchIfEmptySubscriber.onNext(FluxSwitchIfEmpty.java:74) ~[reactor-core-3.6.10.jar:3.6.10]
		at reactor.core.publisher.FluxMap$MapSubscriber.onNext(FluxMap.java:122) ~[reactor-core-3.6.10.jar:3.6.10]
		at reactor.core.publisher.FluxMap$MapSubscriber.onNext(FluxMap.java:122) ~[reactor-core-3.6.10.jar:3.6.10]
		at reactor.core.publisher.MonoNext$NextSubscriber.onNext(MonoNext.java:82) ~[reactor-core-3.6.10.jar:3.6.10]
		at reactor.core.publisher.FluxConcatMapNoPrefetch$FluxConcatMapNoPrefetchSubscriber.innerNext(FluxConcatMapNoPrefetch.java:259) ~[reactor-core-3.6.10.jar:3.6.10]
		at reactor.core.publisher.FluxConcatMap$ConcatMapInner.onNext(FluxConcatMap.java:865) ~[reactor-core-3.6.10.jar:3.6.10]
		at reactor.core.publisher.FluxOnErrorResume$ResumeSubscriber.onNext(FluxOnErrorResume.java:79) ~[reactor-core-3.6.10.jar:3.6.10]
		at reactor.core.publisher.MonoPeekTerminal$MonoTerminalPeekSubscriber.onNext(MonoPeekTerminal.java:180) ~[reactor-core-3.6.10.jar:3.6.10]
		at reactor.core.publisher.MonoFilterWhen$MonoFilterWhenMain.onNext(MonoFilterWhen.java:136) ~[reactor-core-3.6.10.jar:3.6.10]
		at reactor.core.publisher.Operators$ScalarSubscription.request(Operators.java:2571) ~[reactor-core-3.6.10.jar:3.6.10]
		at reactor.core.publisher.MonoFilterWhen$MonoFilterWhenMain.request(MonoFilterWhen.java:183) ~[reactor-core-3.6.10.jar:3.6.10]
		at reactor.core.publisher.MonoPeekTerminal$MonoTerminalPeekSubscriber.request(MonoPeekTerminal.java:139) ~[reactor-core-3.6.10.jar:3.6.10]
		at reactor.core.publisher.Operators$MultiSubscriptionSubscriber.request(Operators.java:2331) ~[reactor-core-3.6.10.jar:3.6.10]
		at reactor.core.publisher.Operators$MultiSubscriptionSubscriber.request(Operators.java:2331) ~[reactor-core-3.6.10.jar:3.6.10]
		at reactor.core.publisher.FluxConcatMapNoPrefetch$FluxConcatMapNoPrefetchSubscriber.request(FluxConcatMapNoPrefetch.java:339) ~[reactor-core-3.6.10.jar:3.6.10]
		at reactor.core.publisher.MonoNext$NextSubscriber.request(MonoNext.java:108) ~[reactor-core-3.6.10.jar:3.6.10]
		at reactor.core.publisher.FluxMap$MapSubscriber.request(FluxMap.java:164) ~[reactor-core-3.6.10.jar:3.6.10]
		at reactor.core.publisher.FluxMap$MapSubscriber.request(FluxMap.java:164) ~[reactor-core-3.6.10.jar:3.6.10]
		at reactor.core.publisher.Operators$MultiSubscriptionSubscriber.request(Operators.java:2331) ~[reactor-core-3.6.10.jar:3.6.10]
		at reactor.core.publisher.FluxMap$MapSubscriber.request(FluxMap.java:164) ~[reactor-core-3.6.10.jar:3.6.10]
		at reactor.core.publisher.Operators$MultiSubscriptionSubscriber.request(Operators.java:2331) ~[reactor-core-3.6.10.jar:3.6.10]
		at reactor.core.publisher.FluxConcatMapNoPrefetch$FluxConcatMapNoPrefetchSubscriber.request(FluxConcatMapNoPrefetch.java:339) ~[reactor-core-3.6.10.jar:3.6.10]
		at reactor.core.publisher.MonoNext$NextSubscriber.request(MonoNext.java:108) ~[reactor-core-3.6.10.jar:3.6.10]
		at reactor.core.publisher.Operators$MultiSubscriptionSubscriber.set(Operators.java:2367) ~[reactor-core-3.6.10.jar:3.6.10]
		at reactor.core.publisher.Operators$MultiSubscriptionSubscriber.onSubscribe(Operators.java:2241) ~[reactor-core-3.6.10.jar:3.6.10]
		at reactor.core.publisher.MonoNext$NextSubscriber.onSubscribe(MonoNext.java:70) ~[reactor-core-3.6.10.jar:3.6.10]
		at reactor.core.publisher.FluxConcatMapNoPrefetch$FluxConcatMapNoPrefetchSubscriber.onSubscribe(FluxConcatMapNoPrefetch.java:164) ~[reactor-core-3.6.10.jar:3.6.10]
		at reactor.core.publisher.FluxIterable.subscribe(FluxIterable.java:201) ~[reactor-core-3.6.10.jar:3.6.10]
		at reactor.core.publisher.FluxIterable.subscribe(FluxIterable.java:83) ~[reactor-core-3.6.10.jar:3.6.10]
		at reactor.core.publisher.InternalMonoOperator.subscribe(InternalMonoOperator.java:76) ~[reactor-core-3.6.10.jar:3.6.10]
		at reactor.core.publisher.MonoDefer.subscribe(MonoDefer.java:53) ~[reactor-core-3.6.10.jar:3.6.10]
		at reactor.core.publisher.InternalMonoOperator.subscribe(InternalMonoOperator.java:76) ~[reactor-core-3.6.10.jar:3.6.10]
		at reactor.core.publisher.MonoDefer.subscribe(MonoDefer.java:53) ~[reactor-core-3.6.10.jar:3.6.10]
		at reactor.core.publisher.Mono.subscribe(Mono.java:4576) ~[reactor-core-3.6.10.jar:3.6.10]
		at reactor.core.publisher.MonoIgnoreThen$ThenIgnoreMain.subscribeNext(MonoIgnoreThen.java:265) ~[reactor-core-3.6.10.jar:3.6.10]
		at reactor.core.publisher.MonoIgnoreThen.subscribe(MonoIgnoreThen.java:51) ~[reactor-core-3.6.10.jar:3.6.10]
		at reactor.core.publisher.Mono.subscribe(Mono.java:4576) ~[reactor-core-3.6.10.jar:3.6.10]
		at org.springframework.http.server.reactive.ServletHttpHandlerAdapter.service(ServletHttpHandlerAdapter.java:199) ~[spring-web-6.1.13.jar:6.1.13]
		at org.apache.catalina.core.ApplicationFilterChain.internalDoFilter(ApplicationFilterChain.java:195) ~[tomcat-embed-core-10.1.30.jar:10.1.30]
		at org.apache.catalina.core.ApplicationFilterChain.doFilter(ApplicationFilterChain.java:140) ~[tomcat-embed-core-10.1.30.jar:10.1.30]
		at org.apache.tomcat.websocket.server.WsFilter.doFilter(WsFilter.java:51) ~[tomcat-embed-websocket-10.1.30.jar:10.1.30]
		at org.apache.catalina.core.ApplicationFilterChain.internalDoFilter(ApplicationFilterChain.java:164) ~[tomcat-embed-core-10.1.30.jar:10.1.30]
		at org.apache.catalina.core.ApplicationFilterChain.doFilter(ApplicationFilterChain.java:140) ~[tomcat-embed-core-10.1.30.jar:10.1.30]
		at org.apache.catalina.core.StandardWrapperValve.invoke(StandardWrapperValve.java:167) ~[tomcat-embed-core-10.1.30.jar:10.1.30]
		at org.apache.catalina.core.StandardContextValve.invoke(StandardContextValve.java:90) ~[tomcat-embed-core-10.1.30.jar:10.1.30]
		at org.apache.catalina.authenticator.AuthenticatorBase.invoke(AuthenticatorBase.java:483) ~[tomcat-embed-core-10.1.30.jar:10.1.30]
		at org.apache.catalina.core.StandardHostValve.invoke(StandardHostValve.java:115) ~[tomcat-embed-core-10.1.30.jar:10.1.30]
		at org.apache.catalina.valves.ErrorReportValve.invoke(ErrorReportValve.java:93) ~[tomcat-embed-core-10.1.30.jar:10.1.30]
		at org.apache.catalina.core.StandardEngineValve.invoke(StandardEngineValve.java:74) ~[tomcat-embed-core-10.1.30.jar:10.1.30]
		at org.apache.catalina.connector.CoyoteAdapter.service(CoyoteAdapter.java:344) ~[tomcat-embed-core-10.1.30.jar:10.1.30]
		at org.apache.coyote.http11.Http11Processor.service(Http11Processor.java:384) ~[tomcat-embed-core-10.1.30.jar:10.1.30]
		at org.apache.coyote.AbstractProcessorLight.process(AbstractProcessorLight.java:63) ~[tomcat-embed-core-10.1.30.jar:10.1.30]
		at org.apache.coyote.AbstractProtocol$ConnectionHandler.process(AbstractProtocol.java:905) ~[tomcat-embed-core-10.1.30.jar:10.1.30]
		at org.apache.tomcat.util.net.NioEndpoint$SocketProcessor.doRun(NioEndpoint.java:1741) ~[tomcat-embed-core-10.1.30.jar:10.1.30]
		at org.apache.tomcat.util.net.SocketProcessorBase.run(SocketProcessorBase.java:52) ~[tomcat-embed-core-10.1.30.jar:10.1.30]
		at org.apache.tomcat.util.threads.ThreadPoolExecutor.runWorker(ThreadPoolExecutor.java:1190) ~[tomcat-embed-core-10.1.30.jar:10.1.30]
		at org.apache.tomcat.util.threads.ThreadPoolExecutor$Worker.run(ThreadPoolExecutor.java:659) ~[tomcat-embed-core-10.1.30.jar:10.1.30]
		at org.apache.tomcat.util.threads.TaskThread$WrappingRunnable.run(TaskThread.java:63) ~[tomcat-embed-core-10.1.30.jar:10.1.30]
		at java.base/java.lang.Thread.run(Thread.java:1575) ~[na:na]

17:06:39:971 ERROR 31660 --- [gateway] [http-nio-8080-exec-6] a.w.r.e.AbstractErrorWebExceptionHandler : [5ad08f03]  500 Server Error for HTTP GET "/ws"

java.lang.ClassCastException: class org.apache.catalina.connector.ResponseFacade cannot be cast to class reactor.netty.http.server.HttpServerResponse (org.apache.catalina.connector.ResponseFacade and reactor.netty.http.server.HttpServerResponse are in unnamed module of loader 'app')
	at org.springframework.web.reactive.socket.server.upgrade.ReactorNettyRequestUpgradeStrategy.upgrade(ReactorNettyRequestUpgradeStrategy.java:163) ~[spring-webflux-6.1.13.jar:6.1.13]
	Suppressed: reactor.core.publisher.FluxOnAssembly$OnAssemblyException: 
Error has been observed at the following site(s):
	*__checkpoint ⇢ org.springframework.cloud.gateway.filter.WeightCalculatorWebFilter [DefaultWebFilterChain]
	*__checkpoint ⇢ HTTP GET "/ws" [ExceptionHandlingWebHandler]
Original Stack Trace:
		at org.springframework.web.reactive.socket.server.upgrade.ReactorNettyRequestUpgradeStrategy.upgrade(ReactorNettyRequestUpgradeStrategy.java:163) ~[spring-webflux-6.1.13.jar:6.1.13]
		at org.springframework.web.reactive.socket.server.support.HandshakeWebSocketService.lambda$handleRequest$1(HandshakeWebSocketService.java:221) ~[spring-webflux-6.1.13.jar:6.1.13]
		at reactor.core.publisher.FluxFlatMap.trySubscribeScalarMap(FluxFlatMap.java:153) ~[reactor-core-3.6.10.jar:3.6.10]
		at reactor.core.publisher.MonoFlatMap.subscribeOrReturn(MonoFlatMap.java:53) ~[reactor-core-3.6.10.jar:3.6.10]
		at reactor.core.publisher.InternalMonoOperator.subscribe(InternalMonoOperator.java:63) ~[reactor-core-3.6.10.jar:3.6.10]
		at reactor.core.publisher.MonoDefer.subscribe(MonoDefer.java:53) ~[reactor-core-3.6.10.jar:3.6.10]
		at reactor.core.publisher.MonoDefer.subscribe(MonoDefer.java:53) ~[reactor-core-3.6.10.jar:3.6.10]
		at reactor.core.publisher.MonoIgnoreThen$ThenIgnoreMain.subscribeNext(MonoIgnoreThen.java:241) ~[reactor-core-3.6.10.jar:3.6.10]
		at reactor.core.publisher.MonoIgnoreThen$ThenIgnoreMain.onComplete(MonoIgnoreThen.java:204) ~[reactor-core-3.6.10.jar:3.6.10]
		at reactor.core.publisher.FluxPeek$PeekSubscriber.onComplete(FluxPeek.java:260) ~[reactor-core-3.6.10.jar:3.6.10]
		at reactor.core.publisher.FluxMap$MapSubscriber.onComplete(FluxMap.java:144) ~[reactor-core-3.6.10.jar:3.6.10]
		at reactor.core.publisher.MonoNext$NextSubscriber.onComplete(MonoNext.java:102) ~[reactor-core-3.6.10.jar:3.6.10]
		at reactor.core.publisher.MonoNext$NextSubscriber.onNext(MonoNext.java:83) ~[reactor-core-3.6.10.jar:3.6.10]
		at reactor.core.publisher.FluxDematerialize$DematerializeSubscriber.onNext(FluxDematerialize.java:98) ~[reactor-core-3.6.10.jar:3.6.10]
		at reactor.core.publisher.FluxDematerialize$DematerializeSubscriber.onNext(FluxDematerialize.java:44) ~[reactor-core-3.6.10.jar:3.6.10]
		at reactor.core.publisher.FluxFlattenIterable$FlattenIterableSubscriber.drainAsync(FluxFlattenIterable.java:453) ~[reactor-core-3.6.10.jar:3.6.10]
		at reactor.core.publisher.FluxFlattenIterable$FlattenIterableSubscriber.drain(FluxFlattenIterable.java:724) ~[reactor-core-3.6.10.jar:3.6.10]
		at reactor.core.publisher.FluxFlattenIterable$FlattenIterableSubscriber.onNext(FluxFlattenIterable.java:256) ~[reactor-core-3.6.10.jar:3.6.10]
		at reactor.core.publisher.FluxSwitchIfEmpty$SwitchIfEmptySubscriber.onNext(FluxSwitchIfEmpty.java:74) ~[reactor-core-3.6.10.jar:3.6.10]
		at reactor.core.publisher.Operators$BaseFluxToMonoOperator.completePossiblyEmpty(Operators.java:2097) ~[reactor-core-3.6.10.jar:3.6.10]
		at reactor.core.publisher.MonoCollectList$MonoCollectListSubscriber.onComplete(MonoCollectList.java:118) ~[reactor-core-3.6.10.jar:3.6.10]
		at reactor.core.publisher.DrainUtils.postCompleteDrain(DrainUtils.java:132) ~[reactor-core-3.6.10.jar:3.6.10]
		at reactor.core.publisher.DrainUtils.postComplete(DrainUtils.java:187) ~[reactor-core-3.6.10.jar:3.6.10]
		at reactor.core.publisher.FluxMaterialize$MaterializeSubscriber.onComplete(FluxMaterialize.java:141) ~[reactor-core-3.6.10.jar:3.6.10]
		at reactor.core.publisher.Operators$ScalarSubscription.request(Operators.java:2573) ~[reactor-core-3.6.10.jar:3.6.10]
		at reactor.core.publisher.FluxMaterialize$MaterializeSubscriber.request(FluxMaterialize.java:148) ~[reactor-core-3.6.10.jar:3.6.10]
		at reactor.core.publisher.Operators$BaseFluxToMonoOperator.request(Operators.java:2067) ~[reactor-core-3.6.10.jar:3.6.10]
		at reactor.core.publisher.Operators$MultiSubscriptionSubscriber.set(Operators.java:2367) ~[reactor-core-3.6.10.jar:3.6.10]
		at reactor.core.publisher.Operators$MultiSubscriptionSubscriber.onSubscribe(Operators.java:2241) ~[reactor-core-3.6.10.jar:3.6.10]
		at reactor.core.publisher.Operators$BaseFluxToMonoOperator.onSubscribe(Operators.java:2051) ~[reactor-core-3.6.10.jar:3.6.10]
		at reactor.core.publisher.FluxMaterialize$MaterializeSubscriber.onSubscribe(FluxMaterialize.java:103) ~[reactor-core-3.6.10.jar:3.6.10]
		at reactor.core.publisher.FluxJust.subscribe(FluxJust.java:68) ~[reactor-core-3.6.10.jar:3.6.10]
		at reactor.core.publisher.InternalFluxOperator.subscribe(InternalFluxOperator.java:68) ~[reactor-core-3.6.10.jar:3.6.10]
		at reactor.core.publisher.FluxDefer.subscribe(FluxDefer.java:54) ~[reactor-core-3.6.10.jar:3.6.10]
		at reactor.core.publisher.Mono.subscribe(Mono.java:4576) ~[reactor-core-3.6.10.jar:3.6.10]
		at reactor.core.publisher.MonoIgnoreThen$ThenIgnoreMain.subscribeNext(MonoIgnoreThen.java:265) ~[reactor-core-3.6.10.jar:3.6.10]
		at reactor.core.publisher.MonoIgnoreThen.subscribe(MonoIgnoreThen.java:51) ~[reactor-core-3.6.10.jar:3.6.10]
		at reactor.core.publisher.InternalMonoOperator.subscribe(InternalMonoOperator.java:76) ~[reactor-core-3.6.10.jar:3.6.10]
		at reactor.core.publisher.MonoDefer.subscribe(MonoDefer.java:53) ~[reactor-core-3.6.10.jar:3.6.10]
		at reactor.core.publisher.MonoDefer.subscribe(MonoDefer.java:53) ~[reactor-core-3.6.10.jar:3.6.10]
		at reactor.core.publisher.MonoDefer.subscribe(MonoDefer.java:53) ~[reactor-core-3.6.10.jar:3.6.10]
		at reactor.core.publisher.MonoDefer.subscribe(MonoDefer.java:53) ~[reactor-core-3.6.10.jar:3.6.10]
		at reactor.core.publisher.Mono.subscribe(Mono.java:4576) ~[reactor-core-3.6.10.jar:3.6.10]
		at reactor.core.publisher.MonoIgnoreThen$ThenIgnoreMain.subscribeNext(MonoIgnoreThen.java:265) ~[reactor-core-3.6.10.jar:3.6.10]
		at reactor.core.publisher.MonoIgnoreThen.subscribe(MonoIgnoreThen.java:51) ~[reactor-core-3.6.10.jar:3.6.10]
		at reactor.core.publisher.InternalMonoOperator.subscribe(InternalMonoOperator.java:76) ~[reactor-core-3.6.10.jar:3.6.10]
		at reactor.core.publisher.MonoDefer.subscribe(MonoDefer.java:53) ~[reactor-core-3.6.10.jar:3.6.10]
		at reactor.core.publisher.MonoDefer.subscribe(MonoDefer.java:53) ~[reactor-core-3.6.10.jar:3.6.10]
		at reactor.core.publisher.MonoDefer.subscribe(MonoDefer.java:53) ~[reactor-core-3.6.10.jar:3.6.10]
		at reactor.core.publisher.InternalMonoOperator.subscribe(InternalMonoOperator.java:76) ~[reactor-core-3.6.10.jar:3.6.10]
		at reactor.core.publisher.MonoDefer.subscribe(MonoDefer.java:53) ~[reactor-core-3.6.10.jar:3.6.10]
		at reactor.core.publisher.Mono.subscribe(Mono.java:4576) ~[reactor-core-3.6.10.jar:3.6.10]
		at reactor.core.publisher.MonoIgnoreThen$ThenIgnoreMain.subscribeNext(MonoIgnoreThen.java:265) ~[reactor-core-3.6.10.jar:3.6.10]
		at reactor.core.publisher.MonoIgnoreThen.subscribe(MonoIgnoreThen.java:51) ~[reactor-core-3.6.10.jar:3.6.10]
		at reactor.core.publisher.InternalMonoOperator.subscribe(InternalMonoOperator.java:76) ~[reactor-core-3.6.10.jar:3.6.10]
		at reactor.core.publisher.MonoFlatMap$FlatMapMain.onNext(MonoFlatMap.java:165) ~[reactor-core-3.6.10.jar:3.6.10]
		at reactor.core.publisher.FluxOnErrorResume$ResumeSubscriber.onNext(FluxOnErrorResume.java:79) ~[reactor-core-3.6.10.jar:3.6.10]
		at reactor.core.publisher.FluxSwitchIfEmpty$SwitchIfEmptySubscriber.onNext(FluxSwitchIfEmpty.java:74) ~[reactor-core-3.6.10.jar:3.6.10]
		at reactor.core.publisher.MonoNext$NextSubscriber.onNext(MonoNext.java:82) ~[reactor-core-3.6.10.jar:3.6.10]
		at reactor.core.publisher.FluxConcatMapNoPrefetch$FluxConcatMapNoPrefetchSubscriber.innerNext(FluxConcatMapNoPrefetch.java:259) ~[reactor-core-3.6.10.jar:3.6.10]
		at reactor.core.publisher.FluxConcatMap$ConcatMapInner.onNext(FluxConcatMap.java:865) ~[reactor-core-3.6.10.jar:3.6.10]
		at reactor.core.publisher.FluxMap$MapSubscriber.onNext(FluxMap.java:122) ~[reactor-core-3.6.10.jar:3.6.10]
		at reactor.core.publisher.FluxSwitchIfEmpty$SwitchIfEmptySubscriber.onNext(FluxSwitchIfEmpty.java:74) ~[reactor-core-3.6.10.jar:3.6.10]
		at reactor.core.publisher.FluxMap$MapSubscriber.onNext(FluxMap.java:122) ~[reactor-core-3.6.10.jar:3.6.10]
		at reactor.core.publisher.FluxMap$MapSubscriber.onNext(FluxMap.java:122) ~[reactor-core-3.6.10.jar:3.6.10]
		at reactor.core.publisher.MonoNext$NextSubscriber.onNext(MonoNext.java:82) ~[reactor-core-3.6.10.jar:3.6.10]
		at reactor.core.publisher.FluxConcatMapNoPrefetch$FluxConcatMapNoPrefetchSubscriber.innerNext(FluxConcatMapNoPrefetch.java:259) ~[reactor-core-3.6.10.jar:3.6.10]
		at reactor.core.publisher.FluxConcatMap$ConcatMapInner.onNext(FluxConcatMap.java:865) ~[reactor-core-3.6.10.jar:3.6.10]
		at reactor.core.publisher.FluxOnErrorResume$ResumeSubscriber.onNext(FluxOnErrorResume.java:79) ~[reactor-core-3.6.10.jar:3.6.10]
		at reactor.core.publisher.MonoPeekTerminal$MonoTerminalPeekSubscriber.onNext(MonoPeekTerminal.java:180) ~[reactor-core-3.6.10.jar:3.6.10]
		at reactor.core.publisher.MonoFilterWhen$MonoFilterWhenMain.onNext(MonoFilterWhen.java:136) ~[reactor-core-3.6.10.jar:3.6.10]
		at reactor.core.publisher.Operators$ScalarSubscription.request(Operators.java:2571) ~[reactor-core-3.6.10.jar:3.6.10]
		at reactor.core.publisher.MonoFilterWhen$MonoFilterWhenMain.request(MonoFilterWhen.java:183) ~[reactor-core-3.6.10.jar:3.6.10]
		at reactor.core.publisher.MonoPeekTerminal$MonoTerminalPeekSubscriber.request(MonoPeekTerminal.java:139) ~[reactor-core-3.6.10.jar:3.6.10]
		at reactor.core.publisher.Operators$MultiSubscriptionSubscriber.request(Operators.java:2331) ~[reactor-core-3.6.10.jar:3.6.10]
		at reactor.core.publisher.Operators$MultiSubscriptionSubscriber.request(Operators.java:2331) ~[reactor-core-3.6.10.jar:3.6.10]
		at reactor.core.publisher.FluxConcatMapNoPrefetch$FluxConcatMapNoPrefetchSubscriber.request(FluxConcatMapNoPrefetch.java:339) ~[reactor-core-3.6.10.jar:3.6.10]
		at reactor.core.publisher.MonoNext$NextSubscriber.request(MonoNext.java:108) ~[reactor-core-3.6.10.jar:3.6.10]
		at reactor.core.publisher.FluxMap$MapSubscriber.request(FluxMap.java:164) ~[reactor-core-3.6.10.jar:3.6.10]
		at reactor.core.publisher.FluxMap$MapSubscriber.request(FluxMap.java:164) ~[reactor-core-3.6.10.jar:3.6.10]
		at reactor.core.publisher.Operators$MultiSubscriptionSubscriber.request(Operators.java:2331) ~[reactor-core-3.6.10.jar:3.6.10]
		at reactor.core.publisher.FluxMap$MapSubscriber.request(FluxMap.java:164) ~[reactor-core-3.6.10.jar:3.6.10]
		at reactor.core.publisher.Operators$MultiSubscriptionSubscriber.request(Operators.java:2331) ~[reactor-core-3.6.10.jar:3.6.10]
		at reactor.core.publisher.FluxConcatMapNoPrefetch$FluxConcatMapNoPrefetchSubscriber.request(FluxConcatMapNoPrefetch.java:339) ~[reactor-core-3.6.10.jar:3.6.10]
		at reactor.core.publisher.MonoNext$NextSubscriber.request(MonoNext.java:108) ~[reactor-core-3.6.10.jar:3.6.10]
		at reactor.core.publisher.Operators$MultiSubscriptionSubscriber.set(Operators.java:2367) ~[reactor-core-3.6.10.jar:3.6.10]
		at reactor.core.publisher.Operators$MultiSubscriptionSubscriber.onSubscribe(Operators.java:2241) ~[reactor-core-3.6.10.jar:3.6.10]
		at reactor.core.publisher.MonoNext$NextSubscriber.onSubscribe(MonoNext.java:70) ~[reactor-core-3.6.10.jar:3.6.10]
		at reactor.core.publisher.FluxConcatMapNoPrefetch$FluxConcatMapNoPrefetchSubscriber.onSubscribe(FluxConcatMapNoPrefetch.java:164) ~[reactor-core-3.6.10.jar:3.6.10]
		at reactor.core.publisher.FluxIterable.subscribe(FluxIterable.java:201) ~[reactor-core-3.6.10.jar:3.6.10]
		at reactor.core.publisher.FluxIterable.subscribe(FluxIterable.java:83) ~[reactor-core-3.6.10.jar:3.6.10]
		at reactor.core.publisher.InternalMonoOperator.subscribe(InternalMonoOperator.java:76) ~[reactor-core-3.6.10.jar:3.6.10]
		at reactor.core.publisher.MonoDefer.subscribe(MonoDefer.java:53) ~[reactor-core-3.6.10.jar:3.6.10]
		at reactor.core.publisher.InternalMonoOperator.subscribe(InternalMonoOperator.java:76) ~[reactor-core-3.6.10.jar:3.6.10]
		at reactor.core.publisher.MonoDefer.subscribe(MonoDefer.java:53) ~[reactor-core-3.6.10.jar:3.6.10]
		at reactor.core.publisher.Mono.subscribe(Mono.java:4576) ~[reactor-core-3.6.10.jar:3.6.10]
		at reactor.core.publisher.MonoIgnoreThen$ThenIgnoreMain.subscribeNext(MonoIgnoreThen.java:265) ~[reactor-core-3.6.10.jar:3.6.10]
		at reactor.core.publisher.MonoIgnoreThen.subscribe(MonoIgnoreThen.java:51) ~[reactor-core-3.6.10.jar:3.6.10]
		at reactor.core.publisher.Mono.subscribe(Mono.java:4576) ~[reactor-core-3.6.10.jar:3.6.10]
		at org.springframework.http.server.reactive.ServletHttpHandlerAdapter.service(ServletHttpHandlerAdapter.java:199) ~[spring-web-6.1.13.jar:6.1.13]
		at org.apache.catalina.core.ApplicationFilterChain.internalDoFilter(ApplicationFilterChain.java:195) ~[tomcat-embed-core-10.1.30.jar:10.1.30]
		at org.apache.catalina.core.ApplicationFilterChain.doFilter(ApplicationFilterChain.java:140) ~[tomcat-embed-core-10.1.30.jar:10.1.30]
		at org.apache.tomcat.websocket.server.WsFilter.doFilter(WsFilter.java:51) ~[tomcat-embed-websocket-10.1.30.jar:10.1.30]
		at org.apache.catalina.core.ApplicationFilterChain.internalDoFilter(ApplicationFilterChain.java:164) ~[tomcat-embed-core-10.1.30.jar:10.1.30]
		at org.apache.catalina.core.ApplicationFilterChain.doFilter(ApplicationFilterChain.java:140) ~[tomcat-embed-core-10.1.30.jar:10.1.30]
		at org.apache.catalina.core.StandardWrapperValve.invoke(StandardWrapperValve.java:167) ~[tomcat-embed-core-10.1.30.jar:10.1.30]
		at org.apache.catalina.core.StandardContextValve.invoke(StandardContextValve.java:90) ~[tomcat-embed-core-10.1.30.jar:10.1.30]
		at org.apache.catalina.authenticator.AuthenticatorBase.invoke(AuthenticatorBase.java:483) ~[tomcat-embed-core-10.1.30.jar:10.1.30]
		at org.apache.catalina.core.StandardHostValve.invoke(StandardHostValve.java:115) ~[tomcat-embed-core-10.1.30.jar:10.1.30]
		at org.apache.catalina.valves.ErrorReportValve.invoke(ErrorReportValve.java:93) ~[tomcat-embed-core-10.1.30.jar:10.1.30]
		at org.apache.catalina.core.StandardEngineValve.invoke(StandardEngineValve.java:74) ~[tomcat-embed-core-10.1.30.jar:10.1.30]
		at org.apache.catalina.connector.CoyoteAdapter.service(CoyoteAdapter.java:344) ~[tomcat-embed-core-10.1.30.jar:10.1.30]
		at org.apache.coyote.http11.Http11Processor.service(Http11Processor.java:384) ~[tomcat-embed-core-10.1.30.jar:10.1.30]
		at org.apache.coyote.AbstractProcessorLight.process(AbstractProcessorLight.java:63) ~[tomcat-embed-core-10.1.30.jar:10.1.30]
		at org.apache.coyote.AbstractProtocol$ConnectionHandler.process(AbstractProtocol.java:905) ~[tomcat-embed-core-10.1.30.jar:10.1.30]
		at org.apache.tomcat.util.net.NioEndpoint$SocketProcessor.doRun(NioEndpoint.java:1741) ~[tomcat-embed-core-10.1.30.jar:10.1.30]
		at org.apache.tomcat.util.net.SocketProcessorBase.run(SocketProcessorBase.java:52) ~[tomcat-embed-core-10.1.30.jar:10.1.30]
		at org.apache.tomcat.util.threads.ThreadPoolExecutor.runWorker(ThreadPoolExecutor.java:1190) ~[tomcat-embed-core-10.1.30.jar:10.1.30]
		at org.apache.tomcat.util.threads.ThreadPoolExecutor$Worker.run(ThreadPoolExecutor.java:659) ~[tomcat-embed-core-10.1.30.jar:10.1.30]
		at org.apache.tomcat.util.threads.TaskThread$WrappingRunnable.run(TaskThread.java:63) ~[tomcat-embed-core-10.1.30.jar:10.1.30]
		at java.base/java.lang.Thread.run(Thread.java:1575) ~[na:na]

17:06:40:156 ERROR 31660 --- [gateway] [http-nio-8080-exec-3] a.w.r.e.AbstractErrorWebExceptionHandler : [74182246]  500 Server Error for HTTP GET "/ws"

java.lang.ClassCastException: class org.apache.catalina.connector.ResponseFacade cannot be cast to class reactor.netty.http.server.HttpServerResponse (org.apache.catalina.connector.ResponseFacade and reactor.netty.http.server.HttpServerResponse are in unnamed module of loader 'app')
	at org.springframework.web.reactive.socket.server.upgrade.ReactorNettyRequestUpgradeStrategy.upgrade(ReactorNettyRequestUpgradeStrategy.java:163) ~[spring-webflux-6.1.13.jar:6.1.13]
	Suppressed: reactor.core.publisher.FluxOnAssembly$OnAssemblyException: 
Error has been observed at the following site(s):
	*__checkpoint ⇢ org.springframework.cloud.gateway.filter.WeightCalculatorWebFilter [DefaultWebFilterChain]
	*__checkpoint ⇢ HTTP GET "/ws" [ExceptionHandlingWebHandler]
Original Stack Trace:
		at org.springframework.web.reactive.socket.server.upgrade.ReactorNettyRequestUpgradeStrategy.upgrade(ReactorNettyRequestUpgradeStrategy.java:163) ~[spring-webflux-6.1.13.jar:6.1.13]
		at org.springframework.web.reactive.socket.server.support.HandshakeWebSocketService.lambda$handleRequest$1(HandshakeWebSocketService.java:221) ~[spring-webflux-6.1.13.jar:6.1.13]
		at reactor.core.publisher.FluxFlatMap.trySubscribeScalarMap(FluxFlatMap.java:153) ~[reactor-core-3.6.10.jar:3.6.10]
		at reactor.core.publisher.MonoFlatMap.subscribeOrReturn(MonoFlatMap.java:53) ~[reactor-core-3.6.10.jar:3.6.10]
		at reactor.core.publisher.InternalMonoOperator.subscribe(InternalMonoOperator.java:63) ~[reactor-core-3.6.10.jar:3.6.10]
		at reactor.core.publisher.MonoDefer.subscribe(MonoDefer.java:53) ~[reactor-core-3.6.10.jar:3.6.10]
		at reactor.core.publisher.MonoDefer.subscribe(MonoDefer.java:53) ~[reactor-core-3.6.10.jar:3.6.10]
		at reactor.core.publisher.MonoIgnoreThen$ThenIgnoreMain.subscribeNext(MonoIgnoreThen.java:241) ~[reactor-core-3.6.10.jar:3.6.10]
		at reactor.core.publisher.MonoIgnoreThen$ThenIgnoreMain.onComplete(MonoIgnoreThen.java:204) ~[reactor-core-3.6.10.jar:3.6.10]
		at reactor.core.publisher.FluxPeek$PeekSubscriber.onComplete(FluxPeek.java:260) ~[reactor-core-3.6.10.jar:3.6.10]
		at reactor.core.publisher.FluxMap$MapSubscriber.onComplete(FluxMap.java:144) ~[reactor-core-3.6.10.jar:3.6.10]
		at reactor.core.publisher.MonoNext$NextSubscriber.onComplete(MonoNext.java:102) ~[reactor-core-3.6.10.jar:3.6.10]
		at reactor.core.publisher.MonoNext$NextSubscriber.onNext(MonoNext.java:83) ~[reactor-core-3.6.10.jar:3.6.10]
		at reactor.core.publisher.FluxDematerialize$DematerializeSubscriber.onNext(FluxDematerialize.java:98) ~[reactor-core-3.6.10.jar:3.6.10]
		at reactor.core.publisher.FluxDematerialize$DematerializeSubscriber.onNext(FluxDematerialize.java:44) ~[reactor-core-3.6.10.jar:3.6.10]
		at reactor.core.publisher.FluxFlattenIterable$FlattenIterableSubscriber.drainAsync(FluxFlattenIterable.java:453) ~[reactor-core-3.6.10.jar:3.6.10]
		at reactor.core.publisher.FluxFlattenIterable$FlattenIterableSubscriber.drain(FluxFlattenIterable.java:724) ~[reactor-core-3.6.10.jar:3.6.10]
		at reactor.core.publisher.FluxFlattenIterable$FlattenIterableSubscriber.onNext(FluxFlattenIterable.java:256) ~[reactor-core-3.6.10.jar:3.6.10]
		at reactor.core.publisher.FluxSwitchIfEmpty$SwitchIfEmptySubscriber.onNext(FluxSwitchIfEmpty.java:74) ~[reactor-core-3.6.10.jar:3.6.10]
		at reactor.core.publisher.Operators$BaseFluxToMonoOperator.completePossiblyEmpty(Operators.java:2097) ~[reactor-core-3.6.10.jar:3.6.10]
		at reactor.core.publisher.MonoCollectList$MonoCollectListSubscriber.onComplete(MonoCollectList.java:118) ~[reactor-core-3.6.10.jar:3.6.10]
		at reactor.core.publisher.DrainUtils.postCompleteDrain(DrainUtils.java:132) ~[reactor-core-3.6.10.jar:3.6.10]
		at reactor.core.publisher.DrainUtils.postComplete(DrainUtils.java:187) ~[reactor-core-3.6.10.jar:3.6.10]
		at reactor.core.publisher.FluxMaterialize$MaterializeSubscriber.onComplete(FluxMaterialize.java:141) ~[reactor-core-3.6.10.jar:3.6.10]
		at reactor.core.publisher.Operators$ScalarSubscription.request(Operators.java:2573) ~[reactor-core-3.6.10.jar:3.6.10]
		at reactor.core.publisher.FluxMaterialize$MaterializeSubscriber.request(FluxMaterialize.java:148) ~[reactor-core-3.6.10.jar:3.6.10]
		at reactor.core.publisher.Operators$BaseFluxToMonoOperator.request(Operators.java:2067) ~[reactor-core-3.6.10.jar:3.6.10]
		at reactor.core.publisher.Operators$MultiSubscriptionSubscriber.set(Operators.java:2367) ~[reactor-core-3.6.10.jar:3.6.10]
		at reactor.core.publisher.Operators$MultiSubscriptionSubscriber.onSubscribe(Operators.java:2241) ~[reactor-core-3.6.10.jar:3.6.10]
		at reactor.core.publisher.Operators$BaseFluxToMonoOperator.onSubscribe(Operators.java:2051) ~[reactor-core-3.6.10.jar:3.6.10]
		at reactor.core.publisher.FluxMaterialize$MaterializeSubscriber.onSubscribe(FluxMaterialize.java:103) ~[reactor-core-3.6.10.jar:3.6.10]
		at reactor.core.publisher.FluxJust.subscribe(FluxJust.java:68) ~[reactor-core-3.6.10.jar:3.6.10]
		at reactor.core.publisher.InternalFluxOperator.subscribe(InternalFluxOperator.java:68) ~[reactor-core-3.6.10.jar:3.6.10]
		at reactor.core.publisher.FluxDefer.subscribe(FluxDefer.java:54) ~[reactor-core-3.6.10.jar:3.6.10]
		at reactor.core.publisher.Mono.subscribe(Mono.java:4576) ~[reactor-core-3.6.10.jar:3.6.10]
		at reactor.core.publisher.MonoIgnoreThen$ThenIgnoreMain.subscribeNext(MonoIgnoreThen.java:265) ~[reactor-core-3.6.10.jar:3.6.10]
		at reactor.core.publisher.MonoIgnoreThen.subscribe(MonoIgnoreThen.java:51) ~[reactor-core-3.6.10.jar:3.6.10]
		at reactor.core.publisher.InternalMonoOperator.subscribe(InternalMonoOperator.java:76) ~[reactor-core-3.6.10.jar:3.6.10]
		at reactor.core.publisher.MonoDefer.subscribe(MonoDefer.java:53) ~[reactor-core-3.6.10.jar:3.6.10]
		at reactor.core.publisher.MonoDefer.subscribe(MonoDefer.java:53) ~[reactor-core-3.6.10.jar:3.6.10]
		at reactor.core.publisher.MonoDefer.subscribe(MonoDefer.java:53) ~[reactor-core-3.6.10.jar:3.6.10]
		at reactor.core.publisher.MonoDefer.subscribe(MonoDefer.java:53) ~[reactor-core-3.6.10.jar:3.6.10]
		at reactor.core.publisher.Mono.subscribe(Mono.java:4576) ~[reactor-core-3.6.10.jar:3.6.10]
		at reactor.core.publisher.MonoIgnoreThen$ThenIgnoreMain.subscribeNext(MonoIgnoreThen.java:265) ~[reactor-core-3.6.10.jar:3.6.10]
		at reactor.core.publisher.MonoIgnoreThen.subscribe(MonoIgnoreThen.java:51) ~[reactor-core-3.6.10.jar:3.6.10]
		at reactor.core.publisher.InternalMonoOperator.subscribe(InternalMonoOperator.java:76) ~[reactor-core-3.6.10.jar:3.6.10]
		at reactor.core.publisher.MonoDefer.subscribe(MonoDefer.java:53) ~[reactor-core-3.6.10.jar:3.6.10]
		at reactor.core.publisher.MonoDefer.subscribe(MonoDefer.java:53) ~[reactor-core-3.6.10.jar:3.6.10]
		at reactor.core.publisher.MonoDefer.subscribe(MonoDefer.java:53) ~[reactor-core-3.6.10.jar:3.6.10]
		at reactor.core.publisher.InternalMonoOperator.subscribe(InternalMonoOperator.java:76) ~[reactor-core-3.6.10.jar:3.6.10]
		at reactor.core.publisher.MonoDefer.subscribe(MonoDefer.java:53) ~[reactor-core-3.6.10.jar:3.6.10]
		at reactor.core.publisher.Mono.subscribe(Mono.java:4576) ~[reactor-core-3.6.10.jar:3.6.10]
		at reactor.core.publisher.MonoIgnoreThen$ThenIgnoreMain.subscribeNext(MonoIgnoreThen.java:265) ~[reactor-core-3.6.10.jar:3.6.10]
		at reactor.core.publisher.MonoIgnoreThen.subscribe(MonoIgnoreThen.java:51) ~[reactor-core-3.6.10.jar:3.6.10]
		at reactor.core.publisher.InternalMonoOperator.subscribe(InternalMonoOperator.java:76) ~[reactor-core-3.6.10.jar:3.6.10]
		at reactor.core.publisher.MonoFlatMap$FlatMapMain.onNext(MonoFlatMap.java:165) ~[reactor-core-3.6.10.jar:3.6.10]
		at reactor.core.publisher.FluxOnErrorResume$ResumeSubscriber.onNext(FluxOnErrorResume.java:79) ~[reactor-core-3.6.10.jar:3.6.10]
		at reactor.core.publisher.FluxSwitchIfEmpty$SwitchIfEmptySubscriber.onNext(FluxSwitchIfEmpty.java:74) ~[reactor-core-3.6.10.jar:3.6.10]
		at reactor.core.publisher.MonoNext$NextSubscriber.onNext(MonoNext.java:82) ~[reactor-core-3.6.10.jar:3.6.10]
		at reactor.core.publisher.FluxConcatMapNoPrefetch$FluxConcatMapNoPrefetchSubscriber.innerNext(FluxConcatMapNoPrefetch.java:259) ~[reactor-core-3.6.10.jar:3.6.10]
		at reactor.core.publisher.FluxConcatMap$ConcatMapInner.onNext(FluxConcatMap.java:865) ~[reactor-core-3.6.10.jar:3.6.10]
		at reactor.core.publisher.FluxMap$MapSubscriber.onNext(FluxMap.java:122) ~[reactor-core-3.6.10.jar:3.6.10]
		at reactor.core.publisher.FluxSwitchIfEmpty$SwitchIfEmptySubscriber.onNext(FluxSwitchIfEmpty.java:74) ~[reactor-core-3.6.10.jar:3.6.10]
		at reactor.core.publisher.FluxMap$MapSubscriber.onNext(FluxMap.java:122) ~[reactor-core-3.6.10.jar:3.6.10]
		at reactor.core.publisher.FluxMap$MapSubscriber.onNext(FluxMap.java:122) ~[reactor-core-3.6.10.jar:3.6.10]
		at reactor.core.publisher.MonoNext$NextSubscriber.onNext(MonoNext.java:82) ~[reactor-core-3.6.10.jar:3.6.10]
		at reactor.core.publisher.FluxConcatMapNoPrefetch$FluxConcatMapNoPrefetchSubscriber.innerNext(FluxConcatMapNoPrefetch.java:259) ~[reactor-core-3.6.10.jar:3.6.10]
		at reactor.core.publisher.FluxConcatMap$ConcatMapInner.onNext(FluxConcatMap.java:865) ~[reactor-core-3.6.10.jar:3.6.10]
		at reactor.core.publisher.FluxOnErrorResume$ResumeSubscriber.onNext(FluxOnErrorResume.java:79) ~[reactor-core-3.6.10.jar:3.6.10]
		at reactor.core.publisher.MonoPeekTerminal$MonoTerminalPeekSubscriber.onNext(MonoPeekTerminal.java:180) ~[reactor-core-3.6.10.jar:3.6.10]
		at reactor.core.publisher.MonoFilterWhen$MonoFilterWhenMain.onNext(MonoFilterWhen.java:136) ~[reactor-core-3.6.10.jar:3.6.10]
		at reactor.core.publisher.Operators$ScalarSubscription.request(Operators.java:2571) ~[reactor-core-3.6.10.jar:3.6.10]
		at reactor.core.publisher.MonoFilterWhen$MonoFilterWhenMain.request(MonoFilterWhen.java:183) ~[reactor-core-3.6.10.jar:3.6.10]
		at reactor.core.publisher.MonoPeekTerminal$MonoTerminalPeekSubscriber.request(MonoPeekTerminal.java:139) ~[reactor-core-3.6.10.jar:3.6.10]
		at reactor.core.publisher.Operators$MultiSubscriptionSubscriber.request(Operators.java:2331) ~[reactor-core-3.6.10.jar:3.6.10]
		at reactor.core.publisher.Operators$MultiSubscriptionSubscriber.request(Operators.java:2331) ~[reactor-core-3.6.10.jar:3.6.10]
		at reactor.core.publisher.FluxConcatMapNoPrefetch$FluxConcatMapNoPrefetchSubscriber.request(FluxConcatMapNoPrefetch.java:339) ~[reactor-core-3.6.10.jar:3.6.10]
		at reactor.core.publisher.MonoNext$NextSubscriber.request(MonoNext.java:108) ~[reactor-core-3.6.10.jar:3.6.10]
		at reactor.core.publisher.FluxMap$MapSubscriber.request(FluxMap.java:164) ~[reactor-core-3.6.10.jar:3.6.10]
		at reactor.core.publisher.FluxMap$MapSubscriber.request(FluxMap.java:164) ~[reactor-core-3.6.10.jar:3.6.10]
		at reactor.core.publisher.Operators$MultiSubscriptionSubscriber.request(Operators.java:2331) ~[reactor-core-3.6.10.jar:3.6.10]
		at reactor.core.publisher.FluxMap$MapSubscriber.request(FluxMap.java:164) ~[reactor-core-3.6.10.jar:3.6.10]
		at reactor.core.publisher.Operators$MultiSubscriptionSubscriber.request(Operators.java:2331) ~[reactor-core-3.6.10.jar:3.6.10]
		at reactor.core.publisher.FluxConcatMapNoPrefetch$FluxConcatMapNoPrefetchSubscriber.request(FluxConcatMapNoPrefetch.java:339) ~[reactor-core-3.6.10.jar:3.6.10]
		at reactor.core.publisher.MonoNext$NextSubscriber.request(MonoNext.java:108) ~[reactor-core-3.6.10.jar:3.6.10]
		at reactor.core.publisher.Operators$MultiSubscriptionSubscriber.set(Operators.java:2367) ~[reactor-core-3.6.10.jar:3.6.10]
		at reactor.core.publisher.Operators$MultiSubscriptionSubscriber.onSubscribe(Operators.java:2241) ~[reactor-core-3.6.10.jar:3.6.10]
		at reactor.core.publisher.MonoNext$NextSubscriber.onSubscribe(MonoNext.java:70) ~[reactor-core-3.6.10.jar:3.6.10]
		at reactor.core.publisher.FluxConcatMapNoPrefetch$FluxConcatMapNoPrefetchSubscriber.onSubscribe(FluxConcatMapNoPrefetch.java:164) ~[reactor-core-3.6.10.jar:3.6.10]
		at reactor.core.publisher.FluxIterable.subscribe(FluxIterable.java:201) ~[reactor-core-3.6.10.jar:3.6.10]
		at reactor.core.publisher.FluxIterable.subscribe(FluxIterable.java:83) ~[reactor-core-3.6.10.jar:3.6.10]
		at reactor.core.publisher.InternalMonoOperator.subscribe(InternalMonoOperator.java:76) ~[reactor-core-3.6.10.jar:3.6.10]
		at reactor.core.publisher.MonoDefer.subscribe(MonoDefer.java:53) ~[reactor-core-3.6.10.jar:3.6.10]
		at reactor.core.publisher.InternalMonoOperator.subscribe(InternalMonoOperator.java:76) ~[reactor-core-3.6.10.jar:3.6.10]
		at reactor.core.publisher.MonoDefer.subscribe(MonoDefer.java:53) ~[reactor-core-3.6.10.jar:3.6.10]
		at reactor.core.publisher.Mono.subscribe(Mono.java:4576) ~[reactor-core-3.6.10.jar:3.6.10]
		at reactor.core.publisher.MonoIgnoreThen$ThenIgnoreMain.subscribeNext(MonoIgnoreThen.java:265) ~[reactor-core-3.6.10.jar:3.6.10]
		at reactor.core.publisher.MonoIgnoreThen.subscribe(MonoIgnoreThen.java:51) ~[reactor-core-3.6.10.jar:3.6.10]
		at reactor.core.publisher.Mono.subscribe(Mono.java:4576) ~[reactor-core-3.6.10.jar:3.6.10]
		at org.springframework.http.server.reactive.ServletHttpHandlerAdapter.service(ServletHttpHandlerAdapter.java:199) ~[spring-web-6.1.13.jar:6.1.13]
		at org.apache.catalina.core.ApplicationFilterChain.internalDoFilter(ApplicationFilterChain.java:195) ~[tomcat-embed-core-10.1.30.jar:10.1.30]
		at org.apache.catalina.core.ApplicationFilterChain.doFilter(ApplicationFilterChain.java:140) ~[tomcat-embed-core-10.1.30.jar:10.1.30]
		at org.apache.tomcat.websocket.server.WsFilter.doFilter(WsFilter.java:51) ~[tomcat-embed-websocket-10.1.30.jar:10.1.30]
		at org.apache.catalina.core.ApplicationFilterChain.internalDoFilter(ApplicationFilterChain.java:164) ~[tomcat-embed-core-10.1.30.jar:10.1.30]
		at org.apache.catalina.core.ApplicationFilterChain.doFilter(ApplicationFilterChain.java:140) ~[tomcat-embed-core-10.1.30.jar:10.1.30]
		at org.apache.catalina.core.StandardWrapperValve.invoke(StandardWrapperValve.java:167) ~[tomcat-embed-core-10.1.30.jar:10.1.30]
		at org.apache.catalina.core.StandardContextValve.invoke(StandardContextValve.java:90) ~[tomcat-embed-core-10.1.30.jar:10.1.30]
		at org.apache.catalina.authenticator.AuthenticatorBase.invoke(AuthenticatorBase.java:483) ~[tomcat-embed-core-10.1.30.jar:10.1.30]
		at org.apache.catalina.core.StandardHostValve.invoke(StandardHostValve.java:115) ~[tomcat-embed-core-10.1.30.jar:10.1.30]
		at org.apache.catalina.valves.ErrorReportValve.invoke(ErrorReportValve.java:93) ~[tomcat-embed-core-10.1.30.jar:10.1.30]
		at org.apache.catalina.core.StandardEngineValve.invoke(StandardEngineValve.java:74) ~[tomcat-embed-core-10.1.30.jar:10.1.30]
		at org.apache.catalina.connector.CoyoteAdapter.service(CoyoteAdapter.java:344) ~[tomcat-embed-core-10.1.30.jar:10.1.30]
		at org.apache.coyote.http11.Http11Processor.service(Http11Processor.java:384) ~[tomcat-embed-core-10.1.30.jar:10.1.30]
		at org.apache.coyote.AbstractProcessorLight.process(AbstractProcessorLight.java:63) ~[tomcat-embed-core-10.1.30.jar:10.1.30]
		at org.apache.coyote.AbstractProtocol$ConnectionHandler.process(AbstractProtocol.java:905) ~[tomcat-embed-core-10.1.30.jar:10.1.30]
		at org.apache.tomcat.util.net.NioEndpoint$SocketProcessor.doRun(NioEndpoint.java:1741) ~[tomcat-embed-core-10.1.30.jar:10.1.30]
		at org.apache.tomcat.util.net.SocketProcessorBase.run(SocketProcessorBase.java:52) ~[tomcat-embed-core-10.1.30.jar:10.1.30]
		at org.apache.tomcat.util.threads.ThreadPoolExecutor.runWorker(ThreadPoolExecutor.java:1190) ~[tomcat-embed-core-10.1.30.jar:10.1.30]
		at org.apache.tomcat.util.threads.ThreadPoolExecutor$Worker.run(ThreadPoolExecutor.java:659) ~[tomcat-embed-core-10.1.30.jar:10.1.30]
		at org.apache.tomcat.util.threads.TaskThread$WrappingRunnable.run(TaskThread.java:63) ~[tomcat-embed-core-10.1.30.jar:10.1.30]
		at java.base/java.lang.Thread.run(Thread.java:1575) ~[na:na]

17:06:41:194 ERROR 31660 --- [gateway] [http-nio-8080-exec-8] a.w.r.e.AbstractErrorWebExceptionHandler : [780cec16]  500 Server Error for HTTP GET "/ws"

java.lang.ClassCastException: class org.apache.catalina.connector.ResponseFacade cannot be cast to class reactor.netty.http.server.HttpServerResponse (org.apache.catalina.connector.ResponseFacade and reactor.netty.http.server.HttpServerResponse are in unnamed module of loader 'app')
	at org.springframework.web.reactive.socket.server.upgrade.ReactorNettyRequestUpgradeStrategy.upgrade(ReactorNettyRequestUpgradeStrategy.java:163) ~[spring-webflux-6.1.13.jar:6.1.13]
	Suppressed: reactor.core.publisher.FluxOnAssembly$OnAssemblyException: 
Error has been observed at the following site(s):
	*__checkpoint ⇢ org.springframework.cloud.gateway.filter.WeightCalculatorWebFilter [DefaultWebFilterChain]
	*__checkpoint ⇢ HTTP GET "/ws" [ExceptionHandlingWebHandler]
Original Stack Trace:
		at org.springframework.web.reactive.socket.server.upgrade.ReactorNettyRequestUpgradeStrategy.upgrade(ReactorNettyRequestUpgradeStrategy.java:163) ~[spring-webflux-6.1.13.jar:6.1.13]
		at org.springframework.web.reactive.socket.server.support.HandshakeWebSocketService.lambda$handleRequest$1(HandshakeWebSocketService.java:221) ~[spring-webflux-6.1.13.jar:6.1.13]
		at reactor.core.publisher.FluxFlatMap.trySubscribeScalarMap(FluxFlatMap.java:153) ~[reactor-core-3.6.10.jar:3.6.10]
		at reactor.core.publisher.MonoFlatMap.subscribeOrReturn(MonoFlatMap.java:53) ~[reactor-core-3.6.10.jar:3.6.10]
		at reactor.core.publisher.InternalMonoOperator.subscribe(InternalMonoOperator.java:63) ~[reactor-core-3.6.10.jar:3.6.10]
		at reactor.core.publisher.MonoDefer.subscribe(MonoDefer.java:53) ~[reactor-core-3.6.10.jar:3.6.10]
		at reactor.core.publisher.MonoDefer.subscribe(MonoDefer.java:53) ~[reactor-core-3.6.10.jar:3.6.10]
		at reactor.core.publisher.MonoIgnoreThen$ThenIgnoreMain.subscribeNext(MonoIgnoreThen.java:241) ~[reactor-core-3.6.10.jar:3.6.10]
		at reactor.core.publisher.MonoIgnoreThen$ThenIgnoreMain.onComplete(MonoIgnoreThen.java:204) ~[reactor-core-3.6.10.jar:3.6.10]
		at reactor.core.publisher.FluxPeek$PeekSubscriber.onComplete(FluxPeek.java:260) ~[reactor-core-3.6.10.jar:3.6.10]
		at reactor.core.publisher.FluxMap$MapSubscriber.onComplete(FluxMap.java:144) ~[reactor-core-3.6.10.jar:3.6.10]
		at reactor.core.publisher.MonoNext$NextSubscriber.onComplete(MonoNext.java:102) ~[reactor-core-3.6.10.jar:3.6.10]
		at reactor.core.publisher.MonoNext$NextSubscriber.onNext(MonoNext.java:83) ~[reactor-core-3.6.10.jar:3.6.10]
		at reactor.core.publisher.FluxDematerialize$DematerializeSubscriber.onNext(FluxDematerialize.java:98) ~[reactor-core-3.6.10.jar:3.6.10]
		at reactor.core.publisher.FluxDematerialize$DematerializeSubscriber.onNext(FluxDematerialize.java:44) ~[reactor-core-3.6.10.jar:3.6.10]
		at reactor.core.publisher.FluxFlattenIterable$FlattenIterableSubscriber.drainAsync(FluxFlattenIterable.java:453) ~[reactor-core-3.6.10.jar:3.6.10]
		at reactor.core.publisher.FluxFlattenIterable$FlattenIterableSubscriber.drain(FluxFlattenIterable.java:724) ~[reactor-core-3.6.10.jar:3.6.10]
		at reactor.core.publisher.FluxFlattenIterable$FlattenIterableSubscriber.onNext(FluxFlattenIterable.java:256) ~[reactor-core-3.6.10.jar:3.6.10]
		at reactor.core.publisher.FluxSwitchIfEmpty$SwitchIfEmptySubscriber.onNext(FluxSwitchIfEmpty.java:74) ~[reactor-core-3.6.10.jar:3.6.10]
		at reactor.core.publisher.Operators$BaseFluxToMonoOperator.completePossiblyEmpty(Operators.java:2097) ~[reactor-core-3.6.10.jar:3.6.10]
		at reactor.core.publisher.MonoCollectList$MonoCollectListSubscriber.onComplete(MonoCollectList.java:118) ~[reactor-core-3.6.10.jar:3.6.10]
		at reactor.core.publisher.DrainUtils.postCompleteDrain(DrainUtils.java:132) ~[reactor-core-3.6.10.jar:3.6.10]
		at reactor.core.publisher.DrainUtils.postComplete(DrainUtils.java:187) ~[reactor-core-3.6.10.jar:3.6.10]
		at reactor.core.publisher.FluxMaterialize$MaterializeSubscriber.onComplete(FluxMaterialize.java:141) ~[reactor-core-3.6.10.jar:3.6.10]
		at reactor.core.publisher.Operators$ScalarSubscription.request(Operators.java:2573) ~[reactor-core-3.6.10.jar:3.6.10]
		at reactor.core.publisher.FluxMaterialize$MaterializeSubscriber.request(FluxMaterialize.java:148) ~[reactor-core-3.6.10.jar:3.6.10]
		at reactor.core.publisher.Operators$BaseFluxToMonoOperator.request(Operators.java:2067) ~[reactor-core-3.6.10.jar:3.6.10]
		at reactor.core.publisher.Operators$MultiSubscriptionSubscriber.set(Operators.java:2367) ~[reactor-core-3.6.10.jar:3.6.10]
		at reactor.core.publisher.Operators$MultiSubscriptionSubscriber.onSubscribe(Operators.java:2241) ~[reactor-core-3.6.10.jar:3.6.10]
		at reactor.core.publisher.Operators$BaseFluxToMonoOperator.onSubscribe(Operators.java:2051) ~[reactor-core-3.6.10.jar:3.6.10]
		at reactor.core.publisher.FluxMaterialize$MaterializeSubscriber.onSubscribe(FluxMaterialize.java:103) ~[reactor-core-3.6.10.jar:3.6.10]
		at reactor.core.publisher.FluxJust.subscribe(FluxJust.java:68) ~[reactor-core-3.6.10.jar:3.6.10]
		at reactor.core.publisher.InternalFluxOperator.subscribe(InternalFluxOperator.java:68) ~[reactor-core-3.6.10.jar:3.6.10]
		at reactor.core.publisher.FluxDefer.subscribe(FluxDefer.java:54) ~[reactor-core-3.6.10.jar:3.6.10]
		at reactor.core.publisher.Mono.subscribe(Mono.java:4576) ~[reactor-core-3.6.10.jar:3.6.10]
		at reactor.core.publisher.MonoIgnoreThen$ThenIgnoreMain.subscribeNext(MonoIgnoreThen.java:265) ~[reactor-core-3.6.10.jar:3.6.10]
		at reactor.core.publisher.MonoIgnoreThen.subscribe(MonoIgnoreThen.java:51) ~[reactor-core-3.6.10.jar:3.6.10]
		at reactor.core.publisher.InternalMonoOperator.subscribe(InternalMonoOperator.java:76) ~[reactor-core-3.6.10.jar:3.6.10]
		at reactor.core.publisher.MonoDefer.subscribe(MonoDefer.java:53) ~[reactor-core-3.6.10.jar:3.6.10]
		at reactor.core.publisher.MonoDefer.subscribe(MonoDefer.java:53) ~[reactor-core-3.6.10.jar:3.6.10]
		at reactor.core.publisher.MonoDefer.subscribe(MonoDefer.java:53) ~[reactor-core-3.6.10.jar:3.6.10]
		at reactor.core.publisher.MonoDefer.subscribe(MonoDefer.java:53) ~[reactor-core-3.6.10.jar:3.6.10]
		at reactor.core.publisher.Mono.subscribe(Mono.java:4576) ~[reactor-core-3.6.10.jar:3.6.10]
		at reactor.core.publisher.MonoIgnoreThen$ThenIgnoreMain.subscribeNext(MonoIgnoreThen.java:265) ~[reactor-core-3.6.10.jar:3.6.10]
		at reactor.core.publisher.MonoIgnoreThen.subscribe(MonoIgnoreThen.java:51) ~[reactor-core-3.6.10.jar:3.6.10]
		at reactor.core.publisher.InternalMonoOperator.subscribe(InternalMonoOperator.java:76) ~[reactor-core-3.6.10.jar:3.6.10]
		at reactor.core.publisher.MonoDefer.subscribe(MonoDefer.java:53) ~[reactor-core-3.6.10.jar:3.6.10]
		at reactor.core.publisher.MonoDefer.subscribe(MonoDefer.java:53) ~[reactor-core-3.6.10.jar:3.6.10]
		at reactor.core.publisher.MonoDefer.subscribe(MonoDefer.java:53) ~[reactor-core-3.6.10.jar:3.6.10]
		at reactor.core.publisher.InternalMonoOperator.subscribe(InternalMonoOperator.java:76) ~[reactor-core-3.6.10.jar:3.6.10]
		at reactor.core.publisher.MonoDefer.subscribe(MonoDefer.java:53) ~[reactor-core-3.6.10.jar:3.6.10]
		at reactor.core.publisher.Mono.subscribe(Mono.java:4576) ~[reactor-core-3.6.10.jar:3.6.10]
		at reactor.core.publisher.MonoIgnoreThen$ThenIgnoreMain.subscribeNext(MonoIgnoreThen.java:265) ~[reactor-core-3.6.10.jar:3.6.10]
		at reactor.core.publisher.MonoIgnoreThen.subscribe(MonoIgnoreThen.java:51) ~[reactor-core-3.6.10.jar:3.6.10]
		at reactor.core.publisher.InternalMonoOperator.subscribe(InternalMonoOperator.java:76) ~[reactor-core-3.6.10.jar:3.6.10]
		at reactor.core.publisher.MonoFlatMap$FlatMapMain.onNext(MonoFlatMap.java:165) ~[reactor-core-3.6.10.jar:3.6.10]
		at reactor.core.publisher.FluxOnErrorResume$ResumeSubscriber.onNext(FluxOnErrorResume.java:79) ~[reactor-core-3.6.10.jar:3.6.10]
		at reactor.core.publisher.FluxSwitchIfEmpty$SwitchIfEmptySubscriber.onNext(FluxSwitchIfEmpty.java:74) ~[reactor-core-3.6.10.jar:3.6.10]
		at reactor.core.publisher.MonoNext$NextSubscriber.onNext(MonoNext.java:82) ~[reactor-core-3.6.10.jar:3.6.10]
		at reactor.core.publisher.FluxConcatMapNoPrefetch$FluxConcatMapNoPrefetchSubscriber.innerNext(FluxConcatMapNoPrefetch.java:259) ~[reactor-core-3.6.10.jar:3.6.10]
		at reactor.core.publisher.FluxConcatMap$ConcatMapInner.onNext(FluxConcatMap.java:865) ~[reactor-core-3.6.10.jar:3.6.10]
		at reactor.core.publisher.FluxMap$MapSubscriber.onNext(FluxMap.java:122) ~[reactor-core-3.6.10.jar:3.6.10]
		at reactor.core.publisher.FluxSwitchIfEmpty$SwitchIfEmptySubscriber.onNext(FluxSwitchIfEmpty.java:74) ~[reactor-core-3.6.10.jar:3.6.10]
		at reactor.core.publisher.FluxMap$MapSubscriber.onNext(FluxMap.java:122) ~[reactor-core-3.6.10.jar:3.6.10]
		at reactor.core.publisher.FluxMap$MapSubscriber.onNext(FluxMap.java:122) ~[reactor-core-3.6.10.jar:3.6.10]
		at reactor.core.publisher.MonoNext$NextSubscriber.onNext(MonoNext.java:82) ~[reactor-core-3.6.10.jar:3.6.10]
		at reactor.core.publisher.FluxConcatMapNoPrefetch$FluxConcatMapNoPrefetchSubscriber.innerNext(FluxConcatMapNoPrefetch.java:259) ~[reactor-core-3.6.10.jar:3.6.10]
		at reactor.core.publisher.FluxConcatMap$ConcatMapInner.onNext(FluxConcatMap.java:865) ~[reactor-core-3.6.10.jar:3.6.10]
		at reactor.core.publisher.FluxOnErrorResume$ResumeSubscriber.onNext(FluxOnErrorResume.java:79) ~[reactor-core-3.6.10.jar:3.6.10]
		at reactor.core.publisher.MonoPeekTerminal$MonoTerminalPeekSubscriber.onNext(MonoPeekTerminal.java:180) ~[reactor-core-3.6.10.jar:3.6.10]
		at reactor.core.publisher.MonoFilterWhen$MonoFilterWhenMain.onNext(MonoFilterWhen.java:136) ~[reactor-core-3.6.10.jar:3.6.10]
		at reactor.core.publisher.Operators$ScalarSubscription.request(Operators.java:2571) ~[reactor-core-3.6.10.jar:3.6.10]
		at reactor.core.publisher.MonoFilterWhen$MonoFilterWhenMain.request(MonoFilterWhen.java:183) ~[reactor-core-3.6.10.jar:3.6.10]
		at reactor.core.publisher.MonoPeekTerminal$MonoTerminalPeekSubscriber.request(MonoPeekTerminal.java:139) ~[reactor-core-3.6.10.jar:3.6.10]
		at reactor.core.publisher.Operators$MultiSubscriptionSubscriber.request(Operators.java:2331) ~[reactor-core-3.6.10.jar:3.6.10]
		at reactor.core.publisher.Operators$MultiSubscriptionSubscriber.request(Operators.java:2331) ~[reactor-core-3.6.10.jar:3.6.10]
		at reactor.core.publisher.FluxConcatMapNoPrefetch$FluxConcatMapNoPrefetchSubscriber.request(FluxConcatMapNoPrefetch.java:339) ~[reactor-core-3.6.10.jar:3.6.10]
		at reactor.core.publisher.MonoNext$NextSubscriber.request(MonoNext.java:108) ~[reactor-core-3.6.10.jar:3.6.10]
		at reactor.core.publisher.FluxMap$MapSubscriber.request(FluxMap.java:164) ~[reactor-core-3.6.10.jar:3.6.10]
		at reactor.core.publisher.FluxMap$MapSubscriber.request(FluxMap.java:164) ~[reactor-core-3.6.10.jar:3.6.10]
		at reactor.core.publisher.Operators$MultiSubscriptionSubscriber.request(Operators.java:2331) ~[reactor-core-3.6.10.jar:3.6.10]
		at reactor.core.publisher.FluxMap$MapSubscriber.request(FluxMap.java:164) ~[reactor-core-3.6.10.jar:3.6.10]
		at reactor.core.publisher.Operators$MultiSubscriptionSubscriber.request(Operators.java:2331) ~[reactor-core-3.6.10.jar:3.6.10]
		at reactor.core.publisher.FluxConcatMapNoPrefetch$FluxConcatMapNoPrefetchSubscriber.request(FluxConcatMapNoPrefetch.java:339) ~[reactor-core-3.6.10.jar:3.6.10]
		at reactor.core.publisher.MonoNext$NextSubscriber.request(MonoNext.java:108) ~[reactor-core-3.6.10.jar:3.6.10]
		at reactor.core.publisher.Operators$MultiSubscriptionSubscriber.set(Operators.java:2367) ~[reactor-core-3.6.10.jar:3.6.10]
		at reactor.core.publisher.Operators$MultiSubscriptionSubscriber.onSubscribe(Operators.java:2241) ~[reactor-core-3.6.10.jar:3.6.10]
		at reactor.core.publisher.MonoNext$NextSubscriber.onSubscribe(MonoNext.java:70) ~[reactor-core-3.6.10.jar:3.6.10]
		at reactor.core.publisher.FluxConcatMapNoPrefetch$FluxConcatMapNoPrefetchSubscriber.onSubscribe(FluxConcatMapNoPrefetch.java:164) ~[reactor-core-3.6.10.jar:3.6.10]
		at reactor.core.publisher.FluxIterable.subscribe(FluxIterable.java:201) ~[reactor-core-3.6.10.jar:3.6.10]
		at reactor.core.publisher.FluxIterable.subscribe(FluxIterable.java:83) ~[reactor-core-3.6.10.jar:3.6.10]
		at reactor.core.publisher.InternalMonoOperator.subscribe(InternalMonoOperator.java:76) ~[reactor-core-3.6.10.jar:3.6.10]
		at reactor.core.publisher.MonoDefer.subscribe(MonoDefer.java:53) ~[reactor-core-3.6.10.jar:3.6.10]
		at reactor.core.publisher.InternalMonoOperator.subscribe(InternalMonoOperator.java:76) ~[reactor-core-3.6.10.jar:3.6.10]
		at reactor.core.publisher.MonoDefer.subscribe(MonoDefer.java:53) ~[reactor-core-3.6.10.jar:3.6.10]
		at reactor.core.publisher.Mono.subscribe(Mono.java:4576) ~[reactor-core-3.6.10.jar:3.6.10]
		at reactor.core.publisher.MonoIgnoreThen$ThenIgnoreMain.subscribeNext(MonoIgnoreThen.java:265) ~[reactor-core-3.6.10.jar:3.6.10]
		at reactor.core.publisher.MonoIgnoreThen.subscribe(MonoIgnoreThen.java:51) ~[reactor-core-3.6.10.jar:3.6.10]
		at reactor.core.publisher.Mono.subscribe(Mono.java:4576) ~[reactor-core-3.6.10.jar:3.6.10]
		at org.springframework.http.server.reactive.ServletHttpHandlerAdapter.service(ServletHttpHandlerAdapter.java:199) ~[spring-web-6.1.13.jar:6.1.13]
		at org.apache.catalina.core.ApplicationFilterChain.internalDoFilter(ApplicationFilterChain.java:195) ~[tomcat-embed-core-10.1.30.jar:10.1.30]
		at org.apache.catalina.core.ApplicationFilterChain.doFilter(ApplicationFilterChain.java:140) ~[tomcat-embed-core-10.1.30.jar:10.1.30]
		at org.apache.tomcat.websocket.server.WsFilter.doFilter(WsFilter.java:51) ~[tomcat-embed-websocket-10.1.30.jar:10.1.30]
		at org.apache.catalina.core.ApplicationFilterChain.internalDoFilter(ApplicationFilterChain.java:164) ~[tomcat-embed-core-10.1.30.jar:10.1.30]
		at org.apache.catalina.core.ApplicationFilterChain.doFilter(ApplicationFilterChain.java:140) ~[tomcat-embed-core-10.1.30.jar:10.1.30]
		at org.apache.catalina.core.StandardWrapperValve.invoke(StandardWrapperValve.java:167) ~[tomcat-embed-core-10.1.30.jar:10.1.30]
		at org.apache.catalina.core.StandardContextValve.invoke(StandardContextValve.java:90) ~[tomcat-embed-core-10.1.30.jar:10.1.30]
		at org.apache.catalina.authenticator.AuthenticatorBase.invoke(AuthenticatorBase.java:483) ~[tomcat-embed-core-10.1.30.jar:10.1.30]
		at org.apache.catalina.core.StandardHostValve.invoke(StandardHostValve.java:115) ~[tomcat-embed-core-10.1.30.jar:10.1.30]
		at org.apache.catalina.valves.ErrorReportValve.invoke(ErrorReportValve.java:93) ~[tomcat-embed-core-10.1.30.jar:10.1.30]
		at org.apache.catalina.core.StandardEngineValve.invoke(StandardEngineValve.java:74) ~[tomcat-embed-core-10.1.30.jar:10.1.30]
		at org.apache.catalina.connector.CoyoteAdapter.service(CoyoteAdapter.java:344) ~[tomcat-embed-core-10.1.30.jar:10.1.30]
		at org.apache.coyote.http11.Http11Processor.service(Http11Processor.java:384) ~[tomcat-embed-core-10.1.30.jar:10.1.30]
		at org.apache.coyote.AbstractProcessorLight.process(AbstractProcessorLight.java:63) ~[tomcat-embed-core-10.1.30.jar:10.1.30]
		at org.apache.coyote.AbstractProtocol$ConnectionHandler.process(AbstractProtocol.java:905) ~[tomcat-embed-core-10.1.30.jar:10.1.30]
		at org.apache.tomcat.util.net.NioEndpoint$SocketProcessor.doRun(NioEndpoint.java:1741) ~[tomcat-embed-core-10.1.30.jar:10.1.30]
		at org.apache.tomcat.util.net.SocketProcessorBase.run(SocketProcessorBase.java:52) ~[tomcat-embed-core-10.1.30.jar:10.1.30]
		at org.apache.tomcat.util.threads.ThreadPoolExecutor.runWorker(ThreadPoolExecutor.java:1190) ~[tomcat-embed-core-10.1.30.jar:10.1.30]
		at org.apache.tomcat.util.threads.ThreadPoolExecutor$Worker.run(ThreadPoolExecutor.java:659) ~[tomcat-embed-core-10.1.30.jar:10.1.30]
		at org.apache.tomcat.util.threads.TaskThread$WrappingRunnable.run(TaskThread.java:63) ~[tomcat-embed-core-10.1.30.jar:10.1.30]
		at java.base/java.lang.Thread.run(Thread.java:1575) ~[na:na]

17:06:41:364 ERROR 31660 --- [gateway] [http-nio-8080-exec-9] a.w.r.e.AbstractErrorWebExceptionHandler : [5c6475e]  500 Server Error for HTTP GET "/ws"

java.lang.ClassCastException: class org.apache.catalina.connector.ResponseFacade cannot be cast to class reactor.netty.http.server.HttpServerResponse (org.apache.catalina.connector.ResponseFacade and reactor.netty.http.server.HttpServerResponse are in unnamed module of loader 'app')
	at org.springframework.web.reactive.socket.server.upgrade.ReactorNettyRequestUpgradeStrategy.upgrade(ReactorNettyRequestUpgradeStrategy.java:163) ~[spring-webflux-6.1.13.jar:6.1.13]
	Suppressed: reactor.core.publisher.FluxOnAssembly$OnAssemblyException: 
Error has been observed at the following site(s):
	*__checkpoint ⇢ org.springframework.cloud.gateway.filter.WeightCalculatorWebFilter [DefaultWebFilterChain]
	*__checkpoint ⇢ HTTP GET "/ws" [ExceptionHandlingWebHandler]
Original Stack Trace:
		at org.springframework.web.reactive.socket.server.upgrade.ReactorNettyRequestUpgradeStrategy.upgrade(ReactorNettyRequestUpgradeStrategy.java:163) ~[spring-webflux-6.1.13.jar:6.1.13]
		at org.springframework.web.reactive.socket.server.support.HandshakeWebSocketService.lambda$handleRequest$1(HandshakeWebSocketService.java:221) ~[spring-webflux-6.1.13.jar:6.1.13]
		at reactor.core.publisher.FluxFlatMap.trySubscribeScalarMap(FluxFlatMap.java:153) ~[reactor-core-3.6.10.jar:3.6.10]
		at reactor.core.publisher.MonoFlatMap.subscribeOrReturn(MonoFlatMap.java:53) ~[reactor-core-3.6.10.jar:3.6.10]
		at reactor.core.publisher.InternalMonoOperator.subscribe(InternalMonoOperator.java:63) ~[reactor-core-3.6.10.jar:3.6.10]
		at reactor.core.publisher.MonoDefer.subscribe(MonoDefer.java:53) ~[reactor-core-3.6.10.jar:3.6.10]
		at reactor.core.publisher.MonoDefer.subscribe(MonoDefer.java:53) ~[reactor-core-3.6.10.jar:3.6.10]
		at reactor.core.publisher.MonoIgnoreThen$ThenIgnoreMain.subscribeNext(MonoIgnoreThen.java:241) ~[reactor-core-3.6.10.jar:3.6.10]
		at reactor.core.publisher.MonoIgnoreThen$ThenIgnoreMain.onComplete(MonoIgnoreThen.java:204) ~[reactor-core-3.6.10.jar:3.6.10]
		at reactor.core.publisher.FluxPeek$PeekSubscriber.onComplete(FluxPeek.java:260) ~[reactor-core-3.6.10.jar:3.6.10]
		at reactor.core.publisher.FluxMap$MapSubscriber.onComplete(FluxMap.java:144) ~[reactor-core-3.6.10.jar:3.6.10]
		at reactor.core.publisher.MonoNext$NextSubscriber.onComplete(MonoNext.java:102) ~[reactor-core-3.6.10.jar:3.6.10]
		at reactor.core.publisher.MonoNext$NextSubscriber.onNext(MonoNext.java:83) ~[reactor-core-3.6.10.jar:3.6.10]
		at reactor.core.publisher.FluxDematerialize$DematerializeSubscriber.onNext(FluxDematerialize.java:98) ~[reactor-core-3.6.10.jar:3.6.10]
		at reactor.core.publisher.FluxDematerialize$DematerializeSubscriber.onNext(FluxDematerialize.java:44) ~[reactor-core-3.6.10.jar:3.6.10]
		at reactor.core.publisher.FluxFlattenIterable$FlattenIterableSubscriber.drainAsync(FluxFlattenIterable.java:453) ~[reactor-core-3.6.10.jar:3.6.10]
		at reactor.core.publisher.FluxFlattenIterable$FlattenIterableSubscriber.drain(FluxFlattenIterable.java:724) ~[reactor-core-3.6.10.jar:3.6.10]
		at reactor.core.publisher.FluxFlattenIterable$FlattenIterableSubscriber.onNext(FluxFlattenIterable.java:256) ~[reactor-core-3.6.10.jar:3.6.10]
		at reactor.core.publisher.FluxSwitchIfEmpty$SwitchIfEmptySubscriber.onNext(FluxSwitchIfEmpty.java:74) ~[reactor-core-3.6.10.jar:3.6.10]
		at reactor.core.publisher.Operators$BaseFluxToMonoOperator.completePossiblyEmpty(Operators.java:2097) ~[reactor-core-3.6.10.jar:3.6.10]
		at reactor.core.publisher.MonoCollectList$MonoCollectListSubscriber.onComplete(MonoCollectList.java:118) ~[reactor-core-3.6.10.jar:3.6.10]
		at reactor.core.publisher.DrainUtils.postCompleteDrain(DrainUtils.java:132) ~[reactor-core-3.6.10.jar:3.6.10]
		at reactor.core.publisher.DrainUtils.postComplete(DrainUtils.java:187) ~[reactor-core-3.6.10.jar:3.6.10]
		at reactor.core.publisher.FluxMaterialize$MaterializeSubscriber.onComplete(FluxMaterialize.java:141) ~[reactor-core-3.6.10.jar:3.6.10]
		at reactor.core.publisher.Operators$ScalarSubscription.request(Operators.java:2573) ~[reactor-core-3.6.10.jar:3.6.10]
		at reactor.core.publisher.FluxMaterialize$MaterializeSubscriber.request(FluxMaterialize.java:148) ~[reactor-core-3.6.10.jar:3.6.10]
		at reactor.core.publisher.Operators$BaseFluxToMonoOperator.request(Operators.java:2067) ~[reactor-core-3.6.10.jar:3.6.10]
		at reactor.core.publisher.Operators$MultiSubscriptionSubscriber.set(Operators.java:2367) ~[reactor-core-3.6.10.jar:3.6.10]
		at reactor.core.publisher.Operators$MultiSubscriptionSubscriber.onSubscribe(Operators.java:2241) ~[reactor-core-3.6.10.jar:3.6.10]
		at reactor.core.publisher.Operators$BaseFluxToMonoOperator.onSubscribe(Operators.java:2051) ~[reactor-core-3.6.10.jar:3.6.10]
		at reactor.core.publisher.FluxMaterialize$MaterializeSubscriber.onSubscribe(FluxMaterialize.java:103) ~[reactor-core-3.6.10.jar:3.6.10]
		at reactor.core.publisher.FluxJust.subscribe(FluxJust.java:68) ~[reactor-core-3.6.10.jar:3.6.10]
		at reactor.core.publisher.InternalFluxOperator.subscribe(InternalFluxOperator.java:68) ~[reactor-core-3.6.10.jar:3.6.10]
		at reactor.core.publisher.FluxDefer.subscribe(FluxDefer.java:54) ~[reactor-core-3.6.10.jar:3.6.10]
		at reactor.core.publisher.Mono.subscribe(Mono.java:4576) ~[reactor-core-3.6.10.jar:3.6.10]
		at reactor.core.publisher.MonoIgnoreThen$ThenIgnoreMain.subscribeNext(MonoIgnoreThen.java:265) ~[reactor-core-3.6.10.jar:3.6.10]
		at reactor.core.publisher.MonoIgnoreThen.subscribe(MonoIgnoreThen.java:51) ~[reactor-core-3.6.10.jar:3.6.10]
		at reactor.core.publisher.InternalMonoOperator.subscribe(InternalMonoOperator.java:76) ~[reactor-core-3.6.10.jar:3.6.10]
		at reactor.core.publisher.MonoDefer.subscribe(MonoDefer.java:53) ~[reactor-core-3.6.10.jar:3.6.10]
		at reactor.core.publisher.MonoDefer.subscribe(MonoDefer.java:53) ~[reactor-core-3.6.10.jar:3.6.10]
		at reactor.core.publisher.MonoDefer.subscribe(MonoDefer.java:53) ~[reactor-core-3.6.10.jar:3.6.10]
		at reactor.core.publisher.MonoDefer.subscribe(MonoDefer.java:53) ~[reactor-core-3.6.10.jar:3.6.10]
		at reactor.core.publisher.Mono.subscribe(Mono.java:4576) ~[reactor-core-3.6.10.jar:3.6.10]
		at reactor.core.publisher.MonoIgnoreThen$ThenIgnoreMain.subscribeNext(MonoIgnoreThen.java:265) ~[reactor-core-3.6.10.jar:3.6.10]
		at reactor.core.publisher.MonoIgnoreThen.subscribe(MonoIgnoreThen.java:51) ~[reactor-core-3.6.10.jar:3.6.10]
		at reactor.core.publisher.InternalMonoOperator.subscribe(InternalMonoOperator.java:76) ~[reactor-core-3.6.10.jar:3.6.10]
		at reactor.core.publisher.MonoDefer.subscribe(MonoDefer.java:53) ~[reactor-core-3.6.10.jar:3.6.10]
		at reactor.core.publisher.MonoDefer.subscribe(MonoDefer.java:53) ~[reactor-core-3.6.10.jar:3.6.10]
		at reactor.core.publisher.MonoDefer.subscribe(MonoDefer.java:53) ~[reactor-core-3.6.10.jar:3.6.10]
		at reactor.core.publisher.InternalMonoOperator.subscribe(InternalMonoOperator.java:76) ~[reactor-core-3.6.10.jar:3.6.10]
		at reactor.core.publisher.MonoDefer.subscribe(MonoDefer.java:53) ~[reactor-core-3.6.10.jar:3.6.10]
		at reactor.core.publisher.Mono.subscribe(Mono.java:4576) ~[reactor-core-3.6.10.jar:3.6.10]
		at reactor.core.publisher.MonoIgnoreThen$ThenIgnoreMain.subscribeNext(MonoIgnoreThen.java:265) ~[reactor-core-3.6.10.jar:3.6.10]
		at reactor.core.publisher.MonoIgnoreThen.subscribe(MonoIgnoreThen.java:51) ~[reactor-core-3.6.10.jar:3.6.10]
		at reactor.core.publisher.InternalMonoOperator.subscribe(InternalMonoOperator.java:76) ~[reactor-core-3.6.10.jar:3.6.10]
		at reactor.core.publisher.MonoFlatMap$FlatMapMain.onNext(MonoFlatMap.java:165) ~[reactor-core-3.6.10.jar:3.6.10]
		at reactor.core.publisher.FluxOnErrorResume$ResumeSubscriber.onNext(FluxOnErrorResume.java:79) ~[reactor-core-3.6.10.jar:3.6.10]
		at reactor.core.publisher.FluxSwitchIfEmpty$SwitchIfEmptySubscriber.onNext(FluxSwitchIfEmpty.java:74) ~[reactor-core-3.6.10.jar:3.6.10]
		at reactor.core.publisher.MonoNext$NextSubscriber.onNext(MonoNext.java:82) ~[reactor-core-3.6.10.jar:3.6.10]
		at reactor.core.publisher.FluxConcatMapNoPrefetch$FluxConcatMapNoPrefetchSubscriber.innerNext(FluxConcatMapNoPrefetch.java:259) ~[reactor-core-3.6.10.jar:3.6.10]
		at reactor.core.publisher.FluxConcatMap$ConcatMapInner.onNext(FluxConcatMap.java:865) ~[reactor-core-3.6.10.jar:3.6.10]
		at reactor.core.publisher.FluxMap$MapSubscriber.onNext(FluxMap.java:122) ~[reactor-core-3.6.10.jar:3.6.10]
		at reactor.core.publisher.FluxSwitchIfEmpty$SwitchIfEmptySubscriber.onNext(FluxSwitchIfEmpty.java:74) ~[reactor-core-3.6.10.jar:3.6.10]
		at reactor.core.publisher.FluxMap$MapSubscriber.onNext(FluxMap.java:122) ~[reactor-core-3.6.10.jar:3.6.10]
		at reactor.core.publisher.FluxMap$MapSubscriber.onNext(FluxMap.java:122) ~[reactor-core-3.6.10.jar:3.6.10]
		at reactor.core.publisher.MonoNext$NextSubscriber.onNext(MonoNext.java:82) ~[reactor-core-3.6.10.jar:3.6.10]
		at reactor.core.publisher.FluxConcatMapNoPrefetch$FluxConcatMapNoPrefetchSubscriber.innerNext(FluxConcatMapNoPrefetch.java:259) ~[reactor-core-3.6.10.jar:3.6.10]
		at reactor.core.publisher.FluxConcatMap$ConcatMapInner.onNext(FluxConcatMap.java:865) ~[reactor-core-3.6.10.jar:3.6.10]
		at reactor.core.publisher.FluxOnErrorResume$ResumeSubscriber.onNext(FluxOnErrorResume.java:79) ~[reactor-core-3.6.10.jar:3.6.10]
		at reactor.core.publisher.MonoPeekTerminal$MonoTerminalPeekSubscriber.onNext(MonoPeekTerminal.java:180) ~[reactor-core-3.6.10.jar:3.6.10]
		at reactor.core.publisher.MonoFilterWhen$MonoFilterWhenMain.onNext(MonoFilterWhen.java:136) ~[reactor-core-3.6.10.jar:3.6.10]
		at reactor.core.publisher.Operators$ScalarSubscription.request(Operators.java:2571) ~[reactor-core-3.6.10.jar:3.6.10]
		at reactor.core.publisher.MonoFilterWhen$MonoFilterWhenMain.request(MonoFilterWhen.java:183) ~[reactor-core-3.6.10.jar:3.6.10]
		at reactor.core.publisher.MonoPeekTerminal$MonoTerminalPeekSubscriber.request(MonoPeekTerminal.java:139) ~[reactor-core-3.6.10.jar:3.6.10]
		at reactor.core.publisher.Operators$MultiSubscriptionSubscriber.request(Operators.java:2331) ~[reactor-core-3.6.10.jar:3.6.10]
		at reactor.core.publisher.Operators$MultiSubscriptionSubscriber.request(Operators.java:2331) ~[reactor-core-3.6.10.jar:3.6.10]
		at reactor.core.publisher.FluxConcatMapNoPrefetch$FluxConcatMapNoPrefetchSubscriber.request(FluxConcatMapNoPrefetch.java:339) ~[reactor-core-3.6.10.jar:3.6.10]
		at reactor.core.publisher.MonoNext$NextSubscriber.request(MonoNext.java:108) ~[reactor-core-3.6.10.jar:3.6.10]
		at reactor.core.publisher.FluxMap$MapSubscriber.request(FluxMap.java:164) ~[reactor-core-3.6.10.jar:3.6.10]
		at reactor.core.publisher.FluxMap$MapSubscriber.request(FluxMap.java:164) ~[reactor-core-3.6.10.jar:3.6.10]
		at reactor.core.publisher.Operators$MultiSubscriptionSubscriber.request(Operators.java:2331) ~[reactor-core-3.6.10.jar:3.6.10]
		at reactor.core.publisher.FluxMap$MapSubscriber.request(FluxMap.java:164) ~[reactor-core-3.6.10.jar:3.6.10]
		at reactor.core.publisher.Operators$MultiSubscriptionSubscriber.request(Operators.java:2331) ~[reactor-core-3.6.10.jar:3.6.10]
		at reactor.core.publisher.FluxConcatMapNoPrefetch$FluxConcatMapNoPrefetchSubscriber.request(FluxConcatMapNoPrefetch.java:339) ~[reactor-core-3.6.10.jar:3.6.10]
		at reactor.core.publisher.MonoNext$NextSubscriber.request(MonoNext.java:108) ~[reactor-core-3.6.10.jar:3.6.10]
		at reactor.core.publisher.Operators$MultiSubscriptionSubscriber.set(Operators.java:2367) ~[reactor-core-3.6.10.jar:3.6.10]
		at reactor.core.publisher.Operators$MultiSubscriptionSubscriber.onSubscribe(Operators.java:2241) ~[reactor-core-3.6.10.jar:3.6.10]
		at reactor.core.publisher.MonoNext$NextSubscriber.onSubscribe(MonoNext.java:70) ~[reactor-core-3.6.10.jar:3.6.10]
		at reactor.core.publisher.FluxConcatMapNoPrefetch$FluxConcatMapNoPrefetchSubscriber.onSubscribe(FluxConcatMapNoPrefetch.java:164) ~[reactor-core-3.6.10.jar:3.6.10]
		at reactor.core.publisher.FluxIterable.subscribe(FluxIterable.java:201) ~[reactor-core-3.6.10.jar:3.6.10]
		at reactor.core.publisher.FluxIterable.subscribe(FluxIterable.java:83) ~[reactor-core-3.6.10.jar:3.6.10]
		at reactor.core.publisher.InternalMonoOperator.subscribe(InternalMonoOperator.java:76) ~[reactor-core-3.6.10.jar:3.6.10]
		at reactor.core.publisher.MonoDefer.subscribe(MonoDefer.java:53) ~[reactor-core-3.6.10.jar:3.6.10]
		at reactor.core.publisher.InternalMonoOperator.subscribe(InternalMonoOperator.java:76) ~[reactor-core-3.6.10.jar:3.6.10]
		at reactor.core.publisher.MonoDefer.subscribe(MonoDefer.java:53) ~[reactor-core-3.6.10.jar:3.6.10]
		at reactor.core.publisher.Mono.subscribe(Mono.java:4576) ~[reactor-core-3.6.10.jar:3.6.10]
		at reactor.core.publisher.MonoIgnoreThen$ThenIgnoreMain.subscribeNext(MonoIgnoreThen.java:265) ~[reactor-core-3.6.10.jar:3.6.10]
		at reactor.core.publisher.MonoIgnoreThen.subscribe(MonoIgnoreThen.java:51) ~[reactor-core-3.6.10.jar:3.6.10]
		at reactor.core.publisher.Mono.subscribe(Mono.java:4576) ~[reactor-core-3.6.10.jar:3.6.10]
		at org.springframework.http.server.reactive.ServletHttpHandlerAdapter.service(ServletHttpHandlerAdapter.java:199) ~[spring-web-6.1.13.jar:6.1.13]
		at org.apache.catalina.core.ApplicationFilterChain.internalDoFilter(ApplicationFilterChain.java:195) ~[tomcat-embed-core-10.1.30.jar:10.1.30]
		at org.apache.catalina.core.ApplicationFilterChain.doFilter(ApplicationFilterChain.java:140) ~[tomcat-embed-core-10.1.30.jar:10.1.30]
		at org.apache.tomcat.websocket.server.WsFilter.doFilter(WsFilter.java:51) ~[tomcat-embed-websocket-10.1.30.jar:10.1.30]
		at org.apache.catalina.core.ApplicationFilterChain.internalDoFilter(ApplicationFilterChain.java:164) ~[tomcat-embed-core-10.1.30.jar:10.1.30]
		at org.apache.catalina.core.ApplicationFilterChain.doFilter(ApplicationFilterChain.java:140) ~[tomcat-embed-core-10.1.30.jar:10.1.30]
		at org.apache.catalina.core.StandardWrapperValve.invoke(StandardWrapperValve.java:167) ~[tomcat-embed-core-10.1.30.jar:10.1.30]
		at org.apache.catalina.core.StandardContextValve.invoke(StandardContextValve.java:90) ~[tomcat-embed-core-10.1.30.jar:10.1.30]
		at org.apache.catalina.authenticator.AuthenticatorBase.invoke(AuthenticatorBase.java:483) ~[tomcat-embed-core-10.1.30.jar:10.1.30]
		at org.apache.catalina.core.StandardHostValve.invoke(StandardHostValve.java:115) ~[tomcat-embed-core-10.1.30.jar:10.1.30]
		at org.apache.catalina.valves.ErrorReportValve.invoke(ErrorReportValve.java:93) ~[tomcat-embed-core-10.1.30.jar:10.1.30]
		at org.apache.catalina.core.StandardEngineValve.invoke(StandardEngineValve.java:74) ~[tomcat-embed-core-10.1.30.jar:10.1.30]
		at org.apache.catalina.connector.CoyoteAdapter.service(CoyoteAdapter.java:344) ~[tomcat-embed-core-10.1.30.jar:10.1.30]
		at org.apache.coyote.http11.Http11Processor.service(Http11Processor.java:384) ~[tomcat-embed-core-10.1.30.jar:10.1.30]
		at org.apache.coyote.AbstractProcessorLight.process(AbstractProcessorLight.java:63) ~[tomcat-embed-core-10.1.30.jar:10.1.30]
		at org.apache.coyote.AbstractProtocol$ConnectionHandler.process(AbstractProtocol.java:905) ~[tomcat-embed-core-10.1.30.jar:10.1.30]
		at org.apache.tomcat.util.net.NioEndpoint$SocketProcessor.doRun(NioEndpoint.java:1741) ~[tomcat-embed-core-10.1.30.jar:10.1.30]
		at org.apache.tomcat.util.net.SocketProcessorBase.run(SocketProcessorBase.java:52) ~[tomcat-embed-core-10.1.30.jar:10.1.30]
		at org.apache.tomcat.util.threads.ThreadPoolExecutor.runWorker(ThreadPoolExecutor.java:1190) ~[tomcat-embed-core-10.1.30.jar:10.1.30]
		at org.apache.tomcat.util.threads.ThreadPoolExecutor$Worker.run(ThreadPoolExecutor.java:659) ~[tomcat-embed-core-10.1.30.jar:10.1.30]
		at org.apache.tomcat.util.threads.TaskThread$WrappingRunnable.run(TaskThread.java:63) ~[tomcat-embed-core-10.1.30.jar:10.1.30]
		at java.base/java.lang.Thread.run(Thread.java:1575) ~[na:na]

17:06:41:554 ERROR 31660 --- [gateway] [http-nio-8080-exec-10] a.w.r.e.AbstractErrorWebExceptionHandler : [2427d63]  500 Server Error for HTTP GET "/ws"

java.lang.ClassCastException: class org.apache.catalina.connector.ResponseFacade cannot be cast to class reactor.netty.http.server.HttpServerResponse (org.apache.catalina.connector.ResponseFacade and reactor.netty.http.server.HttpServerResponse are in unnamed module of loader 'app')
	at org.springframework.web.reactive.socket.server.upgrade.ReactorNettyRequestUpgradeStrategy.upgrade(ReactorNettyRequestUpgradeStrategy.java:163) ~[spring-webflux-6.1.13.jar:6.1.13]
	Suppressed: reactor.core.publisher.FluxOnAssembly$OnAssemblyException: 
Error has been observed at the following site(s):
	*__checkpoint ⇢ org.springframework.cloud.gateway.filter.WeightCalculatorWebFilter [DefaultWebFilterChain]
	*__checkpoint ⇢ HTTP GET "/ws" [ExceptionHandlingWebHandler]
Original Stack Trace:
		at org.springframework.web.reactive.socket.server.upgrade.ReactorNettyRequestUpgradeStrategy.upgrade(ReactorNettyRequestUpgradeStrategy.java:163) ~[spring-webflux-6.1.13.jar:6.1.13]
		at org.springframework.web.reactive.socket.server.support.HandshakeWebSocketService.lambda$handleRequest$1(HandshakeWebSocketService.java:221) ~[spring-webflux-6.1.13.jar:6.1.13]
		at reactor.core.publisher.FluxFlatMap.trySubscribeScalarMap(FluxFlatMap.java:153) ~[reactor-core-3.6.10.jar:3.6.10]
		at reactor.core.publisher.MonoFlatMap.subscribeOrReturn(MonoFlatMap.java:53) ~[reactor-core-3.6.10.jar:3.6.10]
		at reactor.core.publisher.InternalMonoOperator.subscribe(InternalMonoOperator.java:63) ~[reactor-core-3.6.10.jar:3.6.10]
		at reactor.core.publisher.MonoDefer.subscribe(MonoDefer.java:53) ~[reactor-core-3.6.10.jar:3.6.10]
		at reactor.core.publisher.MonoDefer.subscribe(MonoDefer.java:53) ~[reactor-core-3.6.10.jar:3.6.10]
		at reactor.core.publisher.MonoIgnoreThen$ThenIgnoreMain.subscribeNext(MonoIgnoreThen.java:241) ~[reactor-core-3.6.10.jar:3.6.10]
		at reactor.core.publisher.MonoIgnoreThen$ThenIgnoreMain.onComplete(MonoIgnoreThen.java:204) ~[reactor-core-3.6.10.jar:3.6.10]
		at reactor.core.publisher.FluxPeek$PeekSubscriber.onComplete(FluxPeek.java:260) ~[reactor-core-3.6.10.jar:3.6.10]
		at reactor.core.publisher.FluxMap$MapSubscriber.onComplete(FluxMap.java:144) ~[reactor-core-3.6.10.jar:3.6.10]
		at reactor.core.publisher.MonoNext$NextSubscriber.onComplete(MonoNext.java:102) ~[reactor-core-3.6.10.jar:3.6.10]
		at reactor.core.publisher.MonoNext$NextSubscriber.onNext(MonoNext.java:83) ~[reactor-core-3.6.10.jar:3.6.10]
		at reactor.core.publisher.FluxDematerialize$DematerializeSubscriber.onNext(FluxDematerialize.java:98) ~[reactor-core-3.6.10.jar:3.6.10]
		at reactor.core.publisher.FluxDematerialize$DematerializeSubscriber.onNext(FluxDematerialize.java:44) ~[reactor-core-3.6.10.jar:3.6.10]
		at reactor.core.publisher.FluxFlattenIterable$FlattenIterableSubscriber.drainAsync(FluxFlattenIterable.java:453) ~[reactor-core-3.6.10.jar:3.6.10]
		at reactor.core.publisher.FluxFlattenIterable$FlattenIterableSubscriber.drain(FluxFlattenIterable.java:724) ~[reactor-core-3.6.10.jar:3.6.10]
		at reactor.core.publisher.FluxFlattenIterable$FlattenIterableSubscriber.onNext(FluxFlattenIterable.java:256) ~[reactor-core-3.6.10.jar:3.6.10]
		at reactor.core.publisher.FluxSwitchIfEmpty$SwitchIfEmptySubscriber.onNext(FluxSwitchIfEmpty.java:74) ~[reactor-core-3.6.10.jar:3.6.10]
		at reactor.core.publisher.Operators$BaseFluxToMonoOperator.completePossiblyEmpty(Operators.java:2097) ~[reactor-core-3.6.10.jar:3.6.10]
		at reactor.core.publisher.MonoCollectList$MonoCollectListSubscriber.onComplete(MonoCollectList.java:118) ~[reactor-core-3.6.10.jar:3.6.10]
		at reactor.core.publisher.DrainUtils.postCompleteDrain(DrainUtils.java:132) ~[reactor-core-3.6.10.jar:3.6.10]
		at reactor.core.publisher.DrainUtils.postComplete(DrainUtils.java:187) ~[reactor-core-3.6.10.jar:3.6.10]
		at reactor.core.publisher.FluxMaterialize$MaterializeSubscriber.onComplete(FluxMaterialize.java:141) ~[reactor-core-3.6.10.jar:3.6.10]
		at reactor.core.publisher.Operators$ScalarSubscription.request(Operators.java:2573) ~[reactor-core-3.6.10.jar:3.6.10]
		at reactor.core.publisher.FluxMaterialize$MaterializeSubscriber.request(FluxMaterialize.java:148) ~[reactor-core-3.6.10.jar:3.6.10]
		at reactor.core.publisher.Operators$BaseFluxToMonoOperator.request(Operators.java:2067) ~[reactor-core-3.6.10.jar:3.6.10]
		at reactor.core.publisher.Operators$MultiSubscriptionSubscriber.set(Operators.java:2367) ~[reactor-core-3.6.10.jar:3.6.10]
		at reactor.core.publisher.Operators$MultiSubscriptionSubscriber.onSubscribe(Operators.java:2241) ~[reactor-core-3.6.10.jar:3.6.10]
		at reactor.core.publisher.Operators$BaseFluxToMonoOperator.onSubscribe(Operators.java:2051) ~[reactor-core-3.6.10.jar:3.6.10]
		at reactor.core.publisher.FluxMaterialize$MaterializeSubscriber.onSubscribe(FluxMaterialize.java:103) ~[reactor-core-3.6.10.jar:3.6.10]
		at reactor.core.publisher.FluxJust.subscribe(FluxJust.java:68) ~[reactor-core-3.6.10.jar:3.6.10]
		at reactor.core.publisher.InternalFluxOperator.subscribe(InternalFluxOperator.java:68) ~[reactor-core-3.6.10.jar:3.6.10]
		at reactor.core.publisher.FluxDefer.subscribe(FluxDefer.java:54) ~[reactor-core-3.6.10.jar:3.6.10]
		at reactor.core.publisher.Mono.subscribe(Mono.java:4576) ~[reactor-core-3.6.10.jar:3.6.10]
		at reactor.core.publisher.MonoIgnoreThen$ThenIgnoreMain.subscribeNext(MonoIgnoreThen.java:265) ~[reactor-core-3.6.10.jar:3.6.10]
		at reactor.core.publisher.MonoIgnoreThen.subscribe(MonoIgnoreThen.java:51) ~[reactor-core-3.6.10.jar:3.6.10]
		at reactor.core.publisher.InternalMonoOperator.subscribe(InternalMonoOperator.java:76) ~[reactor-core-3.6.10.jar:3.6.10]
		at reactor.core.publisher.MonoDefer.subscribe(MonoDefer.java:53) ~[reactor-core-3.6.10.jar:3.6.10]
		at reactor.core.publisher.MonoDefer.subscribe(MonoDefer.java:53) ~[reactor-core-3.6.10.jar:3.6.10]
		at reactor.core.publisher.MonoDefer.subscribe(MonoDefer.java:53) ~[reactor-core-3.6.10.jar:3.6.10]
		at reactor.core.publisher.MonoDefer.subscribe(MonoDefer.java:53) ~[reactor-core-3.6.10.jar:3.6.10]
		at reactor.core.publisher.Mono.subscribe(Mono.java:4576) ~[reactor-core-3.6.10.jar:3.6.10]
		at reactor.core.publisher.MonoIgnoreThen$ThenIgnoreMain.subscribeNext(MonoIgnoreThen.java:265) ~[reactor-core-3.6.10.jar:3.6.10]
		at reactor.core.publisher.MonoIgnoreThen.subscribe(MonoIgnoreThen.java:51) ~[reactor-core-3.6.10.jar:3.6.10]
		at reactor.core.publisher.InternalMonoOperator.subscribe(InternalMonoOperator.java:76) ~[reactor-core-3.6.10.jar:3.6.10]
		at reactor.core.publisher.MonoDefer.subscribe(MonoDefer.java:53) ~[reactor-core-3.6.10.jar:3.6.10]
		at reactor.core.publisher.MonoDefer.subscribe(MonoDefer.java:53) ~[reactor-core-3.6.10.jar:3.6.10]
		at reactor.core.publisher.MonoDefer.subscribe(MonoDefer.java:53) ~[reactor-core-3.6.10.jar:3.6.10]
		at reactor.core.publisher.InternalMonoOperator.subscribe(InternalMonoOperator.java:76) ~[reactor-core-3.6.10.jar:3.6.10]
		at reactor.core.publisher.MonoDefer.subscribe(MonoDefer.java:53) ~[reactor-core-3.6.10.jar:3.6.10]
		at reactor.core.publisher.Mono.subscribe(Mono.java:4576) ~[reactor-core-3.6.10.jar:3.6.10]
		at reactor.core.publisher.MonoIgnoreThen$ThenIgnoreMain.subscribeNext(MonoIgnoreThen.java:265) ~[reactor-core-3.6.10.jar:3.6.10]
		at reactor.core.publisher.MonoIgnoreThen.subscribe(MonoIgnoreThen.java:51) ~[reactor-core-3.6.10.jar:3.6.10]
		at reactor.core.publisher.InternalMonoOperator.subscribe(InternalMonoOperator.java:76) ~[reactor-core-3.6.10.jar:3.6.10]
		at reactor.core.publisher.MonoFlatMap$FlatMapMain.onNext(MonoFlatMap.java:165) ~[reactor-core-3.6.10.jar:3.6.10]
		at reactor.core.publisher.FluxOnErrorResume$ResumeSubscriber.onNext(FluxOnErrorResume.java:79) ~[reactor-core-3.6.10.jar:3.6.10]
		at reactor.core.publisher.FluxSwitchIfEmpty$SwitchIfEmptySubscriber.onNext(FluxSwitchIfEmpty.java:74) ~[reactor-core-3.6.10.jar:3.6.10]
		at reactor.core.publisher.MonoNext$NextSubscriber.onNext(MonoNext.java:82) ~[reactor-core-3.6.10.jar:3.6.10]
		at reactor.core.publisher.FluxConcatMapNoPrefetch$FluxConcatMapNoPrefetchSubscriber.innerNext(FluxConcatMapNoPrefetch.java:259) ~[reactor-core-3.6.10.jar:3.6.10]
		at reactor.core.publisher.FluxConcatMap$ConcatMapInner.onNext(FluxConcatMap.java:865) ~[reactor-core-3.6.10.jar:3.6.10]
		at reactor.core.publisher.FluxMap$MapSubscriber.onNext(FluxMap.java:122) ~[reactor-core-3.6.10.jar:3.6.10]
		at reactor.core.publisher.FluxSwitchIfEmpty$SwitchIfEmptySubscriber.onNext(FluxSwitchIfEmpty.java:74) ~[reactor-core-3.6.10.jar:3.6.10]
		at reactor.core.publisher.FluxMap$MapSubscriber.onNext(FluxMap.java:122) ~[reactor-core-3.6.10.jar:3.6.10]
		at reactor.core.publisher.FluxMap$MapSubscriber.onNext(FluxMap.java:122) ~[reactor-core-3.6.10.jar:3.6.10]
		at reactor.core.publisher.MonoNext$NextSubscriber.onNext(MonoNext.java:82) ~[reactor-core-3.6.10.jar:3.6.10]
		at reactor.core.publisher.FluxConcatMapNoPrefetch$FluxConcatMapNoPrefetchSubscriber.innerNext(FluxConcatMapNoPrefetch.java:259) ~[reactor-core-3.6.10.jar:3.6.10]
		at reactor.core.publisher.FluxConcatMap$ConcatMapInner.onNext(FluxConcatMap.java:865) ~[reactor-core-3.6.10.jar:3.6.10]
		at reactor.core.publisher.FluxOnErrorResume$ResumeSubscriber.onNext(FluxOnErrorResume.java:79) ~[reactor-core-3.6.10.jar:3.6.10]
		at reactor.core.publisher.MonoPeekTerminal$MonoTerminalPeekSubscriber.onNext(MonoPeekTerminal.java:180) ~[reactor-core-3.6.10.jar:3.6.10]
		at reactor.core.publisher.MonoFilterWhen$MonoFilterWhenMain.onNext(MonoFilterWhen.java:136) ~[reactor-core-3.6.10.jar:3.6.10]
		at reactor.core.publisher.Operators$ScalarSubscription.request(Operators.java:2571) ~[reactor-core-3.6.10.jar:3.6.10]
		at reactor.core.publisher.MonoFilterWhen$MonoFilterWhenMain.request(MonoFilterWhen.java:183) ~[reactor-core-3.6.10.jar:3.6.10]
		at reactor.core.publisher.MonoPeekTerminal$MonoTerminalPeekSubscriber.request(MonoPeekTerminal.java:139) ~[reactor-core-3.6.10.jar:3.6.10]
		at reactor.core.publisher.Operators$MultiSubscriptionSubscriber.request(Operators.java:2331) ~[reactor-core-3.6.10.jar:3.6.10]
		at reactor.core.publisher.Operators$MultiSubscriptionSubscriber.request(Operators.java:2331) ~[reactor-core-3.6.10.jar:3.6.10]
		at reactor.core.publisher.FluxConcatMapNoPrefetch$FluxConcatMapNoPrefetchSubscriber.request(FluxConcatMapNoPrefetch.java:339) ~[reactor-core-3.6.10.jar:3.6.10]
		at reactor.core.publisher.MonoNext$NextSubscriber.request(MonoNext.java:108) ~[reactor-core-3.6.10.jar:3.6.10]
		at reactor.core.publisher.FluxMap$MapSubscriber.request(FluxMap.java:164) ~[reactor-core-3.6.10.jar:3.6.10]
		at reactor.core.publisher.FluxMap$MapSubscriber.request(FluxMap.java:164) ~[reactor-core-3.6.10.jar:3.6.10]
		at reactor.core.publisher.Operators$MultiSubscriptionSubscriber.request(Operators.java:2331) ~[reactor-core-3.6.10.jar:3.6.10]
		at reactor.core.publisher.FluxMap$MapSubscriber.request(FluxMap.java:164) ~[reactor-core-3.6.10.jar:3.6.10]
		at reactor.core.publisher.Operators$MultiSubscriptionSubscriber.request(Operators.java:2331) ~[reactor-core-3.6.10.jar:3.6.10]
		at reactor.core.publisher.FluxConcatMapNoPrefetch$FluxConcatMapNoPrefetchSubscriber.request(FluxConcatMapNoPrefetch.java:339) ~[reactor-core-3.6.10.jar:3.6.10]
		at reactor.core.publisher.MonoNext$NextSubscriber.request(MonoNext.java:108) ~[reactor-core-3.6.10.jar:3.6.10]
		at reactor.core.publisher.Operators$MultiSubscriptionSubscriber.set(Operators.java:2367) ~[reactor-core-3.6.10.jar:3.6.10]
		at reactor.core.publisher.Operators$MultiSubscriptionSubscriber.onSubscribe(Operators.java:2241) ~[reactor-core-3.6.10.jar:3.6.10]
		at reactor.core.publisher.MonoNext$NextSubscriber.onSubscribe(MonoNext.java:70) ~[reactor-core-3.6.10.jar:3.6.10]
		at reactor.core.publisher.FluxConcatMapNoPrefetch$FluxConcatMapNoPrefetchSubscriber.onSubscribe(FluxConcatMapNoPrefetch.java:164) ~[reactor-core-3.6.10.jar:3.6.10]
		at reactor.core.publisher.FluxIterable.subscribe(FluxIterable.java:201) ~[reactor-core-3.6.10.jar:3.6.10]
		at reactor.core.publisher.FluxIterable.subscribe(FluxIterable.java:83) ~[reactor-core-3.6.10.jar:3.6.10]
		at reactor.core.publisher.InternalMonoOperator.subscribe(InternalMonoOperator.java:76) ~[reactor-core-3.6.10.jar:3.6.10]
		at reactor.core.publisher.MonoDefer.subscribe(MonoDefer.java:53) ~[reactor-core-3.6.10.jar:3.6.10]
		at reactor.core.publisher.InternalMonoOperator.subscribe(InternalMonoOperator.java:76) ~[reactor-core-3.6.10.jar:3.6.10]
		at reactor.core.publisher.MonoDefer.subscribe(MonoDefer.java:53) ~[reactor-core-3.6.10.jar:3.6.10]
		at reactor.core.publisher.Mono.subscribe(Mono.java:4576) ~[reactor-core-3.6.10.jar:3.6.10]
		at reactor.core.publisher.MonoIgnoreThen$ThenIgnoreMain.subscribeNext(MonoIgnoreThen.java:265) ~[reactor-core-3.6.10.jar:3.6.10]
		at reactor.core.publisher.MonoIgnoreThen.subscribe(MonoIgnoreThen.java:51) ~[reactor-core-3.6.10.jar:3.6.10]
		at reactor.core.publisher.Mono.subscribe(Mono.java:4576) ~[reactor-core-3.6.10.jar:3.6.10]
		at org.springframework.http.server.reactive.ServletHttpHandlerAdapter.service(ServletHttpHandlerAdapter.java:199) ~[spring-web-6.1.13.jar:6.1.13]
		at org.apache.catalina.core.ApplicationFilterChain.internalDoFilter(ApplicationFilterChain.java:195) ~[tomcat-embed-core-10.1.30.jar:10.1.30]
		at org.apache.catalina.core.ApplicationFilterChain.doFilter(ApplicationFilterChain.java:140) ~[tomcat-embed-core-10.1.30.jar:10.1.30]
		at org.apache.tomcat.websocket.server.WsFilter.doFilter(WsFilter.java:51) ~[tomcat-embed-websocket-10.1.30.jar:10.1.30]
		at org.apache.catalina.core.ApplicationFilterChain.internalDoFilter(ApplicationFilterChain.java:164) ~[tomcat-embed-core-10.1.30.jar:10.1.30]
		at org.apache.catalina.core.ApplicationFilterChain.doFilter(ApplicationFilterChain.java:140) ~[tomcat-embed-core-10.1.30.jar:10.1.30]
		at org.apache.catalina.core.StandardWrapperValve.invoke(StandardWrapperValve.java:167) ~[tomcat-embed-core-10.1.30.jar:10.1.30]
		at org.apache.catalina.core.StandardContextValve.invoke(StandardContextValve.java:90) ~[tomcat-embed-core-10.1.30.jar:10.1.30]
		at org.apache.catalina.authenticator.AuthenticatorBase.invoke(AuthenticatorBase.java:483) ~[tomcat-embed-core-10.1.30.jar:10.1.30]
		at org.apache.catalina.core.StandardHostValve.invoke(StandardHostValve.java:115) ~[tomcat-embed-core-10.1.30.jar:10.1.30]
		at org.apache.catalina.valves.ErrorReportValve.invoke(ErrorReportValve.java:93) ~[tomcat-embed-core-10.1.30.jar:10.1.30]
		at org.apache.catalina.core.StandardEngineValve.invoke(StandardEngineValve.java:74) ~[tomcat-embed-core-10.1.30.jar:10.1.30]
		at org.apache.catalina.connector.CoyoteAdapter.service(CoyoteAdapter.java:344) ~[tomcat-embed-core-10.1.30.jar:10.1.30]
		at org.apache.coyote.http11.Http11Processor.service(Http11Processor.java:384) ~[tomcat-embed-core-10.1.30.jar:10.1.30]
		at org.apache.coyote.AbstractProcessorLight.process(AbstractProcessorLight.java:63) ~[tomcat-embed-core-10.1.30.jar:10.1.30]
		at org.apache.coyote.AbstractProtocol$ConnectionHandler.process(AbstractProtocol.java:905) ~[tomcat-embed-core-10.1.30.jar:10.1.30]
		at org.apache.tomcat.util.net.NioEndpoint$SocketProcessor.doRun(NioEndpoint.java:1741) ~[tomcat-embed-core-10.1.30.jar:10.1.30]
		at org.apache.tomcat.util.net.SocketProcessorBase.run(SocketProcessorBase.java:52) ~[tomcat-embed-core-10.1.30.jar:10.1.30]
		at org.apache.tomcat.util.threads.ThreadPoolExecutor.runWorker(ThreadPoolExecutor.java:1190) ~[tomcat-embed-core-10.1.30.jar:10.1.30]
		at org.apache.tomcat.util.threads.ThreadPoolExecutor$Worker.run(ThreadPoolExecutor.java:659) ~[tomcat-embed-core-10.1.30.jar:10.1.30]
		at org.apache.tomcat.util.threads.TaskThread$WrappingRunnable.run(TaskThread.java:63) ~[tomcat-embed-core-10.1.30.jar:10.1.30]
		at java.base/java.lang.Thread.run(Thread.java:1575) ~[na:na]

17:06:41:726 ERROR 31660 --- [gateway] [http-nio-8080-exec-1] a.w.r.e.AbstractErrorWebExceptionHandler : [51825084]  500 Server Error for HTTP GET "/ws"

java.lang.ClassCastException: class org.apache.catalina.connector.ResponseFacade cannot be cast to class reactor.netty.http.server.HttpServerResponse (org.apache.catalina.connector.ResponseFacade and reactor.netty.http.server.HttpServerResponse are in unnamed module of loader 'app')
	at org.springframework.web.reactive.socket.server.upgrade.ReactorNettyRequestUpgradeStrategy.upgrade(ReactorNettyRequestUpgradeStrategy.java:163) ~[spring-webflux-6.1.13.jar:6.1.13]
	Suppressed: reactor.core.publisher.FluxOnAssembly$OnAssemblyException: 
Error has been observed at the following site(s):
	*__checkpoint ⇢ org.springframework.cloud.gateway.filter.WeightCalculatorWebFilter [DefaultWebFilterChain]
	*__checkpoint ⇢ HTTP GET "/ws" [ExceptionHandlingWebHandler]
Original Stack Trace:
		at org.springframework.web.reactive.socket.server.upgrade.ReactorNettyRequestUpgradeStrategy.upgrade(ReactorNettyRequestUpgradeStrategy.java:163) ~[spring-webflux-6.1.13.jar:6.1.13]
		at org.springframework.web.reactive.socket.server.support.HandshakeWebSocketService.lambda$handleRequest$1(HandshakeWebSocketService.java:221) ~[spring-webflux-6.1.13.jar:6.1.13]
		at reactor.core.publisher.FluxFlatMap.trySubscribeScalarMap(FluxFlatMap.java:153) ~[reactor-core-3.6.10.jar:3.6.10]
		at reactor.core.publisher.MonoFlatMap.subscribeOrReturn(MonoFlatMap.java:53) ~[reactor-core-3.6.10.jar:3.6.10]
		at reactor.core.publisher.InternalMonoOperator.subscribe(InternalMonoOperator.java:63) ~[reactor-core-3.6.10.jar:3.6.10]
		at reactor.core.publisher.MonoDefer.subscribe(MonoDefer.java:53) ~[reactor-core-3.6.10.jar:3.6.10]
		at reactor.core.publisher.MonoDefer.subscribe(MonoDefer.java:53) ~[reactor-core-3.6.10.jar:3.6.10]
		at reactor.core.publisher.MonoIgnoreThen$ThenIgnoreMain.subscribeNext(MonoIgnoreThen.java:241) ~[reactor-core-3.6.10.jar:3.6.10]
		at reactor.core.publisher.MonoIgnoreThen$ThenIgnoreMain.onComplete(MonoIgnoreThen.java:204) ~[reactor-core-3.6.10.jar:3.6.10]
		at reactor.core.publisher.FluxPeek$PeekSubscriber.onComplete(FluxPeek.java:260) ~[reactor-core-3.6.10.jar:3.6.10]
		at reactor.core.publisher.FluxMap$MapSubscriber.onComplete(FluxMap.java:144) ~[reactor-core-3.6.10.jar:3.6.10]
		at reactor.core.publisher.MonoNext$NextSubscriber.onComplete(MonoNext.java:102) ~[reactor-core-3.6.10.jar:3.6.10]
		at reactor.core.publisher.MonoNext$NextSubscriber.onNext(MonoNext.java:83) ~[reactor-core-3.6.10.jar:3.6.10]
		at reactor.core.publisher.FluxDematerialize$DematerializeSubscriber.onNext(FluxDematerialize.java:98) ~[reactor-core-3.6.10.jar:3.6.10]
		at reactor.core.publisher.FluxDematerialize$DematerializeSubscriber.onNext(FluxDematerialize.java:44) ~[reactor-core-3.6.10.jar:3.6.10]
		at reactor.core.publisher.FluxFlattenIterable$FlattenIterableSubscriber.drainAsync(FluxFlattenIterable.java:453) ~[reactor-core-3.6.10.jar:3.6.10]
		at reactor.core.publisher.FluxFlattenIterable$FlattenIterableSubscriber.drain(FluxFlattenIterable.java:724) ~[reactor-core-3.6.10.jar:3.6.10]
		at reactor.core.publisher.FluxFlattenIterable$FlattenIterableSubscriber.onNext(FluxFlattenIterable.java:256) ~[reactor-core-3.6.10.jar:3.6.10]
		at reactor.core.publisher.FluxSwitchIfEmpty$SwitchIfEmptySubscriber.onNext(FluxSwitchIfEmpty.java:74) ~[reactor-core-3.6.10.jar:3.6.10]
		at reactor.core.publisher.Operators$BaseFluxToMonoOperator.completePossiblyEmpty(Operators.java:2097) ~[reactor-core-3.6.10.jar:3.6.10]
		at reactor.core.publisher.MonoCollectList$MonoCollectListSubscriber.onComplete(MonoCollectList.java:118) ~[reactor-core-3.6.10.jar:3.6.10]
		at reactor.core.publisher.DrainUtils.postCompleteDrain(DrainUtils.java:132) ~[reactor-core-3.6.10.jar:3.6.10]
		at reactor.core.publisher.DrainUtils.postComplete(DrainUtils.java:187) ~[reactor-core-3.6.10.jar:3.6.10]
		at reactor.core.publisher.FluxMaterialize$MaterializeSubscriber.onComplete(FluxMaterialize.java:141) ~[reactor-core-3.6.10.jar:3.6.10]
		at reactor.core.publisher.Operators$ScalarSubscription.request(Operators.java:2573) ~[reactor-core-3.6.10.jar:3.6.10]
		at reactor.core.publisher.FluxMaterialize$MaterializeSubscriber.request(FluxMaterialize.java:148) ~[reactor-core-3.6.10.jar:3.6.10]
		at reactor.core.publisher.Operators$BaseFluxToMonoOperator.request(Operators.java:2067) ~[reactor-core-3.6.10.jar:3.6.10]
		at reactor.core.publisher.Operators$MultiSubscriptionSubscriber.set(Operators.java:2367) ~[reactor-core-3.6.10.jar:3.6.10]
		at reactor.core.publisher.Operators$MultiSubscriptionSubscriber.onSubscribe(Operators.java:2241) ~[reactor-core-3.6.10.jar:3.6.10]
		at reactor.core.publisher.Operators$BaseFluxToMonoOperator.onSubscribe(Operators.java:2051) ~[reactor-core-3.6.10.jar:3.6.10]
		at reactor.core.publisher.FluxMaterialize$MaterializeSubscriber.onSubscribe(FluxMaterialize.java:103) ~[reactor-core-3.6.10.jar:3.6.10]
		at reactor.core.publisher.FluxJust.subscribe(FluxJust.java:68) ~[reactor-core-3.6.10.jar:3.6.10]
		at reactor.core.publisher.InternalFluxOperator.subscribe(InternalFluxOperator.java:68) ~[reactor-core-3.6.10.jar:3.6.10]
		at reactor.core.publisher.FluxDefer.subscribe(FluxDefer.java:54) ~[reactor-core-3.6.10.jar:3.6.10]
		at reactor.core.publisher.Mono.subscribe(Mono.java:4576) ~[reactor-core-3.6.10.jar:3.6.10]
		at reactor.core.publisher.MonoIgnoreThen$ThenIgnoreMain.subscribeNext(MonoIgnoreThen.java:265) ~[reactor-core-3.6.10.jar:3.6.10]
		at reactor.core.publisher.MonoIgnoreThen.subscribe(MonoIgnoreThen.java:51) ~[reactor-core-3.6.10.jar:3.6.10]
		at reactor.core.publisher.InternalMonoOperator.subscribe(InternalMonoOperator.java:76) ~[reactor-core-3.6.10.jar:3.6.10]
		at reactor.core.publisher.MonoDefer.subscribe(MonoDefer.java:53) ~[reactor-core-3.6.10.jar:3.6.10]
		at reactor.core.publisher.MonoDefer.subscribe(MonoDefer.java:53) ~[reactor-core-3.6.10.jar:3.6.10]
		at reactor.core.publisher.MonoDefer.subscribe(MonoDefer.java:53) ~[reactor-core-3.6.10.jar:3.6.10]
		at reactor.core.publisher.MonoDefer.subscribe(MonoDefer.java:53) ~[reactor-core-3.6.10.jar:3.6.10]
		at reactor.core.publisher.Mono.subscribe(Mono.java:4576) ~[reactor-core-3.6.10.jar:3.6.10]
		at reactor.core.publisher.MonoIgnoreThen$ThenIgnoreMain.subscribeNext(MonoIgnoreThen.java:265) ~[reactor-core-3.6.10.jar:3.6.10]
		at reactor.core.publisher.MonoIgnoreThen.subscribe(MonoIgnoreThen.java:51) ~[reactor-core-3.6.10.jar:3.6.10]
		at reactor.core.publisher.InternalMonoOperator.subscribe(InternalMonoOperator.java:76) ~[reactor-core-3.6.10.jar:3.6.10]
		at reactor.core.publisher.MonoDefer.subscribe(MonoDefer.java:53) ~[reactor-core-3.6.10.jar:3.6.10]
		at reactor.core.publisher.MonoDefer.subscribe(MonoDefer.java:53) ~[reactor-core-3.6.10.jar:3.6.10]
		at reactor.core.publisher.MonoDefer.subscribe(MonoDefer.java:53) ~[reactor-core-3.6.10.jar:3.6.10]
		at reactor.core.publisher.InternalMonoOperator.subscribe(InternalMonoOperator.java:76) ~[reactor-core-3.6.10.jar:3.6.10]
		at reactor.core.publisher.MonoDefer.subscribe(MonoDefer.java:53) ~[reactor-core-3.6.10.jar:3.6.10]
		at reactor.core.publisher.Mono.subscribe(Mono.java:4576) ~[reactor-core-3.6.10.jar:3.6.10]
		at reactor.core.publisher.MonoIgnoreThen$ThenIgnoreMain.subscribeNext(MonoIgnoreThen.java:265) ~[reactor-core-3.6.10.jar:3.6.10]
		at reactor.core.publisher.MonoIgnoreThen.subscribe(MonoIgnoreThen.java:51) ~[reactor-core-3.6.10.jar:3.6.10]
		at reactor.core.publisher.InternalMonoOperator.subscribe(InternalMonoOperator.java:76) ~[reactor-core-3.6.10.jar:3.6.10]
		at reactor.core.publisher.MonoFlatMap$FlatMapMain.onNext(MonoFlatMap.java:165) ~[reactor-core-3.6.10.jar:3.6.10]
		at reactor.core.publisher.FluxOnErrorResume$ResumeSubscriber.onNext(FluxOnErrorResume.java:79) ~[reactor-core-3.6.10.jar:3.6.10]
		at reactor.core.publisher.FluxSwitchIfEmpty$SwitchIfEmptySubscriber.onNext(FluxSwitchIfEmpty.java:74) ~[reactor-core-3.6.10.jar:3.6.10]
		at reactor.core.publisher.MonoNext$NextSubscriber.onNext(MonoNext.java:82) ~[reactor-core-3.6.10.jar:3.6.10]
		at reactor.core.publisher.FluxConcatMapNoPrefetch$FluxConcatMapNoPrefetchSubscriber.innerNext(FluxConcatMapNoPrefetch.java:259) ~[reactor-core-3.6.10.jar:3.6.10]
		at reactor.core.publisher.FluxConcatMap$ConcatMapInner.onNext(FluxConcatMap.java:865) ~[reactor-core-3.6.10.jar:3.6.10]
		at reactor.core.publisher.FluxMap$MapSubscriber.onNext(FluxMap.java:122) ~[reactor-core-3.6.10.jar:3.6.10]
		at reactor.core.publisher.FluxSwitchIfEmpty$SwitchIfEmptySubscriber.onNext(FluxSwitchIfEmpty.java:74) ~[reactor-core-3.6.10.jar:3.6.10]
		at reactor.core.publisher.FluxMap$MapSubscriber.onNext(FluxMap.java:122) ~[reactor-core-3.6.10.jar:3.6.10]
		at reactor.core.publisher.FluxMap$MapSubscriber.onNext(FluxMap.java:122) ~[reactor-core-3.6.10.jar:3.6.10]
		at reactor.core.publisher.MonoNext$NextSubscriber.onNext(MonoNext.java:82) ~[reactor-core-3.6.10.jar:3.6.10]
		at reactor.core.publisher.FluxConcatMapNoPrefetch$FluxConcatMapNoPrefetchSubscriber.innerNext(FluxConcatMapNoPrefetch.java:259) ~[reactor-core-3.6.10.jar:3.6.10]
		at reactor.core.publisher.FluxConcatMap$ConcatMapInner.onNext(FluxConcatMap.java:865) ~[reactor-core-3.6.10.jar:3.6.10]
		at reactor.core.publisher.FluxOnErrorResume$ResumeSubscriber.onNext(FluxOnErrorResume.java:79) ~[reactor-core-3.6.10.jar:3.6.10]
		at reactor.core.publisher.MonoPeekTerminal$MonoTerminalPeekSubscriber.onNext(MonoPeekTerminal.java:180) ~[reactor-core-3.6.10.jar:3.6.10]
		at reactor.core.publisher.MonoFilterWhen$MonoFilterWhenMain.onNext(MonoFilterWhen.java:136) ~[reactor-core-3.6.10.jar:3.6.10]
		at reactor.core.publisher.Operators$ScalarSubscription.request(Operators.java:2571) ~[reactor-core-3.6.10.jar:3.6.10]
		at reactor.core.publisher.MonoFilterWhen$MonoFilterWhenMain.request(MonoFilterWhen.java:183) ~[reactor-core-3.6.10.jar:3.6.10]
		at reactor.core.publisher.MonoPeekTerminal$MonoTerminalPeekSubscriber.request(MonoPeekTerminal.java:139) ~[reactor-core-3.6.10.jar:3.6.10]
		at reactor.core.publisher.Operators$MultiSubscriptionSubscriber.request(Operators.java:2331) ~[reactor-core-3.6.10.jar:3.6.10]
		at reactor.core.publisher.Operators$MultiSubscriptionSubscriber.request(Operators.java:2331) ~[reactor-core-3.6.10.jar:3.6.10]
		at reactor.core.publisher.FluxConcatMapNoPrefetch$FluxConcatMapNoPrefetchSubscriber.request(FluxConcatMapNoPrefetch.java:339) ~[reactor-core-3.6.10.jar:3.6.10]
		at reactor.core.publisher.MonoNext$NextSubscriber.request(MonoNext.java:108) ~[reactor-core-3.6.10.jar:3.6.10]
		at reactor.core.publisher.FluxMap$MapSubscriber.request(FluxMap.java:164) ~[reactor-core-3.6.10.jar:3.6.10]
		at reactor.core.publisher.FluxMap$MapSubscriber.request(FluxMap.java:164) ~[reactor-core-3.6.10.jar:3.6.10]
		at reactor.core.publisher.Operators$MultiSubscriptionSubscriber.request(Operators.java:2331) ~[reactor-core-3.6.10.jar:3.6.10]
		at reactor.core.publisher.FluxMap$MapSubscriber.request(FluxMap.java:164) ~[reactor-core-3.6.10.jar:3.6.10]
		at reactor.core.publisher.Operators$MultiSubscriptionSubscriber.request(Operators.java:2331) ~[reactor-core-3.6.10.jar:3.6.10]
		at reactor.core.publisher.FluxConcatMapNoPrefetch$FluxConcatMapNoPrefetchSubscriber.request(FluxConcatMapNoPrefetch.java:339) ~[reactor-core-3.6.10.jar:3.6.10]
		at reactor.core.publisher.MonoNext$NextSubscriber.request(MonoNext.java:108) ~[reactor-core-3.6.10.jar:3.6.10]
		at reactor.core.publisher.Operators$MultiSubscriptionSubscriber.set(Operators.java:2367) ~[reactor-core-3.6.10.jar:3.6.10]
		at reactor.core.publisher.Operators$MultiSubscriptionSubscriber.onSubscribe(Operators.java:2241) ~[reactor-core-3.6.10.jar:3.6.10]
		at reactor.core.publisher.MonoNext$NextSubscriber.onSubscribe(MonoNext.java:70) ~[reactor-core-3.6.10.jar:3.6.10]
		at reactor.core.publisher.FluxConcatMapNoPrefetch$FluxConcatMapNoPrefetchSubscriber.onSubscribe(FluxConcatMapNoPrefetch.java:164) ~[reactor-core-3.6.10.jar:3.6.10]
		at reactor.core.publisher.FluxIterable.subscribe(FluxIterable.java:201) ~[reactor-core-3.6.10.jar:3.6.10]
		at reactor.core.publisher.FluxIterable.subscribe(FluxIterable.java:83) ~[reactor-core-3.6.10.jar:3.6.10]
		at reactor.core.publisher.InternalMonoOperator.subscribe(InternalMonoOperator.java:76) ~[reactor-core-3.6.10.jar:3.6.10]
		at reactor.core.publisher.MonoDefer.subscribe(MonoDefer.java:53) ~[reactor-core-3.6.10.jar:3.6.10]
		at reactor.core.publisher.InternalMonoOperator.subscribe(InternalMonoOperator.java:76) ~[reactor-core-3.6.10.jar:3.6.10]
		at reactor.core.publisher.MonoDefer.subscribe(MonoDefer.java:53) ~[reactor-core-3.6.10.jar:3.6.10]
		at reactor.core.publisher.Mono.subscribe(Mono.java:4576) ~[reactor-core-3.6.10.jar:3.6.10]
		at reactor.core.publisher.MonoIgnoreThen$ThenIgnoreMain.subscribeNext(MonoIgnoreThen.java:265) ~[reactor-core-3.6.10.jar:3.6.10]
		at reactor.core.publisher.MonoIgnoreThen.subscribe(MonoIgnoreThen.java:51) ~[reactor-core-3.6.10.jar:3.6.10]
		at reactor.core.publisher.Mono.subscribe(Mono.java:4576) ~[reactor-core-3.6.10.jar:3.6.10]
		at org.springframework.http.server.reactive.ServletHttpHandlerAdapter.service(ServletHttpHandlerAdapter.java:199) ~[spring-web-6.1.13.jar:6.1.13]
		at org.apache.catalina.core.ApplicationFilterChain.internalDoFilter(ApplicationFilterChain.java:195) ~[tomcat-embed-core-10.1.30.jar:10.1.30]
		at org.apache.catalina.core.ApplicationFilterChain.doFilter(ApplicationFilterChain.java:140) ~[tomcat-embed-core-10.1.30.jar:10.1.30]
		at org.apache.tomcat.websocket.server.WsFilter.doFilter(WsFilter.java:51) ~[tomcat-embed-websocket-10.1.30.jar:10.1.30]
		at org.apache.catalina.core.ApplicationFilterChain.internalDoFilter(ApplicationFilterChain.java:164) ~[tomcat-embed-core-10.1.30.jar:10.1.30]
		at org.apache.catalina.core.ApplicationFilterChain.doFilter(ApplicationFilterChain.java:140) ~[tomcat-embed-core-10.1.30.jar:10.1.30]
		at org.apache.catalina.core.StandardWrapperValve.invoke(StandardWrapperValve.java:167) ~[tomcat-embed-core-10.1.30.jar:10.1.30]
		at org.apache.catalina.core.StandardContextValve.invoke(StandardContextValve.java:90) ~[tomcat-embed-core-10.1.30.jar:10.1.30]
		at org.apache.catalina.authenticator.AuthenticatorBase.invoke(AuthenticatorBase.java:483) ~[tomcat-embed-core-10.1.30.jar:10.1.30]
		at org.apache.catalina.core.StandardHostValve.invoke(StandardHostValve.java:115) ~[tomcat-embed-core-10.1.30.jar:10.1.30]
		at org.apache.catalina.valves.ErrorReportValve.invoke(ErrorReportValve.java:93) ~[tomcat-embed-core-10.1.30.jar:10.1.30]
		at org.apache.catalina.core.StandardEngineValve.invoke(StandardEngineValve.java:74) ~[tomcat-embed-core-10.1.30.jar:10.1.30]
		at org.apache.catalina.connector.CoyoteAdapter.service(CoyoteAdapter.java:344) ~[tomcat-embed-core-10.1.30.jar:10.1.30]
		at org.apache.coyote.http11.Http11Processor.service(Http11Processor.java:384) ~[tomcat-embed-core-10.1.30.jar:10.1.30]
		at org.apache.coyote.AbstractProcessorLight.process(AbstractProcessorLight.java:63) ~[tomcat-embed-core-10.1.30.jar:10.1.30]
		at org.apache.coyote.AbstractProtocol$ConnectionHandler.process(AbstractProtocol.java:905) ~[tomcat-embed-core-10.1.30.jar:10.1.30]
		at org.apache.tomcat.util.net.NioEndpoint$SocketProcessor.doRun(NioEndpoint.java:1741) ~[tomcat-embed-core-10.1.30.jar:10.1.30]
		at org.apache.tomcat.util.net.SocketProcessorBase.run(SocketProcessorBase.java:52) ~[tomcat-embed-core-10.1.30.jar:10.1.30]
		at org.apache.tomcat.util.threads.ThreadPoolExecutor.runWorker(ThreadPoolExecutor.java:1190) ~[tomcat-embed-core-10.1.30.jar:10.1.30]
		at org.apache.tomcat.util.threads.ThreadPoolExecutor$Worker.run(ThreadPoolExecutor.java:659) ~[tomcat-embed-core-10.1.30.jar:10.1.30]
		at org.apache.tomcat.util.threads.TaskThread$WrappingRunnable.run(TaskThread.java:63) ~[tomcat-embed-core-10.1.30.jar:10.1.30]
		at java.base/java.lang.Thread.run(Thread.java:1575) ~[na:na]

17:06:42:013 ERROR 31660 --- [gateway] [http-nio-8080-exec-2] a.w.r.e.AbstractErrorWebExceptionHandler : [225ba2e4]  500 Server Error for HTTP GET "/ws"

java.lang.ClassCastException: class org.apache.catalina.connector.ResponseFacade cannot be cast to class reactor.netty.http.server.HttpServerResponse (org.apache.catalina.connector.ResponseFacade and reactor.netty.http.server.HttpServerResponse are in unnamed module of loader 'app')
	at org.springframework.web.reactive.socket.server.upgrade.ReactorNettyRequestUpgradeStrategy.upgrade(ReactorNettyRequestUpgradeStrategy.java:163) ~[spring-webflux-6.1.13.jar:6.1.13]
	Suppressed: reactor.core.publisher.FluxOnAssembly$OnAssemblyException: 
Error has been observed at the following site(s):
	*__checkpoint ⇢ org.springframework.cloud.gateway.filter.WeightCalculatorWebFilter [DefaultWebFilterChain]
	*__checkpoint ⇢ HTTP GET "/ws" [ExceptionHandlingWebHandler]
Original Stack Trace:
		at org.springframework.web.reactive.socket.server.upgrade.ReactorNettyRequestUpgradeStrategy.upgrade(ReactorNettyRequestUpgradeStrategy.java:163) ~[spring-webflux-6.1.13.jar:6.1.13]
		at org.springframework.web.reactive.socket.server.support.HandshakeWebSocketService.lambda$handleRequest$1(HandshakeWebSocketService.java:221) ~[spring-webflux-6.1.13.jar:6.1.13]
		at reactor.core.publisher.FluxFlatMap.trySubscribeScalarMap(FluxFlatMap.java:153) ~[reactor-core-3.6.10.jar:3.6.10]
		at reactor.core.publisher.MonoFlatMap.subscribeOrReturn(MonoFlatMap.java:53) ~[reactor-core-3.6.10.jar:3.6.10]
		at reactor.core.publisher.InternalMonoOperator.subscribe(InternalMonoOperator.java:63) ~[reactor-core-3.6.10.jar:3.6.10]
		at reactor.core.publisher.MonoDefer.subscribe(MonoDefer.java:53) ~[reactor-core-3.6.10.jar:3.6.10]
		at reactor.core.publisher.MonoDefer.subscribe(MonoDefer.java:53) ~[reactor-core-3.6.10.jar:3.6.10]
		at reactor.core.publisher.MonoIgnoreThen$ThenIgnoreMain.subscribeNext(MonoIgnoreThen.java:241) ~[reactor-core-3.6.10.jar:3.6.10]
		at reactor.core.publisher.MonoIgnoreThen$ThenIgnoreMain.onComplete(MonoIgnoreThen.java:204) ~[reactor-core-3.6.10.jar:3.6.10]
		at reactor.core.publisher.FluxPeek$PeekSubscriber.onComplete(FluxPeek.java:260) ~[reactor-core-3.6.10.jar:3.6.10]
		at reactor.core.publisher.FluxMap$MapSubscriber.onComplete(FluxMap.java:144) ~[reactor-core-3.6.10.jar:3.6.10]
		at reactor.core.publisher.MonoNext$NextSubscriber.onComplete(MonoNext.java:102) ~[reactor-core-3.6.10.jar:3.6.10]
		at reactor.core.publisher.MonoNext$NextSubscriber.onNext(MonoNext.java:83) ~[reactor-core-3.6.10.jar:3.6.10]
		at reactor.core.publisher.FluxDematerialize$DematerializeSubscriber.onNext(FluxDematerialize.java:98) ~[reactor-core-3.6.10.jar:3.6.10]
		at reactor.core.publisher.FluxDematerialize$DematerializeSubscriber.onNext(FluxDematerialize.java:44) ~[reactor-core-3.6.10.jar:3.6.10]
		at reactor.core.publisher.FluxFlattenIterable$FlattenIterableSubscriber.drainAsync(FluxFlattenIterable.java:453) ~[reactor-core-3.6.10.jar:3.6.10]
		at reactor.core.publisher.FluxFlattenIterable$FlattenIterableSubscriber.drain(FluxFlattenIterable.java:724) ~[reactor-core-3.6.10.jar:3.6.10]
		at reactor.core.publisher.FluxFlattenIterable$FlattenIterableSubscriber.onNext(FluxFlattenIterable.java:256) ~[reactor-core-3.6.10.jar:3.6.10]
		at reactor.core.publisher.FluxSwitchIfEmpty$SwitchIfEmptySubscriber.onNext(FluxSwitchIfEmpty.java:74) ~[reactor-core-3.6.10.jar:3.6.10]
		at reactor.core.publisher.Operators$BaseFluxToMonoOperator.completePossiblyEmpty(Operators.java:2097) ~[reactor-core-3.6.10.jar:3.6.10]
		at reactor.core.publisher.MonoCollectList$MonoCollectListSubscriber.onComplete(MonoCollectList.java:118) ~[reactor-core-3.6.10.jar:3.6.10]
		at reactor.core.publisher.DrainUtils.postCompleteDrain(DrainUtils.java:132) ~[reactor-core-3.6.10.jar:3.6.10]
		at reactor.core.publisher.DrainUtils.postComplete(DrainUtils.java:187) ~[reactor-core-3.6.10.jar:3.6.10]
		at reactor.core.publisher.FluxMaterialize$MaterializeSubscriber.onComplete(FluxMaterialize.java:141) ~[reactor-core-3.6.10.jar:3.6.10]
		at reactor.core.publisher.Operators$ScalarSubscription.request(Operators.java:2573) ~[reactor-core-3.6.10.jar:3.6.10]
		at reactor.core.publisher.FluxMaterialize$MaterializeSubscriber.request(FluxMaterialize.java:148) ~[reactor-core-3.6.10.jar:3.6.10]
		at reactor.core.publisher.Operators$BaseFluxToMonoOperator.request(Operators.java:2067) ~[reactor-core-3.6.10.jar:3.6.10]
		at reactor.core.publisher.Operators$MultiSubscriptionSubscriber.set(Operators.java:2367) ~[reactor-core-3.6.10.jar:3.6.10]
		at reactor.core.publisher.Operators$MultiSubscriptionSubscriber.onSubscribe(Operators.java:2241) ~[reactor-core-3.6.10.jar:3.6.10]
		at reactor.core.publisher.Operators$BaseFluxToMonoOperator.onSubscribe(Operators.java:2051) ~[reactor-core-3.6.10.jar:3.6.10]
		at reactor.core.publisher.FluxMaterialize$MaterializeSubscriber.onSubscribe(FluxMaterialize.java:103) ~[reactor-core-3.6.10.jar:3.6.10]
		at reactor.core.publisher.FluxJust.subscribe(FluxJust.java:68) ~[reactor-core-3.6.10.jar:3.6.10]
		at reactor.core.publisher.InternalFluxOperator.subscribe(InternalFluxOperator.java:68) ~[reactor-core-3.6.10.jar:3.6.10]
		at reactor.core.publisher.FluxDefer.subscribe(FluxDefer.java:54) ~[reactor-core-3.6.10.jar:3.6.10]
		at reactor.core.publisher.Mono.subscribe(Mono.java:4576) ~[reactor-core-3.6.10.jar:3.6.10]
		at reactor.core.publisher.MonoIgnoreThen$ThenIgnoreMain.subscribeNext(MonoIgnoreThen.java:265) ~[reactor-core-3.6.10.jar:3.6.10]
		at reactor.core.publisher.MonoIgnoreThen.subscribe(MonoIgnoreThen.java:51) ~[reactor-core-3.6.10.jar:3.6.10]
		at reactor.core.publisher.InternalMonoOperator.subscribe(InternalMonoOperator.java:76) ~[reactor-core-3.6.10.jar:3.6.10]
		at reactor.core.publisher.MonoDefer.subscribe(MonoDefer.java:53) ~[reactor-core-3.6.10.jar:3.6.10]
		at reactor.core.publisher.MonoDefer.subscribe(MonoDefer.java:53) ~[reactor-core-3.6.10.jar:3.6.10]
		at reactor.core.publisher.MonoDefer.subscribe(MonoDefer.java:53) ~[reactor-core-3.6.10.jar:3.6.10]
		at reactor.core.publisher.MonoDefer.subscribe(MonoDefer.java:53) ~[reactor-core-3.6.10.jar:3.6.10]
		at reactor.core.publisher.Mono.subscribe(Mono.java:4576) ~[reactor-core-3.6.10.jar:3.6.10]
		at reactor.core.publisher.MonoIgnoreThen$ThenIgnoreMain.subscribeNext(MonoIgnoreThen.java:265) ~[reactor-core-3.6.10.jar:3.6.10]
		at reactor.core.publisher.MonoIgnoreThen.subscribe(MonoIgnoreThen.java:51) ~[reactor-core-3.6.10.jar:3.6.10]
		at reactor.core.publisher.InternalMonoOperator.subscribe(InternalMonoOperator.java:76) ~[reactor-core-3.6.10.jar:3.6.10]
		at reactor.core.publisher.MonoDefer.subscribe(MonoDefer.java:53) ~[reactor-core-3.6.10.jar:3.6.10]
		at reactor.core.publisher.MonoDefer.subscribe(MonoDefer.java:53) ~[reactor-core-3.6.10.jar:3.6.10]
		at reactor.core.publisher.MonoDefer.subscribe(MonoDefer.java:53) ~[reactor-core-3.6.10.jar:3.6.10]
		at reactor.core.publisher.InternalMonoOperator.subscribe(InternalMonoOperator.java:76) ~[reactor-core-3.6.10.jar:3.6.10]
		at reactor.core.publisher.MonoDefer.subscribe(MonoDefer.java:53) ~[reactor-core-3.6.10.jar:3.6.10]
		at reactor.core.publisher.Mono.subscribe(Mono.java:4576) ~[reactor-core-3.6.10.jar:3.6.10]
		at reactor.core.publisher.MonoIgnoreThen$ThenIgnoreMain.subscribeNext(MonoIgnoreThen.java:265) ~[reactor-core-3.6.10.jar:3.6.10]
		at reactor.core.publisher.MonoIgnoreThen.subscribe(MonoIgnoreThen.java:51) ~[reactor-core-3.6.10.jar:3.6.10]
		at reactor.core.publisher.InternalMonoOperator.subscribe(InternalMonoOperator.java:76) ~[reactor-core-3.6.10.jar:3.6.10]
		at reactor.core.publisher.MonoFlatMap$FlatMapMain.onNext(MonoFlatMap.java:165) ~[reactor-core-3.6.10.jar:3.6.10]
		at reactor.core.publisher.FluxOnErrorResume$ResumeSubscriber.onNext(FluxOnErrorResume.java:79) ~[reactor-core-3.6.10.jar:3.6.10]
		at reactor.core.publisher.FluxSwitchIfEmpty$SwitchIfEmptySubscriber.onNext(FluxSwitchIfEmpty.java:74) ~[reactor-core-3.6.10.jar:3.6.10]
		at reactor.core.publisher.MonoNext$NextSubscriber.onNext(MonoNext.java:82) ~[reactor-core-3.6.10.jar:3.6.10]
		at reactor.core.publisher.FluxConcatMapNoPrefetch$FluxConcatMapNoPrefetchSubscriber.innerNext(FluxConcatMapNoPrefetch.java:259) ~[reactor-core-3.6.10.jar:3.6.10]
		at reactor.core.publisher.FluxConcatMap$ConcatMapInner.onNext(FluxConcatMap.java:865) ~[reactor-core-3.6.10.jar:3.6.10]
		at reactor.core.publisher.FluxMap$MapSubscriber.onNext(FluxMap.java:122) ~[reactor-core-3.6.10.jar:3.6.10]
		at reactor.core.publisher.FluxSwitchIfEmpty$SwitchIfEmptySubscriber.onNext(FluxSwitchIfEmpty.java:74) ~[reactor-core-3.6.10.jar:3.6.10]
		at reactor.core.publisher.FluxMap$MapSubscriber.onNext(FluxMap.java:122) ~[reactor-core-3.6.10.jar:3.6.10]
		at reactor.core.publisher.FluxMap$MapSubscriber.onNext(FluxMap.java:122) ~[reactor-core-3.6.10.jar:3.6.10]
		at reactor.core.publisher.MonoNext$NextSubscriber.onNext(MonoNext.java:82) ~[reactor-core-3.6.10.jar:3.6.10]
		at reactor.core.publisher.FluxConcatMapNoPrefetch$FluxConcatMapNoPrefetchSubscriber.innerNext(FluxConcatMapNoPrefetch.java:259) ~[reactor-core-3.6.10.jar:3.6.10]
		at reactor.core.publisher.FluxConcatMap$ConcatMapInner.onNext(FluxConcatMap.java:865) ~[reactor-core-3.6.10.jar:3.6.10]
		at reactor.core.publisher.FluxOnErrorResume$ResumeSubscriber.onNext(FluxOnErrorResume.java:79) ~[reactor-core-3.6.10.jar:3.6.10]
		at reactor.core.publisher.MonoPeekTerminal$MonoTerminalPeekSubscriber.onNext(MonoPeekTerminal.java:180) ~[reactor-core-3.6.10.jar:3.6.10]
		at reactor.core.publisher.MonoFilterWhen$MonoFilterWhenMain.onNext(MonoFilterWhen.java:136) ~[reactor-core-3.6.10.jar:3.6.10]
		at reactor.core.publisher.Operators$ScalarSubscription.request(Operators.java:2571) ~[reactor-core-3.6.10.jar:3.6.10]
		at reactor.core.publisher.MonoFilterWhen$MonoFilterWhenMain.request(MonoFilterWhen.java:183) ~[reactor-core-3.6.10.jar:3.6.10]
		at reactor.core.publisher.MonoPeekTerminal$MonoTerminalPeekSubscriber.request(MonoPeekTerminal.java:139) ~[reactor-core-3.6.10.jar:3.6.10]
		at reactor.core.publisher.Operators$MultiSubscriptionSubscriber.request(Operators.java:2331) ~[reactor-core-3.6.10.jar:3.6.10]
		at reactor.core.publisher.Operators$MultiSubscriptionSubscriber.request(Operators.java:2331) ~[reactor-core-3.6.10.jar:3.6.10]
		at reactor.core.publisher.FluxConcatMapNoPrefetch$FluxConcatMapNoPrefetchSubscriber.request(FluxConcatMapNoPrefetch.java:339) ~[reactor-core-3.6.10.jar:3.6.10]
		at reactor.core.publisher.MonoNext$NextSubscriber.request(MonoNext.java:108) ~[reactor-core-3.6.10.jar:3.6.10]
		at reactor.core.publisher.FluxMap$MapSubscriber.request(FluxMap.java:164) ~[reactor-core-3.6.10.jar:3.6.10]
		at reactor.core.publisher.FluxMap$MapSubscriber.request(FluxMap.java:164) ~[reactor-core-3.6.10.jar:3.6.10]
		at reactor.core.publisher.Operators$MultiSubscriptionSubscriber.request(Operators.java:2331) ~[reactor-core-3.6.10.jar:3.6.10]
		at reactor.core.publisher.FluxMap$MapSubscriber.request(FluxMap.java:164) ~[reactor-core-3.6.10.jar:3.6.10]
		at reactor.core.publisher.Operators$MultiSubscriptionSubscriber.request(Operators.java:2331) ~[reactor-core-3.6.10.jar:3.6.10]
		at reactor.core.publisher.FluxConcatMapNoPrefetch$FluxConcatMapNoPrefetchSubscriber.request(FluxConcatMapNoPrefetch.java:339) ~[reactor-core-3.6.10.jar:3.6.10]
		at reactor.core.publisher.MonoNext$NextSubscriber.request(MonoNext.java:108) ~[reactor-core-3.6.10.jar:3.6.10]
		at reactor.core.publisher.Operators$MultiSubscriptionSubscriber.set(Operators.java:2367) ~[reactor-core-3.6.10.jar:3.6.10]
		at reactor.core.publisher.Operators$MultiSubscriptionSubscriber.onSubscribe(Operators.java:2241) ~[reactor-core-3.6.10.jar:3.6.10]
		at reactor.core.publisher.MonoNext$NextSubscriber.onSubscribe(MonoNext.java:70) ~[reactor-core-3.6.10.jar:3.6.10]
		at reactor.core.publisher.FluxConcatMapNoPrefetch$FluxConcatMapNoPrefetchSubscriber.onSubscribe(FluxConcatMapNoPrefetch.java:164) ~[reactor-core-3.6.10.jar:3.6.10]
		at reactor.core.publisher.FluxIterable.subscribe(FluxIterable.java:201) ~[reactor-core-3.6.10.jar:3.6.10]
		at reactor.core.publisher.FluxIterable.subscribe(FluxIterable.java:83) ~[reactor-core-3.6.10.jar:3.6.10]
		at reactor.core.publisher.InternalMonoOperator.subscribe(InternalMonoOperator.java:76) ~[reactor-core-3.6.10.jar:3.6.10]
		at reactor.core.publisher.MonoDefer.subscribe(MonoDefer.java:53) ~[reactor-core-3.6.10.jar:3.6.10]
		at reactor.core.publisher.InternalMonoOperator.subscribe(InternalMonoOperator.java:76) ~[reactor-core-3.6.10.jar:3.6.10]
		at reactor.core.publisher.MonoDefer.subscribe(MonoDefer.java:53) ~[reactor-core-3.6.10.jar:3.6.10]
		at reactor.core.publisher.Mono.subscribe(Mono.java:4576) ~[reactor-core-3.6.10.jar:3.6.10]
		at reactor.core.publisher.MonoIgnoreThen$ThenIgnoreMain.subscribeNext(MonoIgnoreThen.java:265) ~[reactor-core-3.6.10.jar:3.6.10]
		at reactor.core.publisher.MonoIgnoreThen.subscribe(MonoIgnoreThen.java:51) ~[reactor-core-3.6.10.jar:3.6.10]
		at reactor.core.publisher.Mono.subscribe(Mono.java:4576) ~[reactor-core-3.6.10.jar:3.6.10]
		at org.springframework.http.server.reactive.ServletHttpHandlerAdapter.service(ServletHttpHandlerAdapter.java:199) ~[spring-web-6.1.13.jar:6.1.13]
		at org.apache.catalina.core.ApplicationFilterChain.internalDoFilter(ApplicationFilterChain.java:195) ~[tomcat-embed-core-10.1.30.jar:10.1.30]
		at org.apache.catalina.core.ApplicationFilterChain.doFilter(ApplicationFilterChain.java:140) ~[tomcat-embed-core-10.1.30.jar:10.1.30]
		at org.apache.tomcat.websocket.server.WsFilter.doFilter(WsFilter.java:51) ~[tomcat-embed-websocket-10.1.30.jar:10.1.30]
		at org.apache.catalina.core.ApplicationFilterChain.internalDoFilter(ApplicationFilterChain.java:164) ~[tomcat-embed-core-10.1.30.jar:10.1.30]
		at org.apache.catalina.core.ApplicationFilterChain.doFilter(ApplicationFilterChain.java:140) ~[tomcat-embed-core-10.1.30.jar:10.1.30]
		at org.apache.catalina.core.StandardWrapperValve.invoke(StandardWrapperValve.java:167) ~[tomcat-embed-core-10.1.30.jar:10.1.30]
		at org.apache.catalina.core.StandardContextValve.invoke(StandardContextValve.java:90) ~[tomcat-embed-core-10.1.30.jar:10.1.30]
		at org.apache.catalina.authenticator.AuthenticatorBase.invoke(AuthenticatorBase.java:483) ~[tomcat-embed-core-10.1.30.jar:10.1.30]
		at org.apache.catalina.core.StandardHostValve.invoke(StandardHostValve.java:115) ~[tomcat-embed-core-10.1.30.jar:10.1.30]
		at org.apache.catalina.valves.ErrorReportValve.invoke(ErrorReportValve.java:93) ~[tomcat-embed-core-10.1.30.jar:10.1.30]
		at org.apache.catalina.core.StandardEngineValve.invoke(StandardEngineValve.java:74) ~[tomcat-embed-core-10.1.30.jar:10.1.30]
		at org.apache.catalina.connector.CoyoteAdapter.service(CoyoteAdapter.java:344) ~[tomcat-embed-core-10.1.30.jar:10.1.30]
		at org.apache.coyote.http11.Http11Processor.service(Http11Processor.java:384) ~[tomcat-embed-core-10.1.30.jar:10.1.30]
		at org.apache.coyote.AbstractProcessorLight.process(AbstractProcessorLight.java:63) ~[tomcat-embed-core-10.1.30.jar:10.1.30]
		at org.apache.coyote.AbstractProtocol$ConnectionHandler.process(AbstractProtocol.java:905) ~[tomcat-embed-core-10.1.30.jar:10.1.30]
		at org.apache.tomcat.util.net.NioEndpoint$SocketProcessor.doRun(NioEndpoint.java:1741) ~[tomcat-embed-core-10.1.30.jar:10.1.30]
		at org.apache.tomcat.util.net.SocketProcessorBase.run(SocketProcessorBase.java:52) ~[tomcat-embed-core-10.1.30.jar:10.1.30]
		at org.apache.tomcat.util.threads.ThreadPoolExecutor.runWorker(ThreadPoolExecutor.java:1190) ~[tomcat-embed-core-10.1.30.jar:10.1.30]
		at org.apache.tomcat.util.threads.ThreadPoolExecutor$Worker.run(ThreadPoolExecutor.java:659) ~[tomcat-embed-core-10.1.30.jar:10.1.30]
		at org.apache.tomcat.util.threads.TaskThread$WrappingRunnable.run(TaskThread.java:63) ~[tomcat-embed-core-10.1.30.jar:10.1.30]
		at java.base/java.lang.Thread.run(Thread.java:1575) ~[na:na]

17:07:19:016 ERROR 31660 --- [gateway] [boundedElastic-1] a.w.r.e.AbstractErrorWebExceptionHandler : [4dcfaccd]  500 Server Error for HTTP GET "/ws"

java.lang.ClassCastException: class org.apache.catalina.connector.ResponseFacade cannot be cast to class reactor.netty.http.server.HttpServerResponse (org.apache.catalina.connector.ResponseFacade and reactor.netty.http.server.HttpServerResponse are in unnamed module of loader 'app')
	at org.springframework.web.reactive.socket.server.upgrade.ReactorNettyRequestUpgradeStrategy.upgrade(ReactorNettyRequestUpgradeStrategy.java:163) ~[spring-webflux-6.1.13.jar:6.1.13]
	Suppressed: reactor.core.publisher.FluxOnAssembly$OnAssemblyException: 
Error has been observed at the following site(s):
	*__checkpoint ⇢ org.springframework.cloud.gateway.filter.WeightCalculatorWebFilter [DefaultWebFilterChain]
	*__checkpoint ⇢ HTTP GET "/ws" [ExceptionHandlingWebHandler]
Original Stack Trace:
		at org.springframework.web.reactive.socket.server.upgrade.ReactorNettyRequestUpgradeStrategy.upgrade(ReactorNettyRequestUpgradeStrategy.java:163) ~[spring-webflux-6.1.13.jar:6.1.13]
		at org.springframework.web.reactive.socket.server.support.HandshakeWebSocketService.lambda$handleRequest$1(HandshakeWebSocketService.java:221) ~[spring-webflux-6.1.13.jar:6.1.13]
		at reactor.core.publisher.FluxFlatMap.trySubscribeScalarMap(FluxFlatMap.java:153) ~[reactor-core-3.6.10.jar:3.6.10]
		at reactor.core.publisher.MonoFlatMap.subscribeOrReturn(MonoFlatMap.java:53) ~[reactor-core-3.6.10.jar:3.6.10]
		at reactor.core.publisher.InternalMonoOperator.subscribe(InternalMonoOperator.java:63) ~[reactor-core-3.6.10.jar:3.6.10]
		at reactor.core.publisher.MonoDefer.subscribe(MonoDefer.java:53) ~[reactor-core-3.6.10.jar:3.6.10]
		at reactor.core.publisher.MonoDefer.subscribe(MonoDefer.java:53) ~[reactor-core-3.6.10.jar:3.6.10]
		at reactor.core.publisher.MonoIgnoreThen$ThenIgnoreMain.subscribeNext(MonoIgnoreThen.java:241) ~[reactor-core-3.6.10.jar:3.6.10]
		at reactor.core.publisher.MonoIgnoreThen$ThenIgnoreMain.onComplete(MonoIgnoreThen.java:204) ~[reactor-core-3.6.10.jar:3.6.10]
		at reactor.core.publisher.FluxPeek$PeekSubscriber.onComplete(FluxPeek.java:260) ~[reactor-core-3.6.10.jar:3.6.10]
		at reactor.core.publisher.FluxMap$MapSubscriber.onComplete(FluxMap.java:144) ~[reactor-core-3.6.10.jar:3.6.10]
		at reactor.core.publisher.MonoNext$NextSubscriber.onComplete(MonoNext.java:102) ~[reactor-core-3.6.10.jar:3.6.10]
		at reactor.core.publisher.MonoNext$NextSubscriber.onNext(MonoNext.java:83) ~[reactor-core-3.6.10.jar:3.6.10]
		at reactor.core.publisher.FluxDematerialize$DematerializeSubscriber.onNext(FluxDematerialize.java:98) ~[reactor-core-3.6.10.jar:3.6.10]
		at reactor.core.publisher.FluxDematerialize$DematerializeSubscriber.onNext(FluxDematerialize.java:44) ~[reactor-core-3.6.10.jar:3.6.10]
		at reactor.core.publisher.FluxFlattenIterable$FlattenIterableSubscriber.drainAsync(FluxFlattenIterable.java:453) ~[reactor-core-3.6.10.jar:3.6.10]
		at reactor.core.publisher.FluxFlattenIterable$FlattenIterableSubscriber.drain(FluxFlattenIterable.java:724) ~[reactor-core-3.6.10.jar:3.6.10]
		at reactor.core.publisher.FluxFlattenIterable$FlattenIterableSubscriber.onNext(FluxFlattenIterable.java:256) ~[reactor-core-3.6.10.jar:3.6.10]
		at reactor.core.publisher.FluxSwitchIfEmpty$SwitchIfEmptySubscriber.onNext(FluxSwitchIfEmpty.java:74) ~[reactor-core-3.6.10.jar:3.6.10]
		at reactor.core.publisher.MonoFlatMap$FlatMapMain.secondComplete(MonoFlatMap.java:245) ~[reactor-core-3.6.10.jar:3.6.10]
		at reactor.core.publisher.MonoFlatMap$FlatMapInner.onNext(MonoFlatMap.java:305) ~[reactor-core-3.6.10.jar:3.6.10]
		at reactor.core.publisher.MonoIgnoreThen$ThenIgnoreMain.complete(MonoIgnoreThen.java:294) ~[reactor-core-3.6.10.jar:3.6.10]
		at reactor.core.publisher.MonoIgnoreThen$ThenIgnoreMain.onNext(MonoIgnoreThen.java:188) ~[reactor-core-3.6.10.jar:3.6.10]
		at reactor.core.publisher.MonoIgnoreThen$ThenIgnoreMain.subscribeNext(MonoIgnoreThen.java:237) ~[reactor-core-3.6.10.jar:3.6.10]
		at reactor.core.publisher.MonoIgnoreThen$ThenIgnoreMain.onComplete(MonoIgnoreThen.java:204) ~[reactor-core-3.6.10.jar:3.6.10]
		at reactor.core.publisher.MonoIgnoreElements$IgnoreElementsSubscriber.onComplete(MonoIgnoreElements.java:89) ~[reactor-core-3.6.10.jar:3.6.10]
		at reactor.core.publisher.FluxPeek$PeekSubscriber.onComplete(FluxPeek.java:260) ~[reactor-core-3.6.10.jar:3.6.10]
		at reactor.core.publisher.FluxDematerialize$DematerializeSubscriber.onComplete(FluxDematerialize.java:121) ~[reactor-core-3.6.10.jar:3.6.10]
		at reactor.core.publisher.FluxDematerialize$DematerializeSubscriber.onNext(FluxDematerialize.java:91) ~[reactor-core-3.6.10.jar:3.6.10]
		at reactor.core.publisher.FluxDematerialize$DematerializeSubscriber.onNext(FluxDematerialize.java:44) ~[reactor-core-3.6.10.jar:3.6.10]
		at reactor.core.publisher.FluxIterable$IterableSubscription.fastPath(FluxIterable.java:402) ~[reactor-core-3.6.10.jar:3.6.10]
		at reactor.core.publisher.FluxIterable$IterableSubscription.request(FluxIterable.java:291) ~[reactor-core-3.6.10.jar:3.6.10]
		at reactor.core.publisher.FluxDematerialize$DematerializeSubscriber.request(FluxDematerialize.java:127) ~[reactor-core-3.6.10.jar:3.6.10]
		at reactor.core.publisher.FluxPeek$PeekSubscriber.request(FluxPeek.java:138) ~[reactor-core-3.6.10.jar:3.6.10]
		at reactor.core.publisher.MonoIgnoreElements$IgnoreElementsSubscriber.onSubscribe(MonoIgnoreElements.java:72) ~[reactor-core-3.6.10.jar:3.6.10]
		at reactor.core.publisher.FluxPeek$PeekSubscriber.onSubscribe(FluxPeek.java:171) ~[reactor-core-3.6.10.jar:3.6.10]
		at reactor.core.publisher.FluxDematerialize$DematerializeSubscriber.onSubscribe(FluxDematerialize.java:77) ~[reactor-core-3.6.10.jar:3.6.10]
		at reactor.core.publisher.FluxIterable.subscribe(FluxIterable.java:201) ~[reactor-core-3.6.10.jar:3.6.10]
		at reactor.core.publisher.FluxIterable.subscribe(FluxIterable.java:83) ~[reactor-core-3.6.10.jar:3.6.10]
		at reactor.core.publisher.Mono.subscribe(Mono.java:4576) ~[reactor-core-3.6.10.jar:3.6.10]
		at reactor.core.publisher.MonoIgnoreThen$ThenIgnoreMain.subscribeNext(MonoIgnoreThen.java:265) ~[reactor-core-3.6.10.jar:3.6.10]
		at reactor.core.publisher.MonoIgnoreThen.subscribe(MonoIgnoreThen.java:51) ~[reactor-core-3.6.10.jar:3.6.10]
		at reactor.core.publisher.MonoFlatMap$FlatMapMain.onNext(MonoFlatMap.java:165) ~[reactor-core-3.6.10.jar:3.6.10]
		at reactor.core.publisher.Operators$BaseFluxToMonoOperator.completePossiblyEmpty(Operators.java:2097) ~[reactor-core-3.6.10.jar:3.6.10]
		at reactor.core.publisher.MonoCollectList$MonoCollectListSubscriber.onComplete(MonoCollectList.java:118) ~[reactor-core-3.6.10.jar:3.6.10]
		at reactor.core.publisher.DrainUtils.postCompleteDrain(DrainUtils.java:132) ~[reactor-core-3.6.10.jar:3.6.10]
		at reactor.core.publisher.DrainUtils.postComplete(DrainUtils.java:187) ~[reactor-core-3.6.10.jar:3.6.10]
		at reactor.core.publisher.FluxMaterialize$MaterializeSubscriber.onComplete(FluxMaterialize.java:141) ~[reactor-core-3.6.10.jar:3.6.10]
		at reactor.core.publisher.FluxLimitRequest$FluxLimitRequestSubscriber.onNext(FluxLimitRequest.java:104) ~[reactor-core-3.6.10.jar:3.6.10]
		at reactor.core.publisher.FluxOnErrorResume$ResumeSubscriber.onNext(FluxOnErrorResume.java:79) ~[reactor-core-3.6.10.jar:3.6.10]
		at reactor.core.publisher.SerializedSubscriber.onNext(SerializedSubscriber.java:99) ~[reactor-core-3.6.10.jar:3.6.10]
		at reactor.core.publisher.FluxTimeout$TimeoutMainSubscriber.onNext(FluxTimeout.java:181) ~[reactor-core-3.6.10.jar:3.6.10]
		at reactor.core.publisher.Operators$BaseFluxToMonoOperator.completePossiblyEmpty(Operators.java:2097) ~[reactor-core-3.6.10.jar:3.6.10]
		at reactor.core.publisher.MonoCollectList$MonoCollectListSubscriber.onComplete(MonoCollectList.java:118) ~[reactor-core-3.6.10.jar:3.6.10]
		at org.springframework.cloud.commons.publisher.FluxFirstNonEmptyEmitting$FirstNonEmptyEmittingSubscriber.onComplete(FluxFirstNonEmptyEmitting.java:325) ~[spring-cloud-commons-4.1.4.jar:4.1.4]
		at reactor.core.publisher.FluxSubscribeOn$SubscribeOnSubscriber.onComplete(FluxSubscribeOn.java:166) ~[reactor-core-3.6.10.jar:3.6.10]
		at reactor.core.publisher.FluxIterable$IterableSubscription.fastPath(FluxIterable.java:424) ~[reactor-core-3.6.10.jar:3.6.10]
		at reactor.core.publisher.FluxIterable$IterableSubscription.request(FluxIterable.java:291) ~[reactor-core-3.6.10.jar:3.6.10]
		at reactor.core.publisher.FluxSubscribeOn$SubscribeOnSubscriber.requestUpstream(FluxSubscribeOn.java:131) ~[reactor-core-3.6.10.jar:3.6.10]
		at reactor.core.publisher.FluxSubscribeOn$SubscribeOnSubscriber.onSubscribe(FluxSubscribeOn.java:124) ~[reactor-core-3.6.10.jar:3.6.10]
		at reactor.core.publisher.FluxIterable.subscribe(FluxIterable.java:201) ~[reactor-core-3.6.10.jar:3.6.10]
		at reactor.core.publisher.FluxIterable.subscribe(FluxIterable.java:83) ~[reactor-core-3.6.10.jar:3.6.10]
		at reactor.core.publisher.Flux.subscribe(Flux.java:8848) ~[reactor-core-3.6.10.jar:3.6.10]
		at reactor.core.publisher.FluxFlatMap.trySubscribeScalarMap(FluxFlatMap.java:202) ~[reactor-core-3.6.10.jar:3.6.10]
		at reactor.core.publisher.MonoFlatMapMany.subscribeOrReturn(MonoFlatMapMany.java:49) ~[reactor-core-3.6.10.jar:3.6.10]
		at reactor.core.publisher.Flux.subscribe(Flux.java:8833) ~[reactor-core-3.6.10.jar:3.6.10]
		at reactor.core.publisher.FluxFlatMap.trySubscribeScalarMap(FluxFlatMap.java:202) ~[reactor-core-3.6.10.jar:3.6.10]
		at reactor.core.publisher.MonoFlatMapMany.subscribeOrReturn(MonoFlatMapMany.java:49) ~[reactor-core-3.6.10.jar:3.6.10]
		at reactor.core.publisher.FluxFromMonoOperator.subscribe(FluxFromMonoOperator.java:77) ~[reactor-core-3.6.10.jar:3.6.10]
		at reactor.core.publisher.FluxSubscribeOn$SubscribeOnSubscriber.run(FluxSubscribeOn.java:194) ~[reactor-core-3.6.10.jar:3.6.10]
		at reactor.core.scheduler.WorkerTask.call(WorkerTask.java:84) ~[reactor-core-3.6.10.jar:3.6.10]
		at reactor.core.scheduler.WorkerTask.call(WorkerTask.java:37) ~[reactor-core-3.6.10.jar:3.6.10]
		at java.base/java.util.concurrent.FutureTask.run(FutureTask.java:317) ~[na:na]
		at java.base/java.util.concurrent.ScheduledThreadPoolExecutor$ScheduledFutureTask.run(ScheduledThreadPoolExecutor.java:304) ~[na:na]
		at java.base/java.util.concurrent.ThreadPoolExecutor.runWorker(ThreadPoolExecutor.java:1144) ~[na:na]
		at java.base/java.util.concurrent.ThreadPoolExecutor$Worker.run(ThreadPoolExecutor.java:642) ~[na:na]
		at java.base/java.lang.Thread.run(Thread.java:1575) ~[na:na]

17:10:10:102  WARN 31660 --- [gateway] [Thread-2] c.a.n.common.http.HttpClientBeanHolder   : [HttpClientBeanHolder] Start destroying common HttpClient
17:10:10:101  WARN 31660 --- [gateway] [Thread-5] c.a.nacos.common.notify.NotifyCenter     : [NotifyCenter] Start destroying Publisher
17:10:10:102  WARN 31660 --- [gateway] [Thread-5] c.a.nacos.common.notify.NotifyCenter     : [NotifyCenter] Destruction of the end
17:10:10:102  WARN 31660 --- [gateway] [Thread-2] c.a.n.common.http.HttpClientBeanHolder   : [HttpClientBeanHolder] Destruction of the end
17:10:10:119  INFO 31660 --- [gateway] [SpringApplicationShutdownHook] com.alibaba.druid.pool.DruidDataSource   : {dataSource-0} closing ...
17:10:10:120  INFO 31660 --- [gateway] [SpringApplicationShutdownHook] c.a.c.n.registry.NacosServiceRegistry    : De-registering from Nacos Server now...
17:10:10:120  INFO 31660 --- [gateway] [SpringApplicationShutdownHook] com.alibaba.nacos.client.naming          : [DEREGISTER-SERVICE] public deregistering service gateway with instance: Instance{instanceId='null', ip='192.168.148.1', port=8080, weight=1.0, healthy=true, enabled=true, ephemeral=true, clusterName='DEFAULT', serviceName='null', metadata={}}
17:10:10:147  INFO 31660 --- [gateway] [SpringApplicationShutdownHook] c.a.c.n.registry.NacosServiceRegistry    : De-registration finished.
17:10:10:148  INFO 31660 --- [gateway] [SpringApplicationShutdownHook] com.alibaba.nacos.client.naming          : com.alibaba.nacos.client.naming.cache.ServiceInfoHolder do shutdown begin
17:10:10:148  INFO 31660 --- [gateway] [SpringApplicationShutdownHook] com.alibaba.nacos.client.naming          : com.alibaba.nacos.client.naming.backups.FailoverReactor do shutdown begin
17:10:10:148  INFO 31660 --- [gateway] [SpringApplicationShutdownHook] com.alibaba.nacos.client.naming          : com.alibaba.nacos.client.naming.backups.FailoverReactor do shutdown stop
17:10:10:148  INFO 31660 --- [gateway] [SpringApplicationShutdownHook] com.alibaba.nacos.client.naming          : com.alibaba.nacos.client.naming.cache.ServiceInfoHolder do shutdown stop
17:10:10:149  INFO 31660 --- [gateway] [SpringApplicationShutdownHook] com.alibaba.nacos.client.naming          : com.alibaba.nacos.client.naming.remote.NamingClientProxyDelegate do shutdown begin
17:10:10:149  INFO 31660 --- [gateway] [SpringApplicationShutdownHook] com.alibaba.nacos.client.naming          : com.alibaba.nacos.client.naming.core.ServiceInfoUpdateService do shutdown begin
17:10:10:149  INFO 31660 --- [gateway] [SpringApplicationShutdownHook] com.alibaba.nacos.client.naming          : com.alibaba.nacos.client.naming.core.ServiceInfoUpdateService do shutdown stop
17:10:10:149  INFO 31660 --- [gateway] [SpringApplicationShutdownHook] com.alibaba.nacos.client.naming          : com.alibaba.nacos.client.naming.core.ServerListManager do shutdown begin
17:10:10:149  WARN 31660 --- [gateway] [SpringApplicationShutdownHook] com.alibaba.nacos.client.naming          : [NamingHttpClientManager] Start destroying NacosRestTemplate
17:10:10:149  WARN 31660 --- [gateway] [SpringApplicationShutdownHook] com.alibaba.nacos.client.naming          : [NamingHttpClientManager] Destruction of the end
17:10:10:149  INFO 31660 --- [gateway] [SpringApplicationShutdownHook] com.alibaba.nacos.client.naming          : com.alibaba.nacos.client.naming.core.ServerListManager do shutdown stop
17:10:10:149  INFO 31660 --- [gateway] [SpringApplicationShutdownHook] com.alibaba.nacos.client.naming          : com.alibaba.nacos.client.naming.remote.http.NamingHttpClientProxy do shutdown begin
17:10:10:149  WARN 31660 --- [gateway] [SpringApplicationShutdownHook] com.alibaba.nacos.client.naming          : [NamingHttpClientManager] Start destroying NacosRestTemplate
17:10:10:149  WARN 31660 --- [gateway] [SpringApplicationShutdownHook] com.alibaba.nacos.client.naming          : [NamingHttpClientManager] Destruction of the end
17:10:10:149  INFO 31660 --- [gateway] [SpringApplicationShutdownHook] com.alibaba.nacos.client.naming          : com.alibaba.nacos.client.naming.remote.http.NamingHttpClientProxy do shutdown stop
17:10:10:149  INFO 31660 --- [gateway] [SpringApplicationShutdownHook] com.alibaba.nacos.client.naming          : Shutdown naming grpc client proxy for  uuid->b1710f7b-0e52-453f-874c-4aff04d49897
17:10:10:149  INFO 31660 --- [gateway] [SpringApplicationShutdownHook] com.alibaba.nacos.client.naming          : Shutdown grpc redo service executor java.util.concurrent.ScheduledThreadPoolExecutor@1acfc058[Running, pool size = 1, active threads = 0, queued tasks = 1, completed tasks = 89]
17:10:10:150  INFO 31660 --- [gateway] [SpringApplicationShutdownHook] com.alibaba.nacos.common.remote.client   : Shutdown rpc client, set status to shutdown
17:10:10:150  INFO 31660 --- [gateway] [SpringApplicationShutdownHook] com.alibaba.nacos.common.remote.client   : Shutdown client event executor java.util.concurrent.ScheduledThreadPoolExecutor@2e590e36[Running, pool size = 2, active threads = 2, queued tasks = 0, completed tasks = 0]
17:10:10:150  INFO 31660 --- [gateway] [SpringApplicationShutdownHook] com.alibaba.nacos.common.remote.client   : Close current connection 1761210341104_183.63.119.53_37603
17:10:10:156  INFO 31660 --- [gateway] [SpringApplicationShutdownHook] c.a.n.c.remote.client.grpc.GrpcClient    : Shutdown grpc executor java.util.concurrent.ThreadPoolExecutor@136690b1[Running, pool size = 3, active threads = 0, queued tasks = 0, completed tasks = 61]
17:10:10:157  INFO 31660 --- [gateway] [SpringApplicationShutdownHook] com.alibaba.nacos.client.naming          : shutdown and remove naming rpc client  for uuid ->b1710f7b-0e52-453f-874c-4aff04d49897
17:10:10:157  INFO 31660 --- [gateway] [SpringApplicationShutdownHook] c.a.n.c.a.r.identify.CredentialWatcher   : [null] CredentialWatcher is stopped
17:10:10:157  INFO 31660 --- [gateway] [SpringApplicationShutdownHook] c.a.n.c.a.r.identify.CredentialService   : [null] CredentialService is freed
17:10:10:157  INFO 31660 --- [gateway] [SpringApplicationShutdownHook] com.alibaba.nacos.client.naming          : com.alibaba.nacos.client.naming.remote.NamingClientProxyDelegate do shutdown stop
17:13:38:964  INFO 27476 --- [gateway] [main] com.qg.gateway.GatewayApplication        : No active profile set, falling back to 1 default profile: "default"
17:13:39:587  INFO 27476 --- [gateway] [main] .s.d.r.c.RepositoryConfigurationDelegate : Multiple Spring Data modules found, entering strict repository configuration mode
17:13:39:589  INFO 27476 --- [gateway] [main] .s.d.r.c.RepositoryConfigurationDelegate : Bootstrapping Spring Data Redis repositories in DEFAULT mode.
17:13:39:603  INFO 27476 --- [gateway] [main] .s.d.r.c.RepositoryConfigurationDelegate : Finished Spring Data repository scanning in 4 ms. Found 0 Redis repository interfaces.
17:13:39:708  WARN 27476 --- [gateway] [main] o.m.s.mapper.ClassPathMapperScanner      : No MyBatis mapper was found in '[com.qg.gateway]' package. Please check your configuration.
17:13:39:754  INFO 27476 --- [gateway] [main] o.s.cloud.context.scope.GenericScope     : BeanFactory id=67d7b1a5-3c5c-3d18-a555-8ee29e13ac1e
17:13:39:895  WARN 27476 --- [gateway] [main] trationDelegate$BeanPostProcessorChecker : Bean 'org.springframework.cloud.client.loadbalancer.LoadBalancerAutoConfiguration$DeferringLoadBalancerInterceptorConfig' of type [org.springframework.cloud.client.loadbalancer.LoadBalancerAutoConfiguration$DeferringLoadBalancerInterceptorConfig] is not eligible for getting processed by all BeanPostProcessors (for example: not eligible for auto-proxying). The currently created BeanPostProcessor [lbRestClientPostProcessor] is declared through a non-static factory method on that class; consider declaring it as static instead.
17:13:39:898  WARN 27476 --- [gateway] [main] trationDelegate$BeanPostProcessorChecker : Bean 'deferringLoadBalancerInterceptor' of type [org.springframework.cloud.client.loadbalancer.DeferringLoadBalancerInterceptor] is not eligible for getting processed by all BeanPostProcessors (for example: not eligible for auto-proxying). Is this bean getting eagerly injected into a currently created BeanPostProcessor [lbRestClientPostProcessor]? Check the corresponding BeanPostProcessor declaration and its dependencies.
17:13:39:900  WARN 27476 --- [gateway] [main] trationDelegate$BeanPostProcessorChecker : Bean 'org.springframework.cloud.client.loadbalancer.reactive.LoadBalancerBeanPostProcessorAutoConfiguration' of type [org.springframework.cloud.client.loadbalancer.reactive.LoadBalancerBeanPostProcessorAutoConfiguration] is not eligible for getting processed by all BeanPostProcessors (for example: not eligible for auto-proxying). The currently created BeanPostProcessor [loadBalancerWebClientBuilderBeanPostProcessor] is declared through a non-static factory method on that class; consider declaring it as static instead.
17:13:39:901  WARN 27476 --- [gateway] [main] trationDelegate$BeanPostProcessorChecker : Bean 'org.springframework.cloud.client.loadbalancer.reactive.LoadBalancerBeanPostProcessorAutoConfiguration$ReactorDeferringLoadBalancerFilterConfig' of type [org.springframework.cloud.client.loadbalancer.reactive.LoadBalancerBeanPostProcessorAutoConfiguration$ReactorDeferringLoadBalancerFilterConfig] is not eligible for getting processed by all BeanPostProcessors (for example: not eligible for auto-proxying). Is this bean getting eagerly injected into a currently created BeanPostProcessor [loadBalancerWebClientBuilderBeanPostProcessor]? Check the corresponding BeanPostProcessor declaration and its dependencies.
17:13:39:902  WARN 27476 --- [gateway] [main] trationDelegate$BeanPostProcessorChecker : Bean 'reactorDeferringLoadBalancerExchangeFilterFunction' of type [org.springframework.cloud.client.loadbalancer.reactive.DeferringLoadBalancerExchangeFilterFunction] is not eligible for getting processed by all BeanPostProcessors (for example: not eligible for auto-proxying). Is this bean getting eagerly injected into a currently created BeanPostProcessor [loadBalancerWebClientBuilderBeanPostProcessor]? Check the corresponding BeanPostProcessor declaration and its dependencies.
17:13:40:088  INFO 27476 --- [gateway] [main] o.s.b.w.embedded.tomcat.TomcatWebServer  : Tomcat initialized with port 8080 (http)
17:13:40:092  INFO 27476 --- [gateway] [main] o.a.catalina.core.AprLifecycleListener   : Loaded Apache Tomcat Native library [2.0.8] using APR version [1.7.4].
17:13:40:098  INFO 27476 --- [gateway] [main] o.a.catalina.core.AprLifecycleListener   : OpenSSL successfully initialized [OpenSSL 3.0.14 4 Jun 2024]
17:13:40:114  INFO 27476 --- [gateway] [main] o.apache.catalina.core.StandardService   : Starting service [Tomcat]
17:13:40:114  INFO 27476 --- [gateway] [main] o.apache.catalina.core.StandardEngine    : Starting Servlet engine: [Apache Tomcat/10.1.30]
17:13:41:472  INFO 27476 --- [gateway] [main] o.s.cloud.commons.util.InetUtils         : Cannot determine local hostname
17:13:43:766  INFO 27476 --- [gateway] [main] o.s.cloud.commons.util.InetUtils         : Cannot determine local hostname
17:13:44:058  INFO 27476 --- [gateway] [main] o.s.c.g.r.RouteDefinitionRouteLocator    : Loaded RoutePredicateFactory [After]
17:13:44:059  INFO 27476 --- [gateway] [main] o.s.c.g.r.RouteDefinitionRouteLocator    : Loaded RoutePredicateFactory [Before]
17:13:44:059  INFO 27476 --- [gateway] [main] o.s.c.g.r.RouteDefinitionRouteLocator    : Loaded RoutePredicateFactory [Between]
17:13:44:059  INFO 27476 --- [gateway] [main] o.s.c.g.r.RouteDefinitionRouteLocator    : Loaded RoutePredicateFactory [Cookie]
17:13:44:059  INFO 27476 --- [gateway] [main] o.s.c.g.r.RouteDefinitionRouteLocator    : Loaded RoutePredicateFactory [Header]
17:13:44:059  INFO 27476 --- [gateway] [main] o.s.c.g.r.RouteDefinitionRouteLocator    : Loaded RoutePredicateFactory [Host]
17:13:44:059  INFO 27476 --- [gateway] [main] o.s.c.g.r.RouteDefinitionRouteLocator    : Loaded RoutePredicateFactory [Method]
17:13:44:059  INFO 27476 --- [gateway] [main] o.s.c.g.r.RouteDefinitionRouteLocator    : Loaded RoutePredicateFactory [Path]
17:13:44:059  INFO 27476 --- [gateway] [main] o.s.c.g.r.RouteDefinitionRouteLocator    : Loaded RoutePredicateFactory [Query]
17:13:44:059  INFO 27476 --- [gateway] [main] o.s.c.g.r.RouteDefinitionRouteLocator    : Loaded RoutePredicateFactory [ReadBody]
17:13:44:059  INFO 27476 --- [gateway] [main] o.s.c.g.r.RouteDefinitionRouteLocator    : Loaded RoutePredicateFactory [RemoteAddr]
17:13:44:059  INFO 27476 --- [gateway] [main] o.s.c.g.r.RouteDefinitionRouteLocator    : Loaded RoutePredicateFactory [XForwardedRemoteAddr]
17:13:44:059  INFO 27476 --- [gateway] [main] o.s.c.g.r.RouteDefinitionRouteLocator    : Loaded RoutePredicateFactory [Weight]
17:13:44:059  INFO 27476 --- [gateway] [main] o.s.c.g.r.RouteDefinitionRouteLocator    : Loaded RoutePredicateFactory [CloudFoundryRouteService]
17:13:45:240  INFO 27476 --- [gateway] [main] o.s.cloud.commons.util.InetUtils         : Cannot determine local hostname
17:13:45:598  WARN 27476 --- [gateway] [main] iguration$LoadBalancerCaffeineWarnLogger : Spring Cloud LoadBalancer is currently working with the default cache. While this cache implementation is useful for development and tests, it's recommended to use Caffeine cache in production.You can switch to using Caffeine cache, by adding it and org.springframework.cache.caffeine.CaffeineCacheManager to the classpath.
17:13:45:681  INFO 27476 --- [gateway] [main] o.s.b.w.embedded.tomcat.TomcatWebServer  : Tomcat started on port 8080 (http)
17:13:46:696  INFO 27476 --- [gateway] [main] o.s.cloud.commons.util.InetUtils         : Cannot determine local hostname
17:13:47:714  INFO 27476 --- [gateway] [main] o.s.cloud.commons.util.InetUtils         : Cannot determine local hostname
17:13:47:720  INFO 27476 --- [gateway] [main] com.alibaba.nacos.client.naming          : initializer namespace from ans.namespace attribute : null
17:13:47:721  INFO 27476 --- [gateway] [main] com.alibaba.nacos.client.naming          : initializer namespace from ALIBABA_ALIWARE_NAMESPACE attribute :null
17:13:47:721  INFO 27476 --- [gateway] [main] com.alibaba.nacos.client.naming          : initializer namespace from namespace attribute :null
17:13:47:726  INFO 27476 --- [gateway] [main] com.alibaba.nacos.client.naming          : FailoverDataSource type is class com.alibaba.nacos.client.naming.backups.datasource.DiskFailoverDataSource
17:13:47:730  INFO 27476 --- [gateway] [main] c.a.n.p.a.s.c.ClientAuthPluginManager    : [ClientAuthPluginManager] Load ClientAuthService com.alibaba.nacos.client.auth.impl.NacosClientAuthServiceImpl success.
17:13:47:730  INFO 27476 --- [gateway] [main] c.a.n.p.a.s.c.ClientAuthPluginManager    : [ClientAuthPluginManager] Load ClientAuthService com.alibaba.nacos.client.auth.ram.RamClientAuthServiceImpl success.
17:13:47:861  INFO 27476 --- [gateway] [main] com.alibaba.nacos.common.remote.client   : [RpcClientFactory] create a new rpc client of 2441520e-2f49-414d-a809-a516f7e47913
17:13:47:863  INFO 27476 --- [gateway] [main] com.alibaba.nacos.client.naming          : Create naming rpc client for uuid->2441520e-2f49-414d-a809-a516f7e47913
17:13:47:863  INFO 27476 --- [gateway] [main] com.alibaba.nacos.common.remote.client   : [2441520e-2f49-414d-a809-a516f7e47913] RpcClient init, ServerListFactory = com.alibaba.nacos.client.naming.core.ServerListManager
17:13:47:864  INFO 27476 --- [gateway] [main] com.alibaba.nacos.common.remote.client   : [2441520e-2f49-414d-a809-a516f7e47913] Registry connection listener to current client:com.alibaba.nacos.client.naming.remote.gprc.redo.NamingGrpcRedoService
17:13:47:865  INFO 27476 --- [gateway] [main] com.alibaba.nacos.common.remote.client   : [2441520e-2f49-414d-a809-a516f7e47913] Register server push request handler:com.alibaba.nacos.client.naming.remote.gprc.NamingPushRequestHandler
17:13:47:866  INFO 27476 --- [gateway] [main] com.alibaba.nacos.common.remote.client   : [2441520e-2f49-414d-a809-a516f7e47913] Try to connect to server on start up, server: {serverIp = '47.113.224.195', server main port = 8848}
17:13:47:866  INFO 27476 --- [gateway] [main] c.a.n.c.remote.client.grpc.GrpcClient    : grpc client connection server:47.113.224.195 ip,serverPort:9848,grpcTslConfig:{"sslProvider":"","enableTls":false,"mutualAuthEnable":false,"trustAll":false}
17:13:48:119  INFO 27476 --- [gateway] [main] com.alibaba.nacos.common.remote.client   : [2441520e-2f49-414d-a809-a516f7e47913] Success to connect to server [47.113.224.195:8848] on start up, connectionId = 1761210828457_183.63.119.53_19007
17:13:48:119  INFO 27476 --- [gateway] [main] com.alibaba.nacos.common.remote.client   : [2441520e-2f49-414d-a809-a516f7e47913] Register server push request handler:com.alibaba.nacos.common.remote.client.RpcClient$ConnectResetRequestHandler
17:13:48:119  INFO 27476 --- [gateway] [main] com.alibaba.nacos.common.remote.client   : [2441520e-2f49-414d-a809-a516f7e47913] Register server push request handler:com.alibaba.nacos.common.remote.client.RpcClient$$Lambda/0x00000263b252a230
17:13:48:119  INFO 27476 --- [gateway] [com.alibaba.nacos.client.remote.worker.0] com.alibaba.nacos.common.remote.client   : [2441520e-2f49-414d-a809-a516f7e47913] Notify connected event to listeners.
17:13:48:119  INFO 27476 --- [gateway] [com.alibaba.nacos.client.remote.worker.0] com.alibaba.nacos.client.naming          : Grpc connection connect
17:13:48:120  INFO 27476 --- [gateway] [main] com.alibaba.nacos.client.naming          : [REGISTER-SERVICE] public registering service gateway with instance Instance{instanceId='null', ip='192.168.148.1', port=8080, weight=1.0, healthy=true, enabled=true, ephemeral=true, clusterName='DEFAULT', serviceName='null', metadata={IPv6=[2001:0:2851:b9f0:1839:7a7a:48c0:88ca], preserved.register.source=SPRING_CLOUD}}
17:13:48:148  INFO 27476 --- [gateway] [main] c.a.c.n.registry.NacosServiceRegistry    : nacos registry, DEFAULT_GROUP gateway 192.168.148.1:8080 register finished
17:13:48:189  INFO 27476 --- [gateway] [main] com.qg.gateway.GatewayApplication        : Started GatewayApplication in 13.142 seconds (process running for 13.666)
17:13:48:193  INFO 27476 --- [gateway] [main] c.a.nacos.client.config.impl.CacheData   : config listener notify warn timeout millis use default 60000 millis 
17:13:48:193  INFO 27476 --- [gateway] [main] c.a.nacos.client.config.impl.CacheData   : nacos.cache.data.init.snapshot = true 
17:13:48:193  INFO 27476 --- [gateway] [main] c.a.n.client.config.impl.ClientWorker    : [fixed-192.168.148.100_8848] [subscribe] gateway.yaml+DEFAULT_GROUP
17:13:48:200  INFO 27476 --- [gateway] [main] c.a.nacos.client.config.impl.CacheData   : [fixed-192.168.148.100_8848] [add-listener] ok, tenant=, dataId=gateway.yaml, group=DEFAULT_GROUP, cnt=1
17:13:48:200  INFO 27476 --- [gateway] [main] c.a.c.n.refresh.NacosContextRefresher    : [Nacos Config] Listening config: dataId=gateway.yaml, group=DEFAULT_GROUP
17:13:48:201  INFO 27476 --- [gateway] [main] c.a.n.client.config.impl.ClientWorker    : [fixed-192.168.148.100_8848] [subscribe] gateway+DEFAULT_GROUP
17:13:48:201  INFO 27476 --- [gateway] [main] c.a.nacos.client.config.impl.CacheData   : [fixed-192.168.148.100_8848] [add-listener] ok, tenant=, dataId=gateway, group=DEFAULT_GROUP, cnt=1
17:13:48:201  INFO 27476 --- [gateway] [main] c.a.c.n.refresh.NacosContextRefresher    : [Nacos Config] Listening config: dataId=gateway, group=DEFAULT_GROUP
17:14:12:382  INFO 27476 --- [gateway] [boundedElastic-1] com.alibaba.nacos.client.naming          : [SUBSCRIBE-SERVICE] service:alert-service, group:DEFAULT_GROUP, clusters: 
17:14:12:382  INFO 27476 --- [gateway] [boundedElastic-1] com.alibaba.nacos.client.naming          : [GRPC-SUBSCRIBE] service:alert-service, group:DEFAULT_GROUP, cluster: 
17:14:12:410  INFO 27476 --- [gateway] [boundedElastic-1] com.alibaba.nacos.client.naming          : init new ips(0) service: DEFAULT_GROUP@@alert-service -> []
17:14:12:412  INFO 27476 --- [gateway] [boundedElastic-1] com.alibaba.nacos.client.naming          : current ips:(0) service: DEFAULT_GROUP@@alert-service -> []
17:14:12:432  WARN 27476 --- [gateway] [boundedElastic-1] o.s.c.l.core.RoundRobinLoadBalancer      : No servers available for service: alert-service
17:14:12:947  INFO 27476 --- [gateway] [nacos-grpc-client-executor-47.113.224.195-11] com.alibaba.nacos.common.remote.client   : [2441520e-2f49-414d-a809-a516f7e47913] Receive server push request, request = NotifySubscriberRequest, requestId = 842
17:14:12:947  INFO 27476 --- [gateway] [nacos-grpc-client-executor-47.113.224.195-11] com.alibaba.nacos.common.remote.client   : [2441520e-2f49-414d-a809-a516f7e47913] Ack server push request, request = NotifySubscriberRequest, requestId = 842
17:14:14:073  WARN 27476 --- [gateway] [boundedElastic-1] o.s.c.l.core.RoundRobinLoadBalancer      : No servers available for service: alert-service
17:14:14:546  WARN 27476 --- [gateway] [boundedElastic-1] o.s.c.l.core.RoundRobinLoadBalancer      : No servers available for service: alert-service
17:14:14:804  WARN 27476 --- [gateway] [boundedElastic-1] o.s.c.l.core.RoundRobinLoadBalancer      : No servers available for service: alert-service
17:14:14:953  WARN 27476 --- [gateway] [boundedElastic-1] o.s.c.l.core.RoundRobinLoadBalancer      : No servers available for service: alert-service
17:14:15:147  WARN 27476 --- [gateway] [boundedElastic-1] o.s.c.l.core.RoundRobinLoadBalancer      : No servers available for service: alert-service
17:14:15:296  WARN 27476 --- [gateway] [boundedElastic-1] o.s.c.l.core.RoundRobinLoadBalancer      : No servers available for service: alert-service
17:18:02:976  WARN 27476 --- [gateway] [boundedElastic-2] o.s.c.l.core.RoundRobinLoadBalancer      : No servers available for service: alert-service
17:18:03:010  WARN 27476 --- [gateway] [boundedElastic-2] o.s.c.l.core.RoundRobinLoadBalancer      : No servers available for service: alert-service
17:18:07:979  WARN 27476 --- [gateway] [boundedElastic-2] o.s.c.l.core.RoundRobinLoadBalancer      : No servers available for service: alert-service
17:18:19:398  WARN 27476 --- [gateway] [boundedElastic-2] o.s.c.l.core.RoundRobinLoadBalancer      : No servers available for service: alert-service
17:23:41:530  WARN 27476 --- [gateway] [Thread-2] c.a.n.common.http.HttpClientBeanHolder   : [HttpClientBeanHolder] Start destroying common HttpClient
17:23:41:530  WARN 27476 --- [gateway] [Thread-5] c.a.nacos.common.notify.NotifyCenter     : [NotifyCenter] Start destroying Publisher
17:23:41:531  WARN 27476 --- [gateway] [Thread-5] c.a.nacos.common.notify.NotifyCenter     : [NotifyCenter] Destruction of the end
17:23:41:531  WARN 27476 --- [gateway] [Thread-2] c.a.n.common.http.HttpClientBeanHolder   : [HttpClientBeanHolder] Destruction of the end
17:23:41:545  INFO 27476 --- [gateway] [SpringApplicationShutdownHook] com.alibaba.druid.pool.DruidDataSource   : {dataSource-0} closing ...
17:23:41:546  INFO 27476 --- [gateway] [SpringApplicationShutdownHook] c.a.c.n.registry.NacosServiceRegistry    : De-registering from Nacos Server now...
17:23:41:546  INFO 27476 --- [gateway] [SpringApplicationShutdownHook] com.alibaba.nacos.client.naming          : [DEREGISTER-SERVICE] public deregistering service gateway with instance: Instance{instanceId='null', ip='192.168.148.1', port=8080, weight=1.0, healthy=true, enabled=true, ephemeral=true, clusterName='DEFAULT', serviceName='null', metadata={}}
17:23:41:570  INFO 27476 --- [gateway] [SpringApplicationShutdownHook] c.a.c.n.registry.NacosServiceRegistry    : De-registration finished.
17:23:41:570  INFO 27476 --- [gateway] [SpringApplicationShutdownHook] com.alibaba.nacos.client.naming          : com.alibaba.nacos.client.naming.cache.ServiceInfoHolder do shutdown begin
17:23:41:570  INFO 27476 --- [gateway] [SpringApplicationShutdownHook] com.alibaba.nacos.client.naming          : com.alibaba.nacos.client.naming.backups.FailoverReactor do shutdown begin
17:23:41:571  INFO 27476 --- [gateway] [SpringApplicationShutdownHook] com.alibaba.nacos.client.naming          : com.alibaba.nacos.client.naming.backups.FailoverReactor do shutdown stop
17:23:41:571  INFO 27476 --- [gateway] [SpringApplicationShutdownHook] com.alibaba.nacos.client.naming          : com.alibaba.nacos.client.naming.cache.ServiceInfoHolder do shutdown stop
17:23:41:571  INFO 27476 --- [gateway] [SpringApplicationShutdownHook] com.alibaba.nacos.client.naming          : com.alibaba.nacos.client.naming.remote.NamingClientProxyDelegate do shutdown begin
17:23:41:571  INFO 27476 --- [gateway] [SpringApplicationShutdownHook] com.alibaba.nacos.client.naming          : com.alibaba.nacos.client.naming.core.ServiceInfoUpdateService do shutdown begin
17:23:41:571  INFO 27476 --- [gateway] [SpringApplicationShutdownHook] com.alibaba.nacos.client.naming          : com.alibaba.nacos.client.naming.core.ServiceInfoUpdateService do shutdown stop
17:23:41:571  INFO 27476 --- [gateway] [SpringApplicationShutdownHook] com.alibaba.nacos.client.naming          : com.alibaba.nacos.client.naming.core.ServerListManager do shutdown begin
17:23:41:571  WARN 27476 --- [gateway] [SpringApplicationShutdownHook] com.alibaba.nacos.client.naming          : [NamingHttpClientManager] Start destroying NacosRestTemplate
17:23:41:571  WARN 27476 --- [gateway] [SpringApplicationShutdownHook] com.alibaba.nacos.client.naming          : [NamingHttpClientManager] Destruction of the end
17:23:41:571  INFO 27476 --- [gateway] [SpringApplicationShutdownHook] com.alibaba.nacos.client.naming          : com.alibaba.nacos.client.naming.core.ServerListManager do shutdown stop
17:23:41:571  INFO 27476 --- [gateway] [SpringApplicationShutdownHook] com.alibaba.nacos.client.naming          : com.alibaba.nacos.client.naming.remote.http.NamingHttpClientProxy do shutdown begin
17:23:41:571  WARN 27476 --- [gateway] [SpringApplicationShutdownHook] com.alibaba.nacos.client.naming          : [NamingHttpClientManager] Start destroying NacosRestTemplate
17:23:41:571  WARN 27476 --- [gateway] [SpringApplicationShutdownHook] com.alibaba.nacos.client.naming          : [NamingHttpClientManager] Destruction of the end
17:23:41:571  INFO 27476 --- [gateway] [SpringApplicationShutdownHook] com.alibaba.nacos.client.naming          : com.alibaba.nacos.client.naming.remote.http.NamingHttpClientProxy do shutdown stop
17:23:41:571  INFO 27476 --- [gateway] [SpringApplicationShutdownHook] com.alibaba.nacos.client.naming          : Shutdown naming grpc client proxy for  uuid->2441520e-2f49-414d-a809-a516f7e47913
17:23:41:571  INFO 27476 --- [gateway] [SpringApplicationShutdownHook] com.alibaba.nacos.client.naming          : Shutdown grpc redo service executor java.util.concurrent.ScheduledThreadPoolExecutor@d863bb[Running, pool size = 1, active threads = 0, queued tasks = 1, completed tasks = 197]
17:23:41:571  INFO 27476 --- [gateway] [SpringApplicationShutdownHook] com.alibaba.nacos.common.remote.client   : Shutdown rpc client, set status to shutdown
17:23:41:571  INFO 27476 --- [gateway] [SpringApplicationShutdownHook] com.alibaba.nacos.common.remote.client   : Shutdown client event executor java.util.concurrent.ScheduledThreadPoolExecutor@85eba52[Running, pool size = 2, active threads = 2, queued tasks = 0, completed tasks = 0]
17:23:41:571  INFO 27476 --- [gateway] [SpringApplicationShutdownHook] com.alibaba.nacos.common.remote.client   : Close current connection 1761210828457_183.63.119.53_19007
17:23:41:576  INFO 27476 --- [gateway] [SpringApplicationShutdownHook] c.a.n.c.remote.client.grpc.GrpcClient    : Shutdown grpc executor java.util.concurrent.ThreadPoolExecutor@5f596a1a[Running, pool size = 3, active threads = 0, queued tasks = 0, completed tasks = 121]
17:23:41:576  INFO 27476 --- [gateway] [SpringApplicationShutdownHook] com.alibaba.nacos.client.naming          : shutdown and remove naming rpc client  for uuid ->2441520e-2f49-414d-a809-a516f7e47913
17:23:41:576  INFO 27476 --- [gateway] [SpringApplicationShutdownHook] c.a.n.c.a.r.identify.CredentialWatcher   : [null] CredentialWatcher is stopped
17:23:41:576  INFO 27476 --- [gateway] [SpringApplicationShutdownHook] c.a.n.c.a.r.identify.CredentialService   : [null] CredentialService is freed
17:23:41:576  INFO 27476 --- [gateway] [SpringApplicationShutdownHook] com.alibaba.nacos.client.naming          : com.alibaba.nacos.client.naming.remote.NamingClientProxyDelegate do shutdown stop
17:23:47:880  INFO 23996 --- [gateway] [main] com.qg.gateway.GatewayApplication        : No active profile set, falling back to 1 default profile: "default"
17:23:48:427  INFO 23996 --- [gateway] [main] .s.d.r.c.RepositoryConfigurationDelegate : Multiple Spring Data modules found, entering strict repository configuration mode
17:23:48:429  INFO 23996 --- [gateway] [main] .s.d.r.c.RepositoryConfigurationDelegate : Bootstrapping Spring Data Redis repositories in DEFAULT mode.
17:23:48:443  INFO 23996 --- [gateway] [main] .s.d.r.c.RepositoryConfigurationDelegate : Finished Spring Data repository scanning in 4 ms. Found 0 Redis repository interfaces.
17:23:48:614  WARN 23996 --- [gateway] [main] o.m.s.mapper.ClassPathMapperScanner      : No MyBatis mapper was found in '[com.qg.gateway]' package. Please check your configuration.
17:23:48:691  INFO 23996 --- [gateway] [main] o.s.cloud.context.scope.GenericScope     : BeanFactory id=67d7b1a5-3c5c-3d18-a555-8ee29e13ac1e
17:23:48:829  WARN 23996 --- [gateway] [main] trationDelegate$BeanPostProcessorChecker : Bean 'org.springframework.cloud.client.loadbalancer.LoadBalancerAutoConfiguration$DeferringLoadBalancerInterceptorConfig' of type [org.springframework.cloud.client.loadbalancer.LoadBalancerAutoConfiguration$DeferringLoadBalancerInterceptorConfig] is not eligible for getting processed by all BeanPostProcessors (for example: not eligible for auto-proxying). The currently created BeanPostProcessor [lbRestClientPostProcessor] is declared through a non-static factory method on that class; consider declaring it as static instead.
17:23:48:831  WARN 23996 --- [gateway] [main] trationDelegate$BeanPostProcessorChecker : Bean 'deferringLoadBalancerInterceptor' of type [org.springframework.cloud.client.loadbalancer.DeferringLoadBalancerInterceptor] is not eligible for getting processed by all BeanPostProcessors (for example: not eligible for auto-proxying). Is this bean getting eagerly injected into a currently created BeanPostProcessor [lbRestClientPostProcessor]? Check the corresponding BeanPostProcessor declaration and its dependencies.
17:23:48:832  WARN 23996 --- [gateway] [main] trationDelegate$BeanPostProcessorChecker : Bean 'org.springframework.cloud.client.loadbalancer.reactive.LoadBalancerBeanPostProcessorAutoConfiguration' of type [org.springframework.cloud.client.loadbalancer.reactive.LoadBalancerBeanPostProcessorAutoConfiguration] is not eligible for getting processed by all BeanPostProcessors (for example: not eligible for auto-proxying). The currently created BeanPostProcessor [loadBalancerWebClientBuilderBeanPostProcessor] is declared through a non-static factory method on that class; consider declaring it as static instead.
17:23:48:833  WARN 23996 --- [gateway] [main] trationDelegate$BeanPostProcessorChecker : Bean 'org.springframework.cloud.client.loadbalancer.reactive.LoadBalancerBeanPostProcessorAutoConfiguration$ReactorDeferringLoadBalancerFilterConfig' of type [org.springframework.cloud.client.loadbalancer.reactive.LoadBalancerBeanPostProcessorAutoConfiguration$ReactorDeferringLoadBalancerFilterConfig] is not eligible for getting processed by all BeanPostProcessors (for example: not eligible for auto-proxying). Is this bean getting eagerly injected into a currently created BeanPostProcessor [loadBalancerWebClientBuilderBeanPostProcessor]? Check the corresponding BeanPostProcessor declaration and its dependencies.
17:23:48:834  WARN 23996 --- [gateway] [main] trationDelegate$BeanPostProcessorChecker : Bean 'reactorDeferringLoadBalancerExchangeFilterFunction' of type [org.springframework.cloud.client.loadbalancer.reactive.DeferringLoadBalancerExchangeFilterFunction] is not eligible for getting processed by all BeanPostProcessors (for example: not eligible for auto-proxying). Is this bean getting eagerly injected into a currently created BeanPostProcessor [loadBalancerWebClientBuilderBeanPostProcessor]? Check the corresponding BeanPostProcessor declaration and its dependencies.
17:23:48:966  INFO 23996 --- [gateway] [main] o.s.b.w.embedded.tomcat.TomcatWebServer  : Tomcat initialized with port 8080 (http)
17:23:48:968  INFO 23996 --- [gateway] [main] o.a.catalina.core.AprLifecycleListener   : Loaded Apache Tomcat Native library [2.0.8] using APR version [1.7.4].
17:23:48:972  INFO 23996 --- [gateway] [main] o.a.catalina.core.AprLifecycleListener   : OpenSSL successfully initialized [OpenSSL 3.0.14 4 Jun 2024]
17:23:48:982  INFO 23996 --- [gateway] [main] o.apache.catalina.core.StandardService   : Starting service [Tomcat]
17:23:48:982  INFO 23996 --- [gateway] [main] o.apache.catalina.core.StandardEngine    : Starting Servlet engine: [Apache Tomcat/10.1.30]
17:23:50:287  INFO 23996 --- [gateway] [main] o.s.cloud.commons.util.InetUtils         : Cannot determine local hostname
17:23:52:603  INFO 23996 --- [gateway] [main] o.s.cloud.commons.util.InetUtils         : Cannot determine local hostname
17:23:52:812  INFO 23996 --- [gateway] [main] o.s.c.g.r.RouteDefinitionRouteLocator    : Loaded RoutePredicateFactory [After]
17:23:52:812  INFO 23996 --- [gateway] [main] o.s.c.g.r.RouteDefinitionRouteLocator    : Loaded RoutePredicateFactory [Before]
17:23:52:812  INFO 23996 --- [gateway] [main] o.s.c.g.r.RouteDefinitionRouteLocator    : Loaded RoutePredicateFactory [Between]
17:23:52:812  INFO 23996 --- [gateway] [main] o.s.c.g.r.RouteDefinitionRouteLocator    : Loaded RoutePredicateFactory [Cookie]
17:23:52:812  INFO 23996 --- [gateway] [main] o.s.c.g.r.RouteDefinitionRouteLocator    : Loaded RoutePredicateFactory [Header]
17:23:52:813  INFO 23996 --- [gateway] [main] o.s.c.g.r.RouteDefinitionRouteLocator    : Loaded RoutePredicateFactory [Host]
17:23:52:813  INFO 23996 --- [gateway] [main] o.s.c.g.r.RouteDefinitionRouteLocator    : Loaded RoutePredicateFactory [Method]
17:23:52:813  INFO 23996 --- [gateway] [main] o.s.c.g.r.RouteDefinitionRouteLocator    : Loaded RoutePredicateFactory [Path]
17:23:52:813  INFO 23996 --- [gateway] [main] o.s.c.g.r.RouteDefinitionRouteLocator    : Loaded RoutePredicateFactory [Query]
17:23:52:813  INFO 23996 --- [gateway] [main] o.s.c.g.r.RouteDefinitionRouteLocator    : Loaded RoutePredicateFactory [ReadBody]
17:23:52:813  INFO 23996 --- [gateway] [main] o.s.c.g.r.RouteDefinitionRouteLocator    : Loaded RoutePredicateFactory [RemoteAddr]
17:23:52:813  INFO 23996 --- [gateway] [main] o.s.c.g.r.RouteDefinitionRouteLocator    : Loaded RoutePredicateFactory [XForwardedRemoteAddr]
17:23:52:813  INFO 23996 --- [gateway] [main] o.s.c.g.r.RouteDefinitionRouteLocator    : Loaded RoutePredicateFactory [Weight]
17:23:52:813  INFO 23996 --- [gateway] [main] o.s.c.g.r.RouteDefinitionRouteLocator    : Loaded RoutePredicateFactory [CloudFoundryRouteService]
17:23:53:993  INFO 23996 --- [gateway] [main] o.s.cloud.commons.util.InetUtils         : Cannot determine local hostname
17:23:54:349  WARN 23996 --- [gateway] [main] iguration$LoadBalancerCaffeineWarnLogger : Spring Cloud LoadBalancer is currently working with the default cache. While this cache implementation is useful for development and tests, it's recommended to use Caffeine cache in production.You can switch to using Caffeine cache, by adding it and org.springframework.cache.caffeine.CaffeineCacheManager to the classpath.
17:23:54:417  INFO 23996 --- [gateway] [main] o.s.b.w.embedded.tomcat.TomcatWebServer  : Tomcat started on port 8080 (http)
17:23:55:429  INFO 23996 --- [gateway] [main] o.s.cloud.commons.util.InetUtils         : Cannot determine local hostname
17:23:56:446  INFO 23996 --- [gateway] [main] o.s.cloud.commons.util.InetUtils         : Cannot determine local hostname
17:23:56:450  INFO 23996 --- [gateway] [main] com.alibaba.nacos.client.naming          : initializer namespace from ans.namespace attribute : null
17:23:56:451  INFO 23996 --- [gateway] [main] com.alibaba.nacos.client.naming          : initializer namespace from ALIBABA_ALIWARE_NAMESPACE attribute :null
17:23:56:451  INFO 23996 --- [gateway] [main] com.alibaba.nacos.client.naming          : initializer namespace from namespace attribute :null
17:23:56:457  INFO 23996 --- [gateway] [main] com.alibaba.nacos.client.naming          : FailoverDataSource type is class com.alibaba.nacos.client.naming.backups.datasource.DiskFailoverDataSource
17:23:56:461  INFO 23996 --- [gateway] [main] c.a.n.p.a.s.c.ClientAuthPluginManager    : [ClientAuthPluginManager] Load ClientAuthService com.alibaba.nacos.client.auth.impl.NacosClientAuthServiceImpl success.
17:23:56:461  INFO 23996 --- [gateway] [main] c.a.n.p.a.s.c.ClientAuthPluginManager    : [ClientAuthPluginManager] Load ClientAuthService com.alibaba.nacos.client.auth.ram.RamClientAuthServiceImpl success.
17:23:56:620  INFO 23996 --- [gateway] [main] com.alibaba.nacos.common.remote.client   : [RpcClientFactory] create a new rpc client of 9f0f6cec-4f13-41df-88e5-17b4e91535f9
17:23:56:621  INFO 23996 --- [gateway] [main] com.alibaba.nacos.client.naming          : Create naming rpc client for uuid->9f0f6cec-4f13-41df-88e5-17b4e91535f9
17:23:56:621  INFO 23996 --- [gateway] [main] com.alibaba.nacos.common.remote.client   : [9f0f6cec-4f13-41df-88e5-17b4e91535f9] RpcClient init, ServerListFactory = com.alibaba.nacos.client.naming.core.ServerListManager
17:23:56:622  INFO 23996 --- [gateway] [main] com.alibaba.nacos.common.remote.client   : [9f0f6cec-4f13-41df-88e5-17b4e91535f9] Registry connection listener to current client:com.alibaba.nacos.client.naming.remote.gprc.redo.NamingGrpcRedoService
17:23:56:622  INFO 23996 --- [gateway] [main] com.alibaba.nacos.common.remote.client   : [9f0f6cec-4f13-41df-88e5-17b4e91535f9] Register server push request handler:com.alibaba.nacos.client.naming.remote.gprc.NamingPushRequestHandler
17:23:56:623  INFO 23996 --- [gateway] [main] com.alibaba.nacos.common.remote.client   : [9f0f6cec-4f13-41df-88e5-17b4e91535f9] Try to connect to server on start up, server: {serverIp = '192.168.148.100', server main port = 8848}
17:23:56:623  INFO 23996 --- [gateway] [main] c.a.n.c.remote.client.grpc.GrpcClient    : grpc client connection server:192.168.148.100 ip,serverPort:9848,grpcTslConfig:{"sslProvider":"","enableTls":false,"mutualAuthEnable":false,"trustAll":false}
17:23:56:744  INFO 23996 --- [gateway] [main] com.alibaba.nacos.common.remote.client   : [9f0f6cec-4f13-41df-88e5-17b4e91535f9] Success to connect to server [192.168.148.100:8848] on start up, connectionId = 1761211437102_192.168.148.1_12504
17:23:56:744  INFO 23996 --- [gateway] [main] com.alibaba.nacos.common.remote.client   : [9f0f6cec-4f13-41df-88e5-17b4e91535f9] Register server push request handler:com.alibaba.nacos.common.remote.client.RpcClient$ConnectResetRequestHandler
17:23:56:744  INFO 23996 --- [gateway] [main] com.alibaba.nacos.common.remote.client   : [9f0f6cec-4f13-41df-88e5-17b4e91535f9] Register server push request handler:com.alibaba.nacos.common.remote.client.RpcClient$$Lambda/0x000002460152f2c8
17:23:56:744  INFO 23996 --- [gateway] [com.alibaba.nacos.client.remote.worker.0] com.alibaba.nacos.common.remote.client   : [9f0f6cec-4f13-41df-88e5-17b4e91535f9] Notify connected event to listeners.
17:23:56:744  INFO 23996 --- [gateway] [com.alibaba.nacos.client.remote.worker.0] com.alibaba.nacos.client.naming          : Grpc connection connect
17:23:56:745  INFO 23996 --- [gateway] [main] com.alibaba.nacos.client.naming          : [REGISTER-SERVICE] public registering service gateway with instance Instance{instanceId='null', ip='192.168.148.1', port=8080, weight=1.0, healthy=true, enabled=true, ephemeral=true, clusterName='DEFAULT', serviceName='null', metadata={IPv6=[2001:0:2851:b9f0:1839:7a7a:48c0:88ca], preserved.register.source=SPRING_CLOUD}}
17:23:56:757  INFO 23996 --- [gateway] [main] c.a.c.n.registry.NacosServiceRegistry    : nacos registry, DEFAULT_GROUP gateway 192.168.148.1:8080 register finished
17:23:56:798  INFO 23996 --- [gateway] [main] com.qg.gateway.GatewayApplication        : Started GatewayApplication in 12.693 seconds (process running for 13.246)
17:23:56:802  INFO 23996 --- [gateway] [main] c.a.nacos.client.config.impl.CacheData   : config listener notify warn timeout millis use default 60000 millis 
17:23:56:802  INFO 23996 --- [gateway] [main] c.a.nacos.client.config.impl.CacheData   : nacos.cache.data.init.snapshot = true 
17:23:56:802  INFO 23996 --- [gateway] [main] c.a.n.client.config.impl.ClientWorker    : [fixed-192.168.148.100_8848] [subscribe] gateway.yaml+DEFAULT_GROUP
17:23:56:807  INFO 23996 --- [gateway] [main] c.a.nacos.client.config.impl.CacheData   : [fixed-192.168.148.100_8848] [add-listener] ok, tenant=, dataId=gateway.yaml, group=DEFAULT_GROUP, cnt=1
17:23:56:807  INFO 23996 --- [gateway] [main] c.a.c.n.refresh.NacosContextRefresher    : [Nacos Config] Listening config: dataId=gateway.yaml, group=DEFAULT_GROUP
17:23:56:808  INFO 23996 --- [gateway] [main] c.a.n.client.config.impl.ClientWorker    : [fixed-192.168.148.100_8848] [subscribe] gateway+DEFAULT_GROUP
17:23:56:808  INFO 23996 --- [gateway] [main] c.a.nacos.client.config.impl.CacheData   : [fixed-192.168.148.100_8848] [add-listener] ok, tenant=, dataId=gateway, group=DEFAULT_GROUP, cnt=1
17:23:56:808  INFO 23996 --- [gateway] [main] c.a.c.n.refresh.NacosContextRefresher    : [Nacos Config] Listening config: dataId=gateway, group=DEFAULT_GROUP
17:24:07:398  INFO 23996 --- [gateway] [boundedElastic-1] com.alibaba.nacos.client.naming          : [SUBSCRIBE-SERVICE] service:alert-service, group:DEFAULT_GROUP, clusters: 
17:24:07:399  INFO 23996 --- [gateway] [boundedElastic-1] com.alibaba.nacos.client.naming          : [GRPC-SUBSCRIBE] service:alert-service, group:DEFAULT_GROUP, cluster: 
17:24:07:409  INFO 23996 --- [gateway] [boundedElastic-1] com.alibaba.nacos.client.naming          : init new ips(1) service: DEFAULT_GROUP@@alert-service -> [{"ip":"192.168.148.1","port":8085,"weight":1.0,"healthy":true,"enabled":true,"ephemeral":true,"clusterName":"DEFAULT","serviceName":"DEFAULT_GROUP@@alert-service","metadata":{"preserved.register.source":"SPRING_CLOUD"},"instanceHeartBeatTimeOut":15000,"instanceHeartBeatInterval":5000,"ipDeleteTimeout":30000}]
17:24:07:411  INFO 23996 --- [gateway] [boundedElastic-1] com.alibaba.nacos.client.naming          : current ips:(1) service: DEFAULT_GROUP@@alert-service -> [{"ip":"192.168.148.1","port":8085,"weight":1.0,"healthy":true,"enabled":true,"ephemeral":true,"clusterName":"DEFAULT","serviceName":"DEFAULT_GROUP@@alert-service","metadata":{"preserved.register.source":"SPRING_CLOUD"},"instanceHeartBeatTimeOut":15000,"instanceHeartBeatInterval":5000,"ipDeleteTimeout":30000}]
17:24:07:445 ERROR 23996 --- [gateway] [boundedElastic-1] a.w.r.e.AbstractErrorWebExceptionHandler : [7c71ed8f]  500 Server Error for HTTP GET "/ws"

java.lang.ClassCastException: class org.apache.catalina.connector.ResponseFacade cannot be cast to class reactor.netty.http.server.HttpServerResponse (org.apache.catalina.connector.ResponseFacade and reactor.netty.http.server.HttpServerResponse are in unnamed module of loader 'app')
	at org.springframework.web.reactive.socket.server.upgrade.ReactorNettyRequestUpgradeStrategy.upgrade(ReactorNettyRequestUpgradeStrategy.java:163) ~[spring-webflux-6.1.13.jar:6.1.13]
	Suppressed: reactor.core.publisher.FluxOnAssembly$OnAssemblyException: 
Error has been observed at the following site(s):
	*__checkpoint ⇢ org.springframework.cloud.gateway.filter.WeightCalculatorWebFilter [DefaultWebFilterChain]
	*__checkpoint ⇢ HTTP GET "/ws" [ExceptionHandlingWebHandler]
Original Stack Trace:
		at org.springframework.web.reactive.socket.server.upgrade.ReactorNettyRequestUpgradeStrategy.upgrade(ReactorNettyRequestUpgradeStrategy.java:163) ~[spring-webflux-6.1.13.jar:6.1.13]
		at org.springframework.web.reactive.socket.server.support.HandshakeWebSocketService.lambda$handleRequest$1(HandshakeWebSocketService.java:221) ~[spring-webflux-6.1.13.jar:6.1.13]
		at reactor.core.publisher.FluxFlatMap.trySubscribeScalarMap(FluxFlatMap.java:153) ~[reactor-core-3.6.10.jar:3.6.10]
		at reactor.core.publisher.MonoFlatMap.subscribeOrReturn(MonoFlatMap.java:53) ~[reactor-core-3.6.10.jar:3.6.10]
		at reactor.core.publisher.InternalMonoOperator.subscribe(InternalMonoOperator.java:63) ~[reactor-core-3.6.10.jar:3.6.10]
		at reactor.core.publisher.MonoDefer.subscribe(MonoDefer.java:53) ~[reactor-core-3.6.10.jar:3.6.10]
		at reactor.core.publisher.MonoDefer.subscribe(MonoDefer.java:53) ~[reactor-core-3.6.10.jar:3.6.10]
		at reactor.core.publisher.MonoIgnoreThen$ThenIgnoreMain.subscribeNext(MonoIgnoreThen.java:241) ~[reactor-core-3.6.10.jar:3.6.10]
		at reactor.core.publisher.MonoIgnoreThen$ThenIgnoreMain.onComplete(MonoIgnoreThen.java:204) ~[reactor-core-3.6.10.jar:3.6.10]
		at reactor.core.publisher.FluxPeek$PeekSubscriber.onComplete(FluxPeek.java:260) ~[reactor-core-3.6.10.jar:3.6.10]
		at reactor.core.publisher.FluxMap$MapSubscriber.onComplete(FluxMap.java:144) ~[reactor-core-3.6.10.jar:3.6.10]
		at reactor.core.publisher.MonoNext$NextSubscriber.onComplete(MonoNext.java:102) ~[reactor-core-3.6.10.jar:3.6.10]
		at reactor.core.publisher.MonoNext$NextSubscriber.onNext(MonoNext.java:83) ~[reactor-core-3.6.10.jar:3.6.10]
		at reactor.core.publisher.FluxDematerialize$DematerializeSubscriber.onNext(FluxDematerialize.java:98) ~[reactor-core-3.6.10.jar:3.6.10]
		at reactor.core.publisher.FluxDematerialize$DematerializeSubscriber.onNext(FluxDematerialize.java:44) ~[reactor-core-3.6.10.jar:3.6.10]
		at reactor.core.publisher.FluxFlattenIterable$FlattenIterableSubscriber.drainAsync(FluxFlattenIterable.java:453) ~[reactor-core-3.6.10.jar:3.6.10]
		at reactor.core.publisher.FluxFlattenIterable$FlattenIterableSubscriber.drain(FluxFlattenIterable.java:724) ~[reactor-core-3.6.10.jar:3.6.10]
		at reactor.core.publisher.FluxFlattenIterable$FlattenIterableSubscriber.onNext(FluxFlattenIterable.java:256) ~[reactor-core-3.6.10.jar:3.6.10]
		at reactor.core.publisher.FluxSwitchIfEmpty$SwitchIfEmptySubscriber.onNext(FluxSwitchIfEmpty.java:74) ~[reactor-core-3.6.10.jar:3.6.10]
		at reactor.core.publisher.MonoFlatMap$FlatMapMain.secondComplete(MonoFlatMap.java:245) ~[reactor-core-3.6.10.jar:3.6.10]
		at reactor.core.publisher.MonoFlatMap$FlatMapInner.onNext(MonoFlatMap.java:305) ~[reactor-core-3.6.10.jar:3.6.10]
		at reactor.core.publisher.MonoIgnoreThen$ThenIgnoreMain.complete(MonoIgnoreThen.java:294) ~[reactor-core-3.6.10.jar:3.6.10]
		at reactor.core.publisher.MonoIgnoreThen$ThenIgnoreMain.onNext(MonoIgnoreThen.java:188) ~[reactor-core-3.6.10.jar:3.6.10]
		at reactor.core.publisher.MonoIgnoreThen$ThenIgnoreMain.subscribeNext(MonoIgnoreThen.java:237) ~[reactor-core-3.6.10.jar:3.6.10]
		at reactor.core.publisher.MonoIgnoreThen$ThenIgnoreMain.onComplete(MonoIgnoreThen.java:204) ~[reactor-core-3.6.10.jar:3.6.10]
		at reactor.core.publisher.MonoIgnoreElements$IgnoreElementsSubscriber.onComplete(MonoIgnoreElements.java:89) ~[reactor-core-3.6.10.jar:3.6.10]
		at reactor.core.publisher.FluxPeek$PeekSubscriber.onComplete(FluxPeek.java:260) ~[reactor-core-3.6.10.jar:3.6.10]
		at reactor.core.publisher.FluxDematerialize$DematerializeSubscriber.onComplete(FluxDematerialize.java:121) ~[reactor-core-3.6.10.jar:3.6.10]
		at reactor.core.publisher.FluxDematerialize$DematerializeSubscriber.onNext(FluxDematerialize.java:91) ~[reactor-core-3.6.10.jar:3.6.10]
		at reactor.core.publisher.FluxDematerialize$DematerializeSubscriber.onNext(FluxDematerialize.java:44) ~[reactor-core-3.6.10.jar:3.6.10]
		at reactor.core.publisher.FluxIterable$IterableSubscription.fastPath(FluxIterable.java:402) ~[reactor-core-3.6.10.jar:3.6.10]
		at reactor.core.publisher.FluxIterable$IterableSubscription.request(FluxIterable.java:291) ~[reactor-core-3.6.10.jar:3.6.10]
		at reactor.core.publisher.FluxDematerialize$DematerializeSubscriber.request(FluxDematerialize.java:127) ~[reactor-core-3.6.10.jar:3.6.10]
		at reactor.core.publisher.FluxPeek$PeekSubscriber.request(FluxPeek.java:138) ~[reactor-core-3.6.10.jar:3.6.10]
		at reactor.core.publisher.MonoIgnoreElements$IgnoreElementsSubscriber.onSubscribe(MonoIgnoreElements.java:72) ~[reactor-core-3.6.10.jar:3.6.10]
		at reactor.core.publisher.FluxPeek$PeekSubscriber.onSubscribe(FluxPeek.java:171) ~[reactor-core-3.6.10.jar:3.6.10]
		at reactor.core.publisher.FluxDematerialize$DematerializeSubscriber.onSubscribe(FluxDematerialize.java:77) ~[reactor-core-3.6.10.jar:3.6.10]
		at reactor.core.publisher.FluxIterable.subscribe(FluxIterable.java:201) ~[reactor-core-3.6.10.jar:3.6.10]
		at reactor.core.publisher.FluxIterable.subscribe(FluxIterable.java:83) ~[reactor-core-3.6.10.jar:3.6.10]
		at reactor.core.publisher.Mono.subscribe(Mono.java:4576) ~[reactor-core-3.6.10.jar:3.6.10]
		at reactor.core.publisher.MonoIgnoreThen$ThenIgnoreMain.subscribeNext(MonoIgnoreThen.java:265) ~[reactor-core-3.6.10.jar:3.6.10]
		at reactor.core.publisher.MonoIgnoreThen.subscribe(MonoIgnoreThen.java:51) ~[reactor-core-3.6.10.jar:3.6.10]
		at reactor.core.publisher.MonoFlatMap$FlatMapMain.onNext(MonoFlatMap.java:165) ~[reactor-core-3.6.10.jar:3.6.10]
		at reactor.core.publisher.Operators$BaseFluxToMonoOperator.completePossiblyEmpty(Operators.java:2097) ~[reactor-core-3.6.10.jar:3.6.10]
		at reactor.core.publisher.MonoCollectList$MonoCollectListSubscriber.onComplete(MonoCollectList.java:118) ~[reactor-core-3.6.10.jar:3.6.10]
		at reactor.core.publisher.DrainUtils.postCompleteDrain(DrainUtils.java:132) ~[reactor-core-3.6.10.jar:3.6.10]
		at reactor.core.publisher.DrainUtils.postComplete(DrainUtils.java:187) ~[reactor-core-3.6.10.jar:3.6.10]
		at reactor.core.publisher.FluxMaterialize$MaterializeSubscriber.onComplete(FluxMaterialize.java:141) ~[reactor-core-3.6.10.jar:3.6.10]
		at reactor.core.publisher.FluxLimitRequest$FluxLimitRequestSubscriber.onNext(FluxLimitRequest.java:104) ~[reactor-core-3.6.10.jar:3.6.10]
		at reactor.core.publisher.FluxOnErrorResume$ResumeSubscriber.onNext(FluxOnErrorResume.java:79) ~[reactor-core-3.6.10.jar:3.6.10]
		at reactor.core.publisher.SerializedSubscriber.onNext(SerializedSubscriber.java:99) ~[reactor-core-3.6.10.jar:3.6.10]
		at reactor.core.publisher.FluxTimeout$TimeoutMainSubscriber.onNext(FluxTimeout.java:181) ~[reactor-core-3.6.10.jar:3.6.10]
		at reactor.core.publisher.Operators$BaseFluxToMonoOperator.completePossiblyEmpty(Operators.java:2097) ~[reactor-core-3.6.10.jar:3.6.10]
		at reactor.core.publisher.MonoCollectList$MonoCollectListSubscriber.onComplete(MonoCollectList.java:118) ~[reactor-core-3.6.10.jar:3.6.10]
		at org.springframework.cloud.commons.publisher.FluxFirstNonEmptyEmitting$FirstNonEmptyEmittingSubscriber.onComplete(FluxFirstNonEmptyEmitting.java:325) ~[spring-cloud-commons-4.1.4.jar:4.1.4]
		at reactor.core.publisher.FluxSubscribeOn$SubscribeOnSubscriber.onComplete(FluxSubscribeOn.java:166) ~[reactor-core-3.6.10.jar:3.6.10]
		at reactor.core.publisher.FluxIterable$IterableSubscription.fastPath(FluxIterable.java:424) ~[reactor-core-3.6.10.jar:3.6.10]
		at reactor.core.publisher.FluxIterable$IterableSubscription.request(FluxIterable.java:291) ~[reactor-core-3.6.10.jar:3.6.10]
		at reactor.core.publisher.FluxSubscribeOn$SubscribeOnSubscriber.requestUpstream(FluxSubscribeOn.java:131) ~[reactor-core-3.6.10.jar:3.6.10]
		at reactor.core.publisher.FluxSubscribeOn$SubscribeOnSubscriber.onSubscribe(FluxSubscribeOn.java:124) ~[reactor-core-3.6.10.jar:3.6.10]
		at reactor.core.publisher.FluxIterable.subscribe(FluxIterable.java:201) ~[reactor-core-3.6.10.jar:3.6.10]
		at reactor.core.publisher.FluxIterable.subscribe(FluxIterable.java:83) ~[reactor-core-3.6.10.jar:3.6.10]
		at reactor.core.publisher.Flux.subscribe(Flux.java:8848) ~[reactor-core-3.6.10.jar:3.6.10]
		at reactor.core.publisher.FluxFlatMap.trySubscribeScalarMap(FluxFlatMap.java:202) ~[reactor-core-3.6.10.jar:3.6.10]
		at reactor.core.publisher.MonoFlatMapMany.subscribeOrReturn(MonoFlatMapMany.java:49) ~[reactor-core-3.6.10.jar:3.6.10]
		at reactor.core.publisher.Flux.subscribe(Flux.java:8833) ~[reactor-core-3.6.10.jar:3.6.10]
		at reactor.core.publisher.FluxFlatMap.trySubscribeScalarMap(FluxFlatMap.java:202) ~[reactor-core-3.6.10.jar:3.6.10]
		at reactor.core.publisher.MonoFlatMapMany.subscribeOrReturn(MonoFlatMapMany.java:49) ~[reactor-core-3.6.10.jar:3.6.10]
		at reactor.core.publisher.FluxFromMonoOperator.subscribe(FluxFromMonoOperator.java:77) ~[reactor-core-3.6.10.jar:3.6.10]
		at reactor.core.publisher.FluxSubscribeOn$SubscribeOnSubscriber.run(FluxSubscribeOn.java:194) ~[reactor-core-3.6.10.jar:3.6.10]
		at reactor.core.scheduler.WorkerTask.call(WorkerTask.java:84) ~[reactor-core-3.6.10.jar:3.6.10]
		at reactor.core.scheduler.WorkerTask.call(WorkerTask.java:37) ~[reactor-core-3.6.10.jar:3.6.10]
		at java.base/java.util.concurrent.FutureTask.run(FutureTask.java:317) ~[na:na]
		at java.base/java.util.concurrent.ScheduledThreadPoolExecutor$ScheduledFutureTask.run(ScheduledThreadPoolExecutor.java:304) ~[na:na]
		at java.base/java.util.concurrent.ThreadPoolExecutor.runWorker(ThreadPoolExecutor.java:1144) ~[na:na]
		at java.base/java.util.concurrent.ThreadPoolExecutor$Worker.run(ThreadPoolExecutor.java:642) ~[na:na]
		at java.base/java.lang.Thread.run(Thread.java:1575) ~[na:na]

17:24:07:977  INFO 23996 --- [gateway] [nacos-grpc-client-executor-192.168.148.100-10] com.alibaba.nacos.common.remote.client   : [9f0f6cec-4f13-41df-88e5-17b4e91535f9] Receive server push request, request = NotifySubscriberRequest, requestId = 5
17:24:07:978  INFO 23996 --- [gateway] [nacos-grpc-client-executor-192.168.148.100-10] com.alibaba.nacos.common.remote.client   : [9f0f6cec-4f13-41df-88e5-17b4e91535f9] Ack server push request, request = NotifySubscriberRequest, requestId = 5
17:24:08:285 ERROR 23996 --- [gateway] [http-nio-8080-exec-4] a.w.r.e.AbstractErrorWebExceptionHandler : [7eb5faa]  500 Server Error for HTTP GET "/ws"

java.lang.ClassCastException: class org.apache.catalina.connector.ResponseFacade cannot be cast to class reactor.netty.http.server.HttpServerResponse (org.apache.catalina.connector.ResponseFacade and reactor.netty.http.server.HttpServerResponse are in unnamed module of loader 'app')
	at org.springframework.web.reactive.socket.server.upgrade.ReactorNettyRequestUpgradeStrategy.upgrade(ReactorNettyRequestUpgradeStrategy.java:163) ~[spring-webflux-6.1.13.jar:6.1.13]
	Suppressed: reactor.core.publisher.FluxOnAssembly$OnAssemblyException: 
Error has been observed at the following site(s):
	*__checkpoint ⇢ org.springframework.cloud.gateway.filter.WeightCalculatorWebFilter [DefaultWebFilterChain]
	*__checkpoint ⇢ HTTP GET "/ws" [ExceptionHandlingWebHandler]
Original Stack Trace:
		at org.springframework.web.reactive.socket.server.upgrade.ReactorNettyRequestUpgradeStrategy.upgrade(ReactorNettyRequestUpgradeStrategy.java:163) ~[spring-webflux-6.1.13.jar:6.1.13]
		at org.springframework.web.reactive.socket.server.support.HandshakeWebSocketService.lambda$handleRequest$1(HandshakeWebSocketService.java:221) ~[spring-webflux-6.1.13.jar:6.1.13]
		at reactor.core.publisher.FluxFlatMap.trySubscribeScalarMap(FluxFlatMap.java:153) ~[reactor-core-3.6.10.jar:3.6.10]
		at reactor.core.publisher.MonoFlatMap.subscribeOrReturn(MonoFlatMap.java:53) ~[reactor-core-3.6.10.jar:3.6.10]
		at reactor.core.publisher.InternalMonoOperator.subscribe(InternalMonoOperator.java:63) ~[reactor-core-3.6.10.jar:3.6.10]
		at reactor.core.publisher.MonoDefer.subscribe(MonoDefer.java:53) ~[reactor-core-3.6.10.jar:3.6.10]
		at reactor.core.publisher.MonoDefer.subscribe(MonoDefer.java:53) ~[reactor-core-3.6.10.jar:3.6.10]
		at reactor.core.publisher.MonoIgnoreThen$ThenIgnoreMain.subscribeNext(MonoIgnoreThen.java:241) ~[reactor-core-3.6.10.jar:3.6.10]
		at reactor.core.publisher.MonoIgnoreThen$ThenIgnoreMain.onComplete(MonoIgnoreThen.java:204) ~[reactor-core-3.6.10.jar:3.6.10]
		at reactor.core.publisher.FluxPeek$PeekSubscriber.onComplete(FluxPeek.java:260) ~[reactor-core-3.6.10.jar:3.6.10]
		at reactor.core.publisher.FluxMap$MapSubscriber.onComplete(FluxMap.java:144) ~[reactor-core-3.6.10.jar:3.6.10]
		at reactor.core.publisher.MonoNext$NextSubscriber.onComplete(MonoNext.java:102) ~[reactor-core-3.6.10.jar:3.6.10]
		at reactor.core.publisher.MonoNext$NextSubscriber.onNext(MonoNext.java:83) ~[reactor-core-3.6.10.jar:3.6.10]
		at reactor.core.publisher.FluxDematerialize$DematerializeSubscriber.onNext(FluxDematerialize.java:98) ~[reactor-core-3.6.10.jar:3.6.10]
		at reactor.core.publisher.FluxDematerialize$DematerializeSubscriber.onNext(FluxDematerialize.java:44) ~[reactor-core-3.6.10.jar:3.6.10]
		at reactor.core.publisher.FluxFlattenIterable$FlattenIterableSubscriber.drainAsync(FluxFlattenIterable.java:453) ~[reactor-core-3.6.10.jar:3.6.10]
		at reactor.core.publisher.FluxFlattenIterable$FlattenIterableSubscriber.drain(FluxFlattenIterable.java:724) ~[reactor-core-3.6.10.jar:3.6.10]
		at reactor.core.publisher.FluxFlattenIterable$FlattenIterableSubscriber.onNext(FluxFlattenIterable.java:256) ~[reactor-core-3.6.10.jar:3.6.10]
		at reactor.core.publisher.FluxSwitchIfEmpty$SwitchIfEmptySubscriber.onNext(FluxSwitchIfEmpty.java:74) ~[reactor-core-3.6.10.jar:3.6.10]
		at reactor.core.publisher.Operators$BaseFluxToMonoOperator.completePossiblyEmpty(Operators.java:2097) ~[reactor-core-3.6.10.jar:3.6.10]
		at reactor.core.publisher.MonoCollectList$MonoCollectListSubscriber.onComplete(MonoCollectList.java:118) ~[reactor-core-3.6.10.jar:3.6.10]
		at reactor.core.publisher.DrainUtils.postCompleteDrain(DrainUtils.java:132) ~[reactor-core-3.6.10.jar:3.6.10]
		at reactor.core.publisher.DrainUtils.postComplete(DrainUtils.java:187) ~[reactor-core-3.6.10.jar:3.6.10]
		at reactor.core.publisher.FluxMaterialize$MaterializeSubscriber.onComplete(FluxMaterialize.java:141) ~[reactor-core-3.6.10.jar:3.6.10]
		at reactor.core.publisher.Operators$ScalarSubscription.request(Operators.java:2573) ~[reactor-core-3.6.10.jar:3.6.10]
		at reactor.core.publisher.FluxMaterialize$MaterializeSubscriber.request(FluxMaterialize.java:148) ~[reactor-core-3.6.10.jar:3.6.10]
		at reactor.core.publisher.Operators$BaseFluxToMonoOperator.request(Operators.java:2067) ~[reactor-core-3.6.10.jar:3.6.10]
		at reactor.core.publisher.Operators$MultiSubscriptionSubscriber.set(Operators.java:2367) ~[reactor-core-3.6.10.jar:3.6.10]
		at reactor.core.publisher.Operators$MultiSubscriptionSubscriber.onSubscribe(Operators.java:2241) ~[reactor-core-3.6.10.jar:3.6.10]
		at reactor.core.publisher.Operators$BaseFluxToMonoOperator.onSubscribe(Operators.java:2051) ~[reactor-core-3.6.10.jar:3.6.10]
		at reactor.core.publisher.FluxMaterialize$MaterializeSubscriber.onSubscribe(FluxMaterialize.java:103) ~[reactor-core-3.6.10.jar:3.6.10]
		at reactor.core.publisher.FluxJust.subscribe(FluxJust.java:68) ~[reactor-core-3.6.10.jar:3.6.10]
		at reactor.core.publisher.InternalFluxOperator.subscribe(InternalFluxOperator.java:68) ~[reactor-core-3.6.10.jar:3.6.10]
		at reactor.core.publisher.FluxDefer.subscribe(FluxDefer.java:54) ~[reactor-core-3.6.10.jar:3.6.10]
		at reactor.core.publisher.Mono.subscribe(Mono.java:4576) ~[reactor-core-3.6.10.jar:3.6.10]
		at reactor.core.publisher.MonoIgnoreThen$ThenIgnoreMain.subscribeNext(MonoIgnoreThen.java:265) ~[reactor-core-3.6.10.jar:3.6.10]
		at reactor.core.publisher.MonoIgnoreThen.subscribe(MonoIgnoreThen.java:51) ~[reactor-core-3.6.10.jar:3.6.10]
		at reactor.core.publisher.InternalMonoOperator.subscribe(InternalMonoOperator.java:76) ~[reactor-core-3.6.10.jar:3.6.10]
		at reactor.core.publisher.MonoDefer.subscribe(MonoDefer.java:53) ~[reactor-core-3.6.10.jar:3.6.10]
		at reactor.core.publisher.MonoDefer.subscribe(MonoDefer.java:53) ~[reactor-core-3.6.10.jar:3.6.10]
		at reactor.core.publisher.MonoDefer.subscribe(MonoDefer.java:53) ~[reactor-core-3.6.10.jar:3.6.10]
		at reactor.core.publisher.MonoDefer.subscribe(MonoDefer.java:53) ~[reactor-core-3.6.10.jar:3.6.10]
		at reactor.core.publisher.Mono.subscribe(Mono.java:4576) ~[reactor-core-3.6.10.jar:3.6.10]
		at reactor.core.publisher.MonoIgnoreThen$ThenIgnoreMain.subscribeNext(MonoIgnoreThen.java:265) ~[reactor-core-3.6.10.jar:3.6.10]
		at reactor.core.publisher.MonoIgnoreThen.subscribe(MonoIgnoreThen.java:51) ~[reactor-core-3.6.10.jar:3.6.10]
		at reactor.core.publisher.InternalMonoOperator.subscribe(InternalMonoOperator.java:76) ~[reactor-core-3.6.10.jar:3.6.10]
		at reactor.core.publisher.MonoDefer.subscribe(MonoDefer.java:53) ~[reactor-core-3.6.10.jar:3.6.10]
		at reactor.core.publisher.MonoDefer.subscribe(MonoDefer.java:53) ~[reactor-core-3.6.10.jar:3.6.10]
		at reactor.core.publisher.MonoDefer.subscribe(MonoDefer.java:53) ~[reactor-core-3.6.10.jar:3.6.10]
		at reactor.core.publisher.InternalMonoOperator.subscribe(InternalMonoOperator.java:76) ~[reactor-core-3.6.10.jar:3.6.10]
		at reactor.core.publisher.MonoDefer.subscribe(MonoDefer.java:53) ~[reactor-core-3.6.10.jar:3.6.10]
		at reactor.core.publisher.Mono.subscribe(Mono.java:4576) ~[reactor-core-3.6.10.jar:3.6.10]
		at reactor.core.publisher.MonoIgnoreThen$ThenIgnoreMain.subscribeNext(MonoIgnoreThen.java:265) ~[reactor-core-3.6.10.jar:3.6.10]
		at reactor.core.publisher.MonoIgnoreThen.subscribe(MonoIgnoreThen.java:51) ~[reactor-core-3.6.10.jar:3.6.10]
		at reactor.core.publisher.InternalMonoOperator.subscribe(InternalMonoOperator.java:76) ~[reactor-core-3.6.10.jar:3.6.10]
		at reactor.core.publisher.MonoFlatMap$FlatMapMain.onNext(MonoFlatMap.java:165) ~[reactor-core-3.6.10.jar:3.6.10]
		at reactor.core.publisher.FluxOnErrorResume$ResumeSubscriber.onNext(FluxOnErrorResume.java:79) ~[reactor-core-3.6.10.jar:3.6.10]
		at reactor.core.publisher.FluxSwitchIfEmpty$SwitchIfEmptySubscriber.onNext(FluxSwitchIfEmpty.java:74) ~[reactor-core-3.6.10.jar:3.6.10]
		at reactor.core.publisher.MonoNext$NextSubscriber.onNext(MonoNext.java:82) ~[reactor-core-3.6.10.jar:3.6.10]
		at reactor.core.publisher.FluxConcatMapNoPrefetch$FluxConcatMapNoPrefetchSubscriber.innerNext(FluxConcatMapNoPrefetch.java:259) ~[reactor-core-3.6.10.jar:3.6.10]
		at reactor.core.publisher.FluxConcatMap$ConcatMapInner.onNext(FluxConcatMap.java:865) ~[reactor-core-3.6.10.jar:3.6.10]
		at reactor.core.publisher.FluxMap$MapSubscriber.onNext(FluxMap.java:122) ~[reactor-core-3.6.10.jar:3.6.10]
		at reactor.core.publisher.FluxSwitchIfEmpty$SwitchIfEmptySubscriber.onNext(FluxSwitchIfEmpty.java:74) ~[reactor-core-3.6.10.jar:3.6.10]
		at reactor.core.publisher.FluxMap$MapSubscriber.onNext(FluxMap.java:122) ~[reactor-core-3.6.10.jar:3.6.10]
		at reactor.core.publisher.FluxMap$MapSubscriber.onNext(FluxMap.java:122) ~[reactor-core-3.6.10.jar:3.6.10]
		at reactor.core.publisher.MonoNext$NextSubscriber.onNext(MonoNext.java:82) ~[reactor-core-3.6.10.jar:3.6.10]
		at reactor.core.publisher.FluxConcatMapNoPrefetch$FluxConcatMapNoPrefetchSubscriber.innerNext(FluxConcatMapNoPrefetch.java:259) ~[reactor-core-3.6.10.jar:3.6.10]
		at reactor.core.publisher.FluxConcatMap$ConcatMapInner.onNext(FluxConcatMap.java:865) ~[reactor-core-3.6.10.jar:3.6.10]
		at reactor.core.publisher.FluxOnErrorResume$ResumeSubscriber.onNext(FluxOnErrorResume.java:79) ~[reactor-core-3.6.10.jar:3.6.10]
		at reactor.core.publisher.MonoPeekTerminal$MonoTerminalPeekSubscriber.onNext(MonoPeekTerminal.java:180) ~[reactor-core-3.6.10.jar:3.6.10]
		at reactor.core.publisher.MonoFilterWhen$MonoFilterWhenMain.onNext(MonoFilterWhen.java:136) ~[reactor-core-3.6.10.jar:3.6.10]
		at reactor.core.publisher.Operators$ScalarSubscription.request(Operators.java:2571) ~[reactor-core-3.6.10.jar:3.6.10]
		at reactor.core.publisher.MonoFilterWhen$MonoFilterWhenMain.request(MonoFilterWhen.java:183) ~[reactor-core-3.6.10.jar:3.6.10]
		at reactor.core.publisher.MonoPeekTerminal$MonoTerminalPeekSubscriber.request(MonoPeekTerminal.java:139) ~[reactor-core-3.6.10.jar:3.6.10]
		at reactor.core.publisher.Operators$MultiSubscriptionSubscriber.request(Operators.java:2331) ~[reactor-core-3.6.10.jar:3.6.10]
		at reactor.core.publisher.Operators$MultiSubscriptionSubscriber.request(Operators.java:2331) ~[reactor-core-3.6.10.jar:3.6.10]
		at reactor.core.publisher.FluxConcatMapNoPrefetch$FluxConcatMapNoPrefetchSubscriber.request(FluxConcatMapNoPrefetch.java:339) ~[reactor-core-3.6.10.jar:3.6.10]
		at reactor.core.publisher.MonoNext$NextSubscriber.request(MonoNext.java:108) ~[reactor-core-3.6.10.jar:3.6.10]
		at reactor.core.publisher.FluxMap$MapSubscriber.request(FluxMap.java:164) ~[reactor-core-3.6.10.jar:3.6.10]
		at reactor.core.publisher.FluxMap$MapSubscriber.request(FluxMap.java:164) ~[reactor-core-3.6.10.jar:3.6.10]
		at reactor.core.publisher.Operators$MultiSubscriptionSubscriber.request(Operators.java:2331) ~[reactor-core-3.6.10.jar:3.6.10]
		at reactor.core.publisher.FluxMap$MapSubscriber.request(FluxMap.java:164) ~[reactor-core-3.6.10.jar:3.6.10]
		at reactor.core.publisher.Operators$MultiSubscriptionSubscriber.request(Operators.java:2331) ~[reactor-core-3.6.10.jar:3.6.10]
		at reactor.core.publisher.FluxConcatMapNoPrefetch$FluxConcatMapNoPrefetchSubscriber.request(FluxConcatMapNoPrefetch.java:339) ~[reactor-core-3.6.10.jar:3.6.10]
		at reactor.core.publisher.MonoNext$NextSubscriber.request(MonoNext.java:108) ~[reactor-core-3.6.10.jar:3.6.10]
		at reactor.core.publisher.Operators$MultiSubscriptionSubscriber.set(Operators.java:2367) ~[reactor-core-3.6.10.jar:3.6.10]
		at reactor.core.publisher.Operators$MultiSubscriptionSubscriber.onSubscribe(Operators.java:2241) ~[reactor-core-3.6.10.jar:3.6.10]
		at reactor.core.publisher.MonoNext$NextSubscriber.onSubscribe(MonoNext.java:70) ~[reactor-core-3.6.10.jar:3.6.10]
		at reactor.core.publisher.FluxConcatMapNoPrefetch$FluxConcatMapNoPrefetchSubscriber.onSubscribe(FluxConcatMapNoPrefetch.java:164) ~[reactor-core-3.6.10.jar:3.6.10]
		at reactor.core.publisher.FluxIterable.subscribe(FluxIterable.java:201) ~[reactor-core-3.6.10.jar:3.6.10]
		at reactor.core.publisher.FluxIterable.subscribe(FluxIterable.java:83) ~[reactor-core-3.6.10.jar:3.6.10]
		at reactor.core.publisher.InternalMonoOperator.subscribe(InternalMonoOperator.java:76) ~[reactor-core-3.6.10.jar:3.6.10]
		at reactor.core.publisher.MonoDefer.subscribe(MonoDefer.java:53) ~[reactor-core-3.6.10.jar:3.6.10]
		at reactor.core.publisher.InternalMonoOperator.subscribe(InternalMonoOperator.java:76) ~[reactor-core-3.6.10.jar:3.6.10]
		at reactor.core.publisher.MonoDefer.subscribe(MonoDefer.java:53) ~[reactor-core-3.6.10.jar:3.6.10]
		at reactor.core.publisher.Mono.subscribe(Mono.java:4576) ~[reactor-core-3.6.10.jar:3.6.10]
		at reactor.core.publisher.MonoIgnoreThen$ThenIgnoreMain.subscribeNext(MonoIgnoreThen.java:265) ~[reactor-core-3.6.10.jar:3.6.10]
		at reactor.core.publisher.MonoIgnoreThen.subscribe(MonoIgnoreThen.java:51) ~[reactor-core-3.6.10.jar:3.6.10]
		at reactor.core.publisher.Mono.subscribe(Mono.java:4576) ~[reactor-core-3.6.10.jar:3.6.10]
		at org.springframework.http.server.reactive.ServletHttpHandlerAdapter.service(ServletHttpHandlerAdapter.java:199) ~[spring-web-6.1.13.jar:6.1.13]
		at org.apache.catalina.core.ApplicationFilterChain.internalDoFilter(ApplicationFilterChain.java:195) ~[tomcat-embed-core-10.1.30.jar:10.1.30]
		at org.apache.catalina.core.ApplicationFilterChain.doFilter(ApplicationFilterChain.java:140) ~[tomcat-embed-core-10.1.30.jar:10.1.30]
		at org.apache.tomcat.websocket.server.WsFilter.doFilter(WsFilter.java:51) ~[tomcat-embed-websocket-10.1.30.jar:10.1.30]
		at org.apache.catalina.core.ApplicationFilterChain.internalDoFilter(ApplicationFilterChain.java:164) ~[tomcat-embed-core-10.1.30.jar:10.1.30]
		at org.apache.catalina.core.ApplicationFilterChain.doFilter(ApplicationFilterChain.java:140) ~[tomcat-embed-core-10.1.30.jar:10.1.30]
		at org.apache.catalina.core.StandardWrapperValve.invoke(StandardWrapperValve.java:167) ~[tomcat-embed-core-10.1.30.jar:10.1.30]
		at org.apache.catalina.core.StandardContextValve.invoke(StandardContextValve.java:90) ~[tomcat-embed-core-10.1.30.jar:10.1.30]
		at org.apache.catalina.authenticator.AuthenticatorBase.invoke(AuthenticatorBase.java:483) ~[tomcat-embed-core-10.1.30.jar:10.1.30]
		at org.apache.catalina.core.StandardHostValve.invoke(StandardHostValve.java:115) ~[tomcat-embed-core-10.1.30.jar:10.1.30]
		at org.apache.catalina.valves.ErrorReportValve.invoke(ErrorReportValve.java:93) ~[tomcat-embed-core-10.1.30.jar:10.1.30]
		at org.apache.catalina.core.StandardEngineValve.invoke(StandardEngineValve.java:74) ~[tomcat-embed-core-10.1.30.jar:10.1.30]
		at org.apache.catalina.connector.CoyoteAdapter.service(CoyoteAdapter.java:344) ~[tomcat-embed-core-10.1.30.jar:10.1.30]
		at org.apache.coyote.http11.Http11Processor.service(Http11Processor.java:384) ~[tomcat-embed-core-10.1.30.jar:10.1.30]
		at org.apache.coyote.AbstractProcessorLight.process(AbstractProcessorLight.java:63) ~[tomcat-embed-core-10.1.30.jar:10.1.30]
		at org.apache.coyote.AbstractProtocol$ConnectionHandler.process(AbstractProtocol.java:905) ~[tomcat-embed-core-10.1.30.jar:10.1.30]
		at org.apache.tomcat.util.net.NioEndpoint$SocketProcessor.doRun(NioEndpoint.java:1741) ~[tomcat-embed-core-10.1.30.jar:10.1.30]
		at org.apache.tomcat.util.net.SocketProcessorBase.run(SocketProcessorBase.java:52) ~[tomcat-embed-core-10.1.30.jar:10.1.30]
		at org.apache.tomcat.util.threads.ThreadPoolExecutor.runWorker(ThreadPoolExecutor.java:1190) ~[tomcat-embed-core-10.1.30.jar:10.1.30]
		at org.apache.tomcat.util.threads.ThreadPoolExecutor$Worker.run(ThreadPoolExecutor.java:659) ~[tomcat-embed-core-10.1.30.jar:10.1.30]
		at org.apache.tomcat.util.threads.TaskThread$WrappingRunnable.run(TaskThread.java:63) ~[tomcat-embed-core-10.1.30.jar:10.1.30]
		at java.base/java.lang.Thread.run(Thread.java:1575) ~[na:na]

17:24:08:680 ERROR 23996 --- [gateway] [http-nio-8080-exec-3] a.w.r.e.AbstractErrorWebExceptionHandler : [6104cfe]  500 Server Error for HTTP GET "/ws"

java.lang.ClassCastException: class org.apache.catalina.connector.ResponseFacade cannot be cast to class reactor.netty.http.server.HttpServerResponse (org.apache.catalina.connector.ResponseFacade and reactor.netty.http.server.HttpServerResponse are in unnamed module of loader 'app')
	at org.springframework.web.reactive.socket.server.upgrade.ReactorNettyRequestUpgradeStrategy.upgrade(ReactorNettyRequestUpgradeStrategy.java:163) ~[spring-webflux-6.1.13.jar:6.1.13]
	Suppressed: reactor.core.publisher.FluxOnAssembly$OnAssemblyException: 
Error has been observed at the following site(s):
	*__checkpoint ⇢ org.springframework.cloud.gateway.filter.WeightCalculatorWebFilter [DefaultWebFilterChain]
	*__checkpoint ⇢ HTTP GET "/ws" [ExceptionHandlingWebHandler]
Original Stack Trace:
		at org.springframework.web.reactive.socket.server.upgrade.ReactorNettyRequestUpgradeStrategy.upgrade(ReactorNettyRequestUpgradeStrategy.java:163) ~[spring-webflux-6.1.13.jar:6.1.13]
		at org.springframework.web.reactive.socket.server.support.HandshakeWebSocketService.lambda$handleRequest$1(HandshakeWebSocketService.java:221) ~[spring-webflux-6.1.13.jar:6.1.13]
		at reactor.core.publisher.FluxFlatMap.trySubscribeScalarMap(FluxFlatMap.java:153) ~[reactor-core-3.6.10.jar:3.6.10]
		at reactor.core.publisher.MonoFlatMap.subscribeOrReturn(MonoFlatMap.java:53) ~[reactor-core-3.6.10.jar:3.6.10]
		at reactor.core.publisher.InternalMonoOperator.subscribe(InternalMonoOperator.java:63) ~[reactor-core-3.6.10.jar:3.6.10]
		at reactor.core.publisher.MonoDefer.subscribe(MonoDefer.java:53) ~[reactor-core-3.6.10.jar:3.6.10]
		at reactor.core.publisher.MonoDefer.subscribe(MonoDefer.java:53) ~[reactor-core-3.6.10.jar:3.6.10]
		at reactor.core.publisher.MonoIgnoreThen$ThenIgnoreMain.subscribeNext(MonoIgnoreThen.java:241) ~[reactor-core-3.6.10.jar:3.6.10]
		at reactor.core.publisher.MonoIgnoreThen$ThenIgnoreMain.onComplete(MonoIgnoreThen.java:204) ~[reactor-core-3.6.10.jar:3.6.10]
		at reactor.core.publisher.FluxPeek$PeekSubscriber.onComplete(FluxPeek.java:260) ~[reactor-core-3.6.10.jar:3.6.10]
		at reactor.core.publisher.FluxMap$MapSubscriber.onComplete(FluxMap.java:144) ~[reactor-core-3.6.10.jar:3.6.10]
		at reactor.core.publisher.MonoNext$NextSubscriber.onComplete(MonoNext.java:102) ~[reactor-core-3.6.10.jar:3.6.10]
		at reactor.core.publisher.MonoNext$NextSubscriber.onNext(MonoNext.java:83) ~[reactor-core-3.6.10.jar:3.6.10]
		at reactor.core.publisher.FluxDematerialize$DematerializeSubscriber.onNext(FluxDematerialize.java:98) ~[reactor-core-3.6.10.jar:3.6.10]
		at reactor.core.publisher.FluxDematerialize$DematerializeSubscriber.onNext(FluxDematerialize.java:44) ~[reactor-core-3.6.10.jar:3.6.10]
		at reactor.core.publisher.FluxFlattenIterable$FlattenIterableSubscriber.drainAsync(FluxFlattenIterable.java:453) ~[reactor-core-3.6.10.jar:3.6.10]
		at reactor.core.publisher.FluxFlattenIterable$FlattenIterableSubscriber.drain(FluxFlattenIterable.java:724) ~[reactor-core-3.6.10.jar:3.6.10]
		at reactor.core.publisher.FluxFlattenIterable$FlattenIterableSubscriber.onNext(FluxFlattenIterable.java:256) ~[reactor-core-3.6.10.jar:3.6.10]
		at reactor.core.publisher.FluxSwitchIfEmpty$SwitchIfEmptySubscriber.onNext(FluxSwitchIfEmpty.java:74) ~[reactor-core-3.6.10.jar:3.6.10]
		at reactor.core.publisher.Operators$BaseFluxToMonoOperator.completePossiblyEmpty(Operators.java:2097) ~[reactor-core-3.6.10.jar:3.6.10]
		at reactor.core.publisher.MonoCollectList$MonoCollectListSubscriber.onComplete(MonoCollectList.java:118) ~[reactor-core-3.6.10.jar:3.6.10]
		at reactor.core.publisher.DrainUtils.postCompleteDrain(DrainUtils.java:132) ~[reactor-core-3.6.10.jar:3.6.10]
		at reactor.core.publisher.DrainUtils.postComplete(DrainUtils.java:187) ~[reactor-core-3.6.10.jar:3.6.10]
		at reactor.core.publisher.FluxMaterialize$MaterializeSubscriber.onComplete(FluxMaterialize.java:141) ~[reactor-core-3.6.10.jar:3.6.10]
		at reactor.core.publisher.Operators$ScalarSubscription.request(Operators.java:2573) ~[reactor-core-3.6.10.jar:3.6.10]
		at reactor.core.publisher.FluxMaterialize$MaterializeSubscriber.request(FluxMaterialize.java:148) ~[reactor-core-3.6.10.jar:3.6.10]
		at reactor.core.publisher.Operators$BaseFluxToMonoOperator.request(Operators.java:2067) ~[reactor-core-3.6.10.jar:3.6.10]
		at reactor.core.publisher.Operators$MultiSubscriptionSubscriber.set(Operators.java:2367) ~[reactor-core-3.6.10.jar:3.6.10]
		at reactor.core.publisher.Operators$MultiSubscriptionSubscriber.onSubscribe(Operators.java:2241) ~[reactor-core-3.6.10.jar:3.6.10]
		at reactor.core.publisher.Operators$BaseFluxToMonoOperator.onSubscribe(Operators.java:2051) ~[reactor-core-3.6.10.jar:3.6.10]
		at reactor.core.publisher.FluxMaterialize$MaterializeSubscriber.onSubscribe(FluxMaterialize.java:103) ~[reactor-core-3.6.10.jar:3.6.10]
		at reactor.core.publisher.FluxJust.subscribe(FluxJust.java:68) ~[reactor-core-3.6.10.jar:3.6.10]
		at reactor.core.publisher.InternalFluxOperator.subscribe(InternalFluxOperator.java:68) ~[reactor-core-3.6.10.jar:3.6.10]
		at reactor.core.publisher.FluxDefer.subscribe(FluxDefer.java:54) ~[reactor-core-3.6.10.jar:3.6.10]
		at reactor.core.publisher.Mono.subscribe(Mono.java:4576) ~[reactor-core-3.6.10.jar:3.6.10]
		at reactor.core.publisher.MonoIgnoreThen$ThenIgnoreMain.subscribeNext(MonoIgnoreThen.java:265) ~[reactor-core-3.6.10.jar:3.6.10]
		at reactor.core.publisher.MonoIgnoreThen.subscribe(MonoIgnoreThen.java:51) ~[reactor-core-3.6.10.jar:3.6.10]
		at reactor.core.publisher.InternalMonoOperator.subscribe(InternalMonoOperator.java:76) ~[reactor-core-3.6.10.jar:3.6.10]
		at reactor.core.publisher.MonoDefer.subscribe(MonoDefer.java:53) ~[reactor-core-3.6.10.jar:3.6.10]
		at reactor.core.publisher.MonoDefer.subscribe(MonoDefer.java:53) ~[reactor-core-3.6.10.jar:3.6.10]
		at reactor.core.publisher.MonoDefer.subscribe(MonoDefer.java:53) ~[reactor-core-3.6.10.jar:3.6.10]
		at reactor.core.publisher.MonoDefer.subscribe(MonoDefer.java:53) ~[reactor-core-3.6.10.jar:3.6.10]
		at reactor.core.publisher.Mono.subscribe(Mono.java:4576) ~[reactor-core-3.6.10.jar:3.6.10]
		at reactor.core.publisher.MonoIgnoreThen$ThenIgnoreMain.subscribeNext(MonoIgnoreThen.java:265) ~[reactor-core-3.6.10.jar:3.6.10]
		at reactor.core.publisher.MonoIgnoreThen.subscribe(MonoIgnoreThen.java:51) ~[reactor-core-3.6.10.jar:3.6.10]
		at reactor.core.publisher.InternalMonoOperator.subscribe(InternalMonoOperator.java:76) ~[reactor-core-3.6.10.jar:3.6.10]
		at reactor.core.publisher.MonoDefer.subscribe(MonoDefer.java:53) ~[reactor-core-3.6.10.jar:3.6.10]
		at reactor.core.publisher.MonoDefer.subscribe(MonoDefer.java:53) ~[reactor-core-3.6.10.jar:3.6.10]
		at reactor.core.publisher.MonoDefer.subscribe(MonoDefer.java:53) ~[reactor-core-3.6.10.jar:3.6.10]
		at reactor.core.publisher.InternalMonoOperator.subscribe(InternalMonoOperator.java:76) ~[reactor-core-3.6.10.jar:3.6.10]
		at reactor.core.publisher.MonoDefer.subscribe(MonoDefer.java:53) ~[reactor-core-3.6.10.jar:3.6.10]
		at reactor.core.publisher.Mono.subscribe(Mono.java:4576) ~[reactor-core-3.6.10.jar:3.6.10]
		at reactor.core.publisher.MonoIgnoreThen$ThenIgnoreMain.subscribeNext(MonoIgnoreThen.java:265) ~[reactor-core-3.6.10.jar:3.6.10]
		at reactor.core.publisher.MonoIgnoreThen.subscribe(MonoIgnoreThen.java:51) ~[reactor-core-3.6.10.jar:3.6.10]
		at reactor.core.publisher.InternalMonoOperator.subscribe(InternalMonoOperator.java:76) ~[reactor-core-3.6.10.jar:3.6.10]
		at reactor.core.publisher.MonoFlatMap$FlatMapMain.onNext(MonoFlatMap.java:165) ~[reactor-core-3.6.10.jar:3.6.10]
		at reactor.core.publisher.FluxOnErrorResume$ResumeSubscriber.onNext(FluxOnErrorResume.java:79) ~[reactor-core-3.6.10.jar:3.6.10]
		at reactor.core.publisher.FluxSwitchIfEmpty$SwitchIfEmptySubscriber.onNext(FluxSwitchIfEmpty.java:74) ~[reactor-core-3.6.10.jar:3.6.10]
		at reactor.core.publisher.MonoNext$NextSubscriber.onNext(MonoNext.java:82) ~[reactor-core-3.6.10.jar:3.6.10]
		at reactor.core.publisher.FluxConcatMapNoPrefetch$FluxConcatMapNoPrefetchSubscriber.innerNext(FluxConcatMapNoPrefetch.java:259) ~[reactor-core-3.6.10.jar:3.6.10]
		at reactor.core.publisher.FluxConcatMap$ConcatMapInner.onNext(FluxConcatMap.java:865) ~[reactor-core-3.6.10.jar:3.6.10]
		at reactor.core.publisher.FluxMap$MapSubscriber.onNext(FluxMap.java:122) ~[reactor-core-3.6.10.jar:3.6.10]
		at reactor.core.publisher.FluxSwitchIfEmpty$SwitchIfEmptySubscriber.onNext(FluxSwitchIfEmpty.java:74) ~[reactor-core-3.6.10.jar:3.6.10]
		at reactor.core.publisher.FluxMap$MapSubscriber.onNext(FluxMap.java:122) ~[reactor-core-3.6.10.jar:3.6.10]
		at reactor.core.publisher.FluxMap$MapSubscriber.onNext(FluxMap.java:122) ~[reactor-core-3.6.10.jar:3.6.10]
		at reactor.core.publisher.MonoNext$NextSubscriber.onNext(MonoNext.java:82) ~[reactor-core-3.6.10.jar:3.6.10]
		at reactor.core.publisher.FluxConcatMapNoPrefetch$FluxConcatMapNoPrefetchSubscriber.innerNext(FluxConcatMapNoPrefetch.java:259) ~[reactor-core-3.6.10.jar:3.6.10]
		at reactor.core.publisher.FluxConcatMap$ConcatMapInner.onNext(FluxConcatMap.java:865) ~[reactor-core-3.6.10.jar:3.6.10]
		at reactor.core.publisher.FluxOnErrorResume$ResumeSubscriber.onNext(FluxOnErrorResume.java:79) ~[reactor-core-3.6.10.jar:3.6.10]
		at reactor.core.publisher.MonoPeekTerminal$MonoTerminalPeekSubscriber.onNext(MonoPeekTerminal.java:180) ~[reactor-core-3.6.10.jar:3.6.10]
		at reactor.core.publisher.MonoFilterWhen$MonoFilterWhenMain.onNext(MonoFilterWhen.java:136) ~[reactor-core-3.6.10.jar:3.6.10]
		at reactor.core.publisher.Operators$ScalarSubscription.request(Operators.java:2571) ~[reactor-core-3.6.10.jar:3.6.10]
		at reactor.core.publisher.MonoFilterWhen$MonoFilterWhenMain.request(MonoFilterWhen.java:183) ~[reactor-core-3.6.10.jar:3.6.10]
		at reactor.core.publisher.MonoPeekTerminal$MonoTerminalPeekSubscriber.request(MonoPeekTerminal.java:139) ~[reactor-core-3.6.10.jar:3.6.10]
		at reactor.core.publisher.Operators$MultiSubscriptionSubscriber.request(Operators.java:2331) ~[reactor-core-3.6.10.jar:3.6.10]
		at reactor.core.publisher.Operators$MultiSubscriptionSubscriber.request(Operators.java:2331) ~[reactor-core-3.6.10.jar:3.6.10]
		at reactor.core.publisher.FluxConcatMapNoPrefetch$FluxConcatMapNoPrefetchSubscriber.request(FluxConcatMapNoPrefetch.java:339) ~[reactor-core-3.6.10.jar:3.6.10]
		at reactor.core.publisher.MonoNext$NextSubscriber.request(MonoNext.java:108) ~[reactor-core-3.6.10.jar:3.6.10]
		at reactor.core.publisher.FluxMap$MapSubscriber.request(FluxMap.java:164) ~[reactor-core-3.6.10.jar:3.6.10]
		at reactor.core.publisher.FluxMap$MapSubscriber.request(FluxMap.java:164) ~[reactor-core-3.6.10.jar:3.6.10]
		at reactor.core.publisher.Operators$MultiSubscriptionSubscriber.request(Operators.java:2331) ~[reactor-core-3.6.10.jar:3.6.10]
		at reactor.core.publisher.FluxMap$MapSubscriber.request(FluxMap.java:164) ~[reactor-core-3.6.10.jar:3.6.10]
		at reactor.core.publisher.Operators$MultiSubscriptionSubscriber.request(Operators.java:2331) ~[reactor-core-3.6.10.jar:3.6.10]
		at reactor.core.publisher.FluxConcatMapNoPrefetch$FluxConcatMapNoPrefetchSubscriber.request(FluxConcatMapNoPrefetch.java:339) ~[reactor-core-3.6.10.jar:3.6.10]
		at reactor.core.publisher.MonoNext$NextSubscriber.request(MonoNext.java:108) ~[reactor-core-3.6.10.jar:3.6.10]
		at reactor.core.publisher.Operators$MultiSubscriptionSubscriber.set(Operators.java:2367) ~[reactor-core-3.6.10.jar:3.6.10]
		at reactor.core.publisher.Operators$MultiSubscriptionSubscriber.onSubscribe(Operators.java:2241) ~[reactor-core-3.6.10.jar:3.6.10]
		at reactor.core.publisher.MonoNext$NextSubscriber.onSubscribe(MonoNext.java:70) ~[reactor-core-3.6.10.jar:3.6.10]
		at reactor.core.publisher.FluxConcatMapNoPrefetch$FluxConcatMapNoPrefetchSubscriber.onSubscribe(FluxConcatMapNoPrefetch.java:164) ~[reactor-core-3.6.10.jar:3.6.10]
		at reactor.core.publisher.FluxIterable.subscribe(FluxIterable.java:201) ~[reactor-core-3.6.10.jar:3.6.10]
		at reactor.core.publisher.FluxIterable.subscribe(FluxIterable.java:83) ~[reactor-core-3.6.10.jar:3.6.10]
		at reactor.core.publisher.InternalMonoOperator.subscribe(InternalMonoOperator.java:76) ~[reactor-core-3.6.10.jar:3.6.10]
		at reactor.core.publisher.MonoDefer.subscribe(MonoDefer.java:53) ~[reactor-core-3.6.10.jar:3.6.10]
		at reactor.core.publisher.InternalMonoOperator.subscribe(InternalMonoOperator.java:76) ~[reactor-core-3.6.10.jar:3.6.10]
		at reactor.core.publisher.MonoDefer.subscribe(MonoDefer.java:53) ~[reactor-core-3.6.10.jar:3.6.10]
		at reactor.core.publisher.Mono.subscribe(Mono.java:4576) ~[reactor-core-3.6.10.jar:3.6.10]
		at reactor.core.publisher.MonoIgnoreThen$ThenIgnoreMain.subscribeNext(MonoIgnoreThen.java:265) ~[reactor-core-3.6.10.jar:3.6.10]
		at reactor.core.publisher.MonoIgnoreThen.subscribe(MonoIgnoreThen.java:51) ~[reactor-core-3.6.10.jar:3.6.10]
		at reactor.core.publisher.Mono.subscribe(Mono.java:4576) ~[reactor-core-3.6.10.jar:3.6.10]
		at org.springframework.http.server.reactive.ServletHttpHandlerAdapter.service(ServletHttpHandlerAdapter.java:199) ~[spring-web-6.1.13.jar:6.1.13]
		at org.apache.catalina.core.ApplicationFilterChain.internalDoFilter(ApplicationFilterChain.java:195) ~[tomcat-embed-core-10.1.30.jar:10.1.30]
		at org.apache.catalina.core.ApplicationFilterChain.doFilter(ApplicationFilterChain.java:140) ~[tomcat-embed-core-10.1.30.jar:10.1.30]
		at org.apache.tomcat.websocket.server.WsFilter.doFilter(WsFilter.java:51) ~[tomcat-embed-websocket-10.1.30.jar:10.1.30]
		at org.apache.catalina.core.ApplicationFilterChain.internalDoFilter(ApplicationFilterChain.java:164) ~[tomcat-embed-core-10.1.30.jar:10.1.30]
		at org.apache.catalina.core.ApplicationFilterChain.doFilter(ApplicationFilterChain.java:140) ~[tomcat-embed-core-10.1.30.jar:10.1.30]
		at org.apache.catalina.core.StandardWrapperValve.invoke(StandardWrapperValve.java:167) ~[tomcat-embed-core-10.1.30.jar:10.1.30]
		at org.apache.catalina.core.StandardContextValve.invoke(StandardContextValve.java:90) ~[tomcat-embed-core-10.1.30.jar:10.1.30]
		at org.apache.catalina.authenticator.AuthenticatorBase.invoke(AuthenticatorBase.java:483) ~[tomcat-embed-core-10.1.30.jar:10.1.30]
		at org.apache.catalina.core.StandardHostValve.invoke(StandardHostValve.java:115) ~[tomcat-embed-core-10.1.30.jar:10.1.30]
		at org.apache.catalina.valves.ErrorReportValve.invoke(ErrorReportValve.java:93) ~[tomcat-embed-core-10.1.30.jar:10.1.30]
		at org.apache.catalina.core.StandardEngineValve.invoke(StandardEngineValve.java:74) ~[tomcat-embed-core-10.1.30.jar:10.1.30]
		at org.apache.catalina.connector.CoyoteAdapter.service(CoyoteAdapter.java:344) ~[tomcat-embed-core-10.1.30.jar:10.1.30]
		at org.apache.coyote.http11.Http11Processor.service(Http11Processor.java:384) ~[tomcat-embed-core-10.1.30.jar:10.1.30]
		at org.apache.coyote.AbstractProcessorLight.process(AbstractProcessorLight.java:63) ~[tomcat-embed-core-10.1.30.jar:10.1.30]
		at org.apache.coyote.AbstractProtocol$ConnectionHandler.process(AbstractProtocol.java:905) ~[tomcat-embed-core-10.1.30.jar:10.1.30]
		at org.apache.tomcat.util.net.NioEndpoint$SocketProcessor.doRun(NioEndpoint.java:1741) ~[tomcat-embed-core-10.1.30.jar:10.1.30]
		at org.apache.tomcat.util.net.SocketProcessorBase.run(SocketProcessorBase.java:52) ~[tomcat-embed-core-10.1.30.jar:10.1.30]
		at org.apache.tomcat.util.threads.ThreadPoolExecutor.runWorker(ThreadPoolExecutor.java:1190) ~[tomcat-embed-core-10.1.30.jar:10.1.30]
		at org.apache.tomcat.util.threads.ThreadPoolExecutor$Worker.run(ThreadPoolExecutor.java:659) ~[tomcat-embed-core-10.1.30.jar:10.1.30]
		at org.apache.tomcat.util.threads.TaskThread$WrappingRunnable.run(TaskThread.java:63) ~[tomcat-embed-core-10.1.30.jar:10.1.30]
		at java.base/java.lang.Thread.run(Thread.java:1575) ~[na:na]

17:24:08:852 ERROR 23996 --- [gateway] [http-nio-8080-exec-5] a.w.r.e.AbstractErrorWebExceptionHandler : [aa78589]  500 Server Error for HTTP GET "/ws"

java.lang.ClassCastException: class org.apache.catalina.connector.ResponseFacade cannot be cast to class reactor.netty.http.server.HttpServerResponse (org.apache.catalina.connector.ResponseFacade and reactor.netty.http.server.HttpServerResponse are in unnamed module of loader 'app')
	at org.springframework.web.reactive.socket.server.upgrade.ReactorNettyRequestUpgradeStrategy.upgrade(ReactorNettyRequestUpgradeStrategy.java:163) ~[spring-webflux-6.1.13.jar:6.1.13]
	Suppressed: reactor.core.publisher.FluxOnAssembly$OnAssemblyException: 
Error has been observed at the following site(s):
	*__checkpoint ⇢ org.springframework.cloud.gateway.filter.WeightCalculatorWebFilter [DefaultWebFilterChain]
	*__checkpoint ⇢ HTTP GET "/ws" [ExceptionHandlingWebHandler]
Original Stack Trace:
		at org.springframework.web.reactive.socket.server.upgrade.ReactorNettyRequestUpgradeStrategy.upgrade(ReactorNettyRequestUpgradeStrategy.java:163) ~[spring-webflux-6.1.13.jar:6.1.13]
		at org.springframework.web.reactive.socket.server.support.HandshakeWebSocketService.lambda$handleRequest$1(HandshakeWebSocketService.java:221) ~[spring-webflux-6.1.13.jar:6.1.13]
		at reactor.core.publisher.FluxFlatMap.trySubscribeScalarMap(FluxFlatMap.java:153) ~[reactor-core-3.6.10.jar:3.6.10]
		at reactor.core.publisher.MonoFlatMap.subscribeOrReturn(MonoFlatMap.java:53) ~[reactor-core-3.6.10.jar:3.6.10]
		at reactor.core.publisher.InternalMonoOperator.subscribe(InternalMonoOperator.java:63) ~[reactor-core-3.6.10.jar:3.6.10]
		at reactor.core.publisher.MonoDefer.subscribe(MonoDefer.java:53) ~[reactor-core-3.6.10.jar:3.6.10]
		at reactor.core.publisher.MonoDefer.subscribe(MonoDefer.java:53) ~[reactor-core-3.6.10.jar:3.6.10]
		at reactor.core.publisher.MonoIgnoreThen$ThenIgnoreMain.subscribeNext(MonoIgnoreThen.java:241) ~[reactor-core-3.6.10.jar:3.6.10]
		at reactor.core.publisher.MonoIgnoreThen$ThenIgnoreMain.onComplete(MonoIgnoreThen.java:204) ~[reactor-core-3.6.10.jar:3.6.10]
		at reactor.core.publisher.FluxPeek$PeekSubscriber.onComplete(FluxPeek.java:260) ~[reactor-core-3.6.10.jar:3.6.10]
		at reactor.core.publisher.FluxMap$MapSubscriber.onComplete(FluxMap.java:144) ~[reactor-core-3.6.10.jar:3.6.10]
		at reactor.core.publisher.MonoNext$NextSubscriber.onComplete(MonoNext.java:102) ~[reactor-core-3.6.10.jar:3.6.10]
		at reactor.core.publisher.MonoNext$NextSubscriber.onNext(MonoNext.java:83) ~[reactor-core-3.6.10.jar:3.6.10]
		at reactor.core.publisher.FluxDematerialize$DematerializeSubscriber.onNext(FluxDematerialize.java:98) ~[reactor-core-3.6.10.jar:3.6.10]
		at reactor.core.publisher.FluxDematerialize$DematerializeSubscriber.onNext(FluxDematerialize.java:44) ~[reactor-core-3.6.10.jar:3.6.10]
		at reactor.core.publisher.FluxFlattenIterable$FlattenIterableSubscriber.drainAsync(FluxFlattenIterable.java:453) ~[reactor-core-3.6.10.jar:3.6.10]
		at reactor.core.publisher.FluxFlattenIterable$FlattenIterableSubscriber.drain(FluxFlattenIterable.java:724) ~[reactor-core-3.6.10.jar:3.6.10]
		at reactor.core.publisher.FluxFlattenIterable$FlattenIterableSubscriber.onNext(FluxFlattenIterable.java:256) ~[reactor-core-3.6.10.jar:3.6.10]
		at reactor.core.publisher.FluxSwitchIfEmpty$SwitchIfEmptySubscriber.onNext(FluxSwitchIfEmpty.java:74) ~[reactor-core-3.6.10.jar:3.6.10]
		at reactor.core.publisher.Operators$BaseFluxToMonoOperator.completePossiblyEmpty(Operators.java:2097) ~[reactor-core-3.6.10.jar:3.6.10]
		at reactor.core.publisher.MonoCollectList$MonoCollectListSubscriber.onComplete(MonoCollectList.java:118) ~[reactor-core-3.6.10.jar:3.6.10]
		at reactor.core.publisher.DrainUtils.postCompleteDrain(DrainUtils.java:132) ~[reactor-core-3.6.10.jar:3.6.10]
		at reactor.core.publisher.DrainUtils.postComplete(DrainUtils.java:187) ~[reactor-core-3.6.10.jar:3.6.10]
		at reactor.core.publisher.FluxMaterialize$MaterializeSubscriber.onComplete(FluxMaterialize.java:141) ~[reactor-core-3.6.10.jar:3.6.10]
		at reactor.core.publisher.Operators$ScalarSubscription.request(Operators.java:2573) ~[reactor-core-3.6.10.jar:3.6.10]
		at reactor.core.publisher.FluxMaterialize$MaterializeSubscriber.request(FluxMaterialize.java:148) ~[reactor-core-3.6.10.jar:3.6.10]
		at reactor.core.publisher.Operators$BaseFluxToMonoOperator.request(Operators.java:2067) ~[reactor-core-3.6.10.jar:3.6.10]
		at reactor.core.publisher.Operators$MultiSubscriptionSubscriber.set(Operators.java:2367) ~[reactor-core-3.6.10.jar:3.6.10]
		at reactor.core.publisher.Operators$MultiSubscriptionSubscriber.onSubscribe(Operators.java:2241) ~[reactor-core-3.6.10.jar:3.6.10]
		at reactor.core.publisher.Operators$BaseFluxToMonoOperator.onSubscribe(Operators.java:2051) ~[reactor-core-3.6.10.jar:3.6.10]
		at reactor.core.publisher.FluxMaterialize$MaterializeSubscriber.onSubscribe(FluxMaterialize.java:103) ~[reactor-core-3.6.10.jar:3.6.10]
		at reactor.core.publisher.FluxJust.subscribe(FluxJust.java:68) ~[reactor-core-3.6.10.jar:3.6.10]
		at reactor.core.publisher.InternalFluxOperator.subscribe(InternalFluxOperator.java:68) ~[reactor-core-3.6.10.jar:3.6.10]
		at reactor.core.publisher.FluxDefer.subscribe(FluxDefer.java:54) ~[reactor-core-3.6.10.jar:3.6.10]
		at reactor.core.publisher.Mono.subscribe(Mono.java:4576) ~[reactor-core-3.6.10.jar:3.6.10]
		at reactor.core.publisher.MonoIgnoreThen$ThenIgnoreMain.subscribeNext(MonoIgnoreThen.java:265) ~[reactor-core-3.6.10.jar:3.6.10]
		at reactor.core.publisher.MonoIgnoreThen.subscribe(MonoIgnoreThen.java:51) ~[reactor-core-3.6.10.jar:3.6.10]
		at reactor.core.publisher.InternalMonoOperator.subscribe(InternalMonoOperator.java:76) ~[reactor-core-3.6.10.jar:3.6.10]
		at reactor.core.publisher.MonoDefer.subscribe(MonoDefer.java:53) ~[reactor-core-3.6.10.jar:3.6.10]
		at reactor.core.publisher.MonoDefer.subscribe(MonoDefer.java:53) ~[reactor-core-3.6.10.jar:3.6.10]
		at reactor.core.publisher.MonoDefer.subscribe(MonoDefer.java:53) ~[reactor-core-3.6.10.jar:3.6.10]
		at reactor.core.publisher.MonoDefer.subscribe(MonoDefer.java:53) ~[reactor-core-3.6.10.jar:3.6.10]
		at reactor.core.publisher.Mono.subscribe(Mono.java:4576) ~[reactor-core-3.6.10.jar:3.6.10]
		at reactor.core.publisher.MonoIgnoreThen$ThenIgnoreMain.subscribeNext(MonoIgnoreThen.java:265) ~[reactor-core-3.6.10.jar:3.6.10]
		at reactor.core.publisher.MonoIgnoreThen.subscribe(MonoIgnoreThen.java:51) ~[reactor-core-3.6.10.jar:3.6.10]
		at reactor.core.publisher.InternalMonoOperator.subscribe(InternalMonoOperator.java:76) ~[reactor-core-3.6.10.jar:3.6.10]
		at reactor.core.publisher.MonoDefer.subscribe(MonoDefer.java:53) ~[reactor-core-3.6.10.jar:3.6.10]
		at reactor.core.publisher.MonoDefer.subscribe(MonoDefer.java:53) ~[reactor-core-3.6.10.jar:3.6.10]
		at reactor.core.publisher.MonoDefer.subscribe(MonoDefer.java:53) ~[reactor-core-3.6.10.jar:3.6.10]
		at reactor.core.publisher.InternalMonoOperator.subscribe(InternalMonoOperator.java:76) ~[reactor-core-3.6.10.jar:3.6.10]
		at reactor.core.publisher.MonoDefer.subscribe(MonoDefer.java:53) ~[reactor-core-3.6.10.jar:3.6.10]
		at reactor.core.publisher.Mono.subscribe(Mono.java:4576) ~[reactor-core-3.6.10.jar:3.6.10]
		at reactor.core.publisher.MonoIgnoreThen$ThenIgnoreMain.subscribeNext(MonoIgnoreThen.java:265) ~[reactor-core-3.6.10.jar:3.6.10]
		at reactor.core.publisher.MonoIgnoreThen.subscribe(MonoIgnoreThen.java:51) ~[reactor-core-3.6.10.jar:3.6.10]
		at reactor.core.publisher.InternalMonoOperator.subscribe(InternalMonoOperator.java:76) ~[reactor-core-3.6.10.jar:3.6.10]
		at reactor.core.publisher.MonoFlatMap$FlatMapMain.onNext(MonoFlatMap.java:165) ~[reactor-core-3.6.10.jar:3.6.10]
		at reactor.core.publisher.FluxOnErrorResume$ResumeSubscriber.onNext(FluxOnErrorResume.java:79) ~[reactor-core-3.6.10.jar:3.6.10]
		at reactor.core.publisher.FluxSwitchIfEmpty$SwitchIfEmptySubscriber.onNext(FluxSwitchIfEmpty.java:74) ~[reactor-core-3.6.10.jar:3.6.10]
		at reactor.core.publisher.MonoNext$NextSubscriber.onNext(MonoNext.java:82) ~[reactor-core-3.6.10.jar:3.6.10]
		at reactor.core.publisher.FluxConcatMapNoPrefetch$FluxConcatMapNoPrefetchSubscriber.innerNext(FluxConcatMapNoPrefetch.java:259) ~[reactor-core-3.6.10.jar:3.6.10]
		at reactor.core.publisher.FluxConcatMap$ConcatMapInner.onNext(FluxConcatMap.java:865) ~[reactor-core-3.6.10.jar:3.6.10]
		at reactor.core.publisher.FluxMap$MapSubscriber.onNext(FluxMap.java:122) ~[reactor-core-3.6.10.jar:3.6.10]
		at reactor.core.publisher.FluxSwitchIfEmpty$SwitchIfEmptySubscriber.onNext(FluxSwitchIfEmpty.java:74) ~[reactor-core-3.6.10.jar:3.6.10]
		at reactor.core.publisher.FluxMap$MapSubscriber.onNext(FluxMap.java:122) ~[reactor-core-3.6.10.jar:3.6.10]
		at reactor.core.publisher.FluxMap$MapSubscriber.onNext(FluxMap.java:122) ~[reactor-core-3.6.10.jar:3.6.10]
		at reactor.core.publisher.MonoNext$NextSubscriber.onNext(MonoNext.java:82) ~[reactor-core-3.6.10.jar:3.6.10]
		at reactor.core.publisher.FluxConcatMapNoPrefetch$FluxConcatMapNoPrefetchSubscriber.innerNext(FluxConcatMapNoPrefetch.java:259) ~[reactor-core-3.6.10.jar:3.6.10]
		at reactor.core.publisher.FluxConcatMap$ConcatMapInner.onNext(FluxConcatMap.java:865) ~[reactor-core-3.6.10.jar:3.6.10]
		at reactor.core.publisher.FluxOnErrorResume$ResumeSubscriber.onNext(FluxOnErrorResume.java:79) ~[reactor-core-3.6.10.jar:3.6.10]
		at reactor.core.publisher.MonoPeekTerminal$MonoTerminalPeekSubscriber.onNext(MonoPeekTerminal.java:180) ~[reactor-core-3.6.10.jar:3.6.10]
		at reactor.core.publisher.MonoFilterWhen$MonoFilterWhenMain.onNext(MonoFilterWhen.java:136) ~[reactor-core-3.6.10.jar:3.6.10]
		at reactor.core.publisher.Operators$ScalarSubscription.request(Operators.java:2571) ~[reactor-core-3.6.10.jar:3.6.10]
		at reactor.core.publisher.MonoFilterWhen$MonoFilterWhenMain.request(MonoFilterWhen.java:183) ~[reactor-core-3.6.10.jar:3.6.10]
		at reactor.core.publisher.MonoPeekTerminal$MonoTerminalPeekSubscriber.request(MonoPeekTerminal.java:139) ~[reactor-core-3.6.10.jar:3.6.10]
		at reactor.core.publisher.Operators$MultiSubscriptionSubscriber.request(Operators.java:2331) ~[reactor-core-3.6.10.jar:3.6.10]
		at reactor.core.publisher.Operators$MultiSubscriptionSubscriber.request(Operators.java:2331) ~[reactor-core-3.6.10.jar:3.6.10]
		at reactor.core.publisher.FluxConcatMapNoPrefetch$FluxConcatMapNoPrefetchSubscriber.request(FluxConcatMapNoPrefetch.java:339) ~[reactor-core-3.6.10.jar:3.6.10]
		at reactor.core.publisher.MonoNext$NextSubscriber.request(MonoNext.java:108) ~[reactor-core-3.6.10.jar:3.6.10]
		at reactor.core.publisher.FluxMap$MapSubscriber.request(FluxMap.java:164) ~[reactor-core-3.6.10.jar:3.6.10]
		at reactor.core.publisher.FluxMap$MapSubscriber.request(FluxMap.java:164) ~[reactor-core-3.6.10.jar:3.6.10]
		at reactor.core.publisher.Operators$MultiSubscriptionSubscriber.request(Operators.java:2331) ~[reactor-core-3.6.10.jar:3.6.10]
		at reactor.core.publisher.FluxMap$MapSubscriber.request(FluxMap.java:164) ~[reactor-core-3.6.10.jar:3.6.10]
		at reactor.core.publisher.Operators$MultiSubscriptionSubscriber.request(Operators.java:2331) ~[reactor-core-3.6.10.jar:3.6.10]
		at reactor.core.publisher.FluxConcatMapNoPrefetch$FluxConcatMapNoPrefetchSubscriber.request(FluxConcatMapNoPrefetch.java:339) ~[reactor-core-3.6.10.jar:3.6.10]
		at reactor.core.publisher.MonoNext$NextSubscriber.request(MonoNext.java:108) ~[reactor-core-3.6.10.jar:3.6.10]
		at reactor.core.publisher.Operators$MultiSubscriptionSubscriber.set(Operators.java:2367) ~[reactor-core-3.6.10.jar:3.6.10]
		at reactor.core.publisher.Operators$MultiSubscriptionSubscriber.onSubscribe(Operators.java:2241) ~[reactor-core-3.6.10.jar:3.6.10]
		at reactor.core.publisher.MonoNext$NextSubscriber.onSubscribe(MonoNext.java:70) ~[reactor-core-3.6.10.jar:3.6.10]
		at reactor.core.publisher.FluxConcatMapNoPrefetch$FluxConcatMapNoPrefetchSubscriber.onSubscribe(FluxConcatMapNoPrefetch.java:164) ~[reactor-core-3.6.10.jar:3.6.10]
		at reactor.core.publisher.FluxIterable.subscribe(FluxIterable.java:201) ~[reactor-core-3.6.10.jar:3.6.10]
		at reactor.core.publisher.FluxIterable.subscribe(FluxIterable.java:83) ~[reactor-core-3.6.10.jar:3.6.10]
		at reactor.core.publisher.InternalMonoOperator.subscribe(InternalMonoOperator.java:76) ~[reactor-core-3.6.10.jar:3.6.10]
		at reactor.core.publisher.MonoDefer.subscribe(MonoDefer.java:53) ~[reactor-core-3.6.10.jar:3.6.10]
		at reactor.core.publisher.InternalMonoOperator.subscribe(InternalMonoOperator.java:76) ~[reactor-core-3.6.10.jar:3.6.10]
		at reactor.core.publisher.MonoDefer.subscribe(MonoDefer.java:53) ~[reactor-core-3.6.10.jar:3.6.10]
		at reactor.core.publisher.Mono.subscribe(Mono.java:4576) ~[reactor-core-3.6.10.jar:3.6.10]
		at reactor.core.publisher.MonoIgnoreThen$ThenIgnoreMain.subscribeNext(MonoIgnoreThen.java:265) ~[reactor-core-3.6.10.jar:3.6.10]
		at reactor.core.publisher.MonoIgnoreThen.subscribe(MonoIgnoreThen.java:51) ~[reactor-core-3.6.10.jar:3.6.10]
		at reactor.core.publisher.Mono.subscribe(Mono.java:4576) ~[reactor-core-3.6.10.jar:3.6.10]
		at org.springframework.http.server.reactive.ServletHttpHandlerAdapter.service(ServletHttpHandlerAdapter.java:199) ~[spring-web-6.1.13.jar:6.1.13]
		at org.apache.catalina.core.ApplicationFilterChain.internalDoFilter(ApplicationFilterChain.java:195) ~[tomcat-embed-core-10.1.30.jar:10.1.30]
		at org.apache.catalina.core.ApplicationFilterChain.doFilter(ApplicationFilterChain.java:140) ~[tomcat-embed-core-10.1.30.jar:10.1.30]
		at org.apache.tomcat.websocket.server.WsFilter.doFilter(WsFilter.java:51) ~[tomcat-embed-websocket-10.1.30.jar:10.1.30]
		at org.apache.catalina.core.ApplicationFilterChain.internalDoFilter(ApplicationFilterChain.java:164) ~[tomcat-embed-core-10.1.30.jar:10.1.30]
		at org.apache.catalina.core.ApplicationFilterChain.doFilter(ApplicationFilterChain.java:140) ~[tomcat-embed-core-10.1.30.jar:10.1.30]
		at org.apache.catalina.core.StandardWrapperValve.invoke(StandardWrapperValve.java:167) ~[tomcat-embed-core-10.1.30.jar:10.1.30]
		at org.apache.catalina.core.StandardContextValve.invoke(StandardContextValve.java:90) ~[tomcat-embed-core-10.1.30.jar:10.1.30]
		at org.apache.catalina.authenticator.AuthenticatorBase.invoke(AuthenticatorBase.java:483) ~[tomcat-embed-core-10.1.30.jar:10.1.30]
		at org.apache.catalina.core.StandardHostValve.invoke(StandardHostValve.java:115) ~[tomcat-embed-core-10.1.30.jar:10.1.30]
		at org.apache.catalina.valves.ErrorReportValve.invoke(ErrorReportValve.java:93) ~[tomcat-embed-core-10.1.30.jar:10.1.30]
		at org.apache.catalina.core.StandardEngineValve.invoke(StandardEngineValve.java:74) ~[tomcat-embed-core-10.1.30.jar:10.1.30]
		at org.apache.catalina.connector.CoyoteAdapter.service(CoyoteAdapter.java:344) ~[tomcat-embed-core-10.1.30.jar:10.1.30]
		at org.apache.coyote.http11.Http11Processor.service(Http11Processor.java:384) ~[tomcat-embed-core-10.1.30.jar:10.1.30]
		at org.apache.coyote.AbstractProcessorLight.process(AbstractProcessorLight.java:63) ~[tomcat-embed-core-10.1.30.jar:10.1.30]
		at org.apache.coyote.AbstractProtocol$ConnectionHandler.process(AbstractProtocol.java:905) ~[tomcat-embed-core-10.1.30.jar:10.1.30]
		at org.apache.tomcat.util.net.NioEndpoint$SocketProcessor.doRun(NioEndpoint.java:1741) ~[tomcat-embed-core-10.1.30.jar:10.1.30]
		at org.apache.tomcat.util.net.SocketProcessorBase.run(SocketProcessorBase.java:52) ~[tomcat-embed-core-10.1.30.jar:10.1.30]
		at org.apache.tomcat.util.threads.ThreadPoolExecutor.runWorker(ThreadPoolExecutor.java:1190) ~[tomcat-embed-core-10.1.30.jar:10.1.30]
		at org.apache.tomcat.util.threads.ThreadPoolExecutor$Worker.run(ThreadPoolExecutor.java:659) ~[tomcat-embed-core-10.1.30.jar:10.1.30]
		at org.apache.tomcat.util.threads.TaskThread$WrappingRunnable.run(TaskThread.java:63) ~[tomcat-embed-core-10.1.30.jar:10.1.30]
		at java.base/java.lang.Thread.run(Thread.java:1575) ~[na:na]

17:24:09:027 ERROR 23996 --- [gateway] [http-nio-8080-exec-6] a.w.r.e.AbstractErrorWebExceptionHandler : [72ecaae0]  500 Server Error for HTTP GET "/ws"

java.lang.ClassCastException: class org.apache.catalina.connector.ResponseFacade cannot be cast to class reactor.netty.http.server.HttpServerResponse (org.apache.catalina.connector.ResponseFacade and reactor.netty.http.server.HttpServerResponse are in unnamed module of loader 'app')
	at org.springframework.web.reactive.socket.server.upgrade.ReactorNettyRequestUpgradeStrategy.upgrade(ReactorNettyRequestUpgradeStrategy.java:163) ~[spring-webflux-6.1.13.jar:6.1.13]
	Suppressed: reactor.core.publisher.FluxOnAssembly$OnAssemblyException: 
Error has been observed at the following site(s):
	*__checkpoint ⇢ org.springframework.cloud.gateway.filter.WeightCalculatorWebFilter [DefaultWebFilterChain]
	*__checkpoint ⇢ HTTP GET "/ws" [ExceptionHandlingWebHandler]
Original Stack Trace:
		at org.springframework.web.reactive.socket.server.upgrade.ReactorNettyRequestUpgradeStrategy.upgrade(ReactorNettyRequestUpgradeStrategy.java:163) ~[spring-webflux-6.1.13.jar:6.1.13]
		at org.springframework.web.reactive.socket.server.support.HandshakeWebSocketService.lambda$handleRequest$1(HandshakeWebSocketService.java:221) ~[spring-webflux-6.1.13.jar:6.1.13]
		at reactor.core.publisher.FluxFlatMap.trySubscribeScalarMap(FluxFlatMap.java:153) ~[reactor-core-3.6.10.jar:3.6.10]
		at reactor.core.publisher.MonoFlatMap.subscribeOrReturn(MonoFlatMap.java:53) ~[reactor-core-3.6.10.jar:3.6.10]
		at reactor.core.publisher.InternalMonoOperator.subscribe(InternalMonoOperator.java:63) ~[reactor-core-3.6.10.jar:3.6.10]
		at reactor.core.publisher.MonoDefer.subscribe(MonoDefer.java:53) ~[reactor-core-3.6.10.jar:3.6.10]
		at reactor.core.publisher.MonoDefer.subscribe(MonoDefer.java:53) ~[reactor-core-3.6.10.jar:3.6.10]
		at reactor.core.publisher.MonoIgnoreThen$ThenIgnoreMain.subscribeNext(MonoIgnoreThen.java:241) ~[reactor-core-3.6.10.jar:3.6.10]
		at reactor.core.publisher.MonoIgnoreThen$ThenIgnoreMain.onComplete(MonoIgnoreThen.java:204) ~[reactor-core-3.6.10.jar:3.6.10]
		at reactor.core.publisher.FluxPeek$PeekSubscriber.onComplete(FluxPeek.java:260) ~[reactor-core-3.6.10.jar:3.6.10]
		at reactor.core.publisher.FluxMap$MapSubscriber.onComplete(FluxMap.java:144) ~[reactor-core-3.6.10.jar:3.6.10]
		at reactor.core.publisher.MonoNext$NextSubscriber.onComplete(MonoNext.java:102) ~[reactor-core-3.6.10.jar:3.6.10]
		at reactor.core.publisher.MonoNext$NextSubscriber.onNext(MonoNext.java:83) ~[reactor-core-3.6.10.jar:3.6.10]
		at reactor.core.publisher.FluxDematerialize$DematerializeSubscriber.onNext(FluxDematerialize.java:98) ~[reactor-core-3.6.10.jar:3.6.10]
		at reactor.core.publisher.FluxDematerialize$DematerializeSubscriber.onNext(FluxDematerialize.java:44) ~[reactor-core-3.6.10.jar:3.6.10]
		at reactor.core.publisher.FluxFlattenIterable$FlattenIterableSubscriber.drainAsync(FluxFlattenIterable.java:453) ~[reactor-core-3.6.10.jar:3.6.10]
		at reactor.core.publisher.FluxFlattenIterable$FlattenIterableSubscriber.drain(FluxFlattenIterable.java:724) ~[reactor-core-3.6.10.jar:3.6.10]
		at reactor.core.publisher.FluxFlattenIterable$FlattenIterableSubscriber.onNext(FluxFlattenIterable.java:256) ~[reactor-core-3.6.10.jar:3.6.10]
		at reactor.core.publisher.FluxSwitchIfEmpty$SwitchIfEmptySubscriber.onNext(FluxSwitchIfEmpty.java:74) ~[reactor-core-3.6.10.jar:3.6.10]
		at reactor.core.publisher.Operators$BaseFluxToMonoOperator.completePossiblyEmpty(Operators.java:2097) ~[reactor-core-3.6.10.jar:3.6.10]
		at reactor.core.publisher.MonoCollectList$MonoCollectListSubscriber.onComplete(MonoCollectList.java:118) ~[reactor-core-3.6.10.jar:3.6.10]
		at reactor.core.publisher.DrainUtils.postCompleteDrain(DrainUtils.java:132) ~[reactor-core-3.6.10.jar:3.6.10]
		at reactor.core.publisher.DrainUtils.postComplete(DrainUtils.java:187) ~[reactor-core-3.6.10.jar:3.6.10]
		at reactor.core.publisher.FluxMaterialize$MaterializeSubscriber.onComplete(FluxMaterialize.java:141) ~[reactor-core-3.6.10.jar:3.6.10]
		at reactor.core.publisher.Operators$ScalarSubscription.request(Operators.java:2573) ~[reactor-core-3.6.10.jar:3.6.10]
		at reactor.core.publisher.FluxMaterialize$MaterializeSubscriber.request(FluxMaterialize.java:148) ~[reactor-core-3.6.10.jar:3.6.10]
		at reactor.core.publisher.Operators$BaseFluxToMonoOperator.request(Operators.java:2067) ~[reactor-core-3.6.10.jar:3.6.10]
		at reactor.core.publisher.Operators$MultiSubscriptionSubscriber.set(Operators.java:2367) ~[reactor-core-3.6.10.jar:3.6.10]
		at reactor.core.publisher.Operators$MultiSubscriptionSubscriber.onSubscribe(Operators.java:2241) ~[reactor-core-3.6.10.jar:3.6.10]
		at reactor.core.publisher.Operators$BaseFluxToMonoOperator.onSubscribe(Operators.java:2051) ~[reactor-core-3.6.10.jar:3.6.10]
		at reactor.core.publisher.FluxMaterialize$MaterializeSubscriber.onSubscribe(FluxMaterialize.java:103) ~[reactor-core-3.6.10.jar:3.6.10]
		at reactor.core.publisher.FluxJust.subscribe(FluxJust.java:68) ~[reactor-core-3.6.10.jar:3.6.10]
		at reactor.core.publisher.InternalFluxOperator.subscribe(InternalFluxOperator.java:68) ~[reactor-core-3.6.10.jar:3.6.10]
		at reactor.core.publisher.FluxDefer.subscribe(FluxDefer.java:54) ~[reactor-core-3.6.10.jar:3.6.10]
		at reactor.core.publisher.Mono.subscribe(Mono.java:4576) ~[reactor-core-3.6.10.jar:3.6.10]
		at reactor.core.publisher.MonoIgnoreThen$ThenIgnoreMain.subscribeNext(MonoIgnoreThen.java:265) ~[reactor-core-3.6.10.jar:3.6.10]
		at reactor.core.publisher.MonoIgnoreThen.subscribe(MonoIgnoreThen.java:51) ~[reactor-core-3.6.10.jar:3.6.10]
		at reactor.core.publisher.InternalMonoOperator.subscribe(InternalMonoOperator.java:76) ~[reactor-core-3.6.10.jar:3.6.10]
		at reactor.core.publisher.MonoDefer.subscribe(MonoDefer.java:53) ~[reactor-core-3.6.10.jar:3.6.10]
		at reactor.core.publisher.MonoDefer.subscribe(MonoDefer.java:53) ~[reactor-core-3.6.10.jar:3.6.10]
		at reactor.core.publisher.MonoDefer.subscribe(MonoDefer.java:53) ~[reactor-core-3.6.10.jar:3.6.10]
		at reactor.core.publisher.MonoDefer.subscribe(MonoDefer.java:53) ~[reactor-core-3.6.10.jar:3.6.10]
		at reactor.core.publisher.Mono.subscribe(Mono.java:4576) ~[reactor-core-3.6.10.jar:3.6.10]
		at reactor.core.publisher.MonoIgnoreThen$ThenIgnoreMain.subscribeNext(MonoIgnoreThen.java:265) ~[reactor-core-3.6.10.jar:3.6.10]
		at reactor.core.publisher.MonoIgnoreThen.subscribe(MonoIgnoreThen.java:51) ~[reactor-core-3.6.10.jar:3.6.10]
		at reactor.core.publisher.InternalMonoOperator.subscribe(InternalMonoOperator.java:76) ~[reactor-core-3.6.10.jar:3.6.10]
		at reactor.core.publisher.MonoDefer.subscribe(MonoDefer.java:53) ~[reactor-core-3.6.10.jar:3.6.10]
		at reactor.core.publisher.MonoDefer.subscribe(MonoDefer.java:53) ~[reactor-core-3.6.10.jar:3.6.10]
		at reactor.core.publisher.MonoDefer.subscribe(MonoDefer.java:53) ~[reactor-core-3.6.10.jar:3.6.10]
		at reactor.core.publisher.InternalMonoOperator.subscribe(InternalMonoOperator.java:76) ~[reactor-core-3.6.10.jar:3.6.10]
		at reactor.core.publisher.MonoDefer.subscribe(MonoDefer.java:53) ~[reactor-core-3.6.10.jar:3.6.10]
		at reactor.core.publisher.Mono.subscribe(Mono.java:4576) ~[reactor-core-3.6.10.jar:3.6.10]
		at reactor.core.publisher.MonoIgnoreThen$ThenIgnoreMain.subscribeNext(MonoIgnoreThen.java:265) ~[reactor-core-3.6.10.jar:3.6.10]
		at reactor.core.publisher.MonoIgnoreThen.subscribe(MonoIgnoreThen.java:51) ~[reactor-core-3.6.10.jar:3.6.10]
		at reactor.core.publisher.InternalMonoOperator.subscribe(InternalMonoOperator.java:76) ~[reactor-core-3.6.10.jar:3.6.10]
		at reactor.core.publisher.MonoFlatMap$FlatMapMain.onNext(MonoFlatMap.java:165) ~[reactor-core-3.6.10.jar:3.6.10]
		at reactor.core.publisher.FluxOnErrorResume$ResumeSubscriber.onNext(FluxOnErrorResume.java:79) ~[reactor-core-3.6.10.jar:3.6.10]
		at reactor.core.publisher.FluxSwitchIfEmpty$SwitchIfEmptySubscriber.onNext(FluxSwitchIfEmpty.java:74) ~[reactor-core-3.6.10.jar:3.6.10]
		at reactor.core.publisher.MonoNext$NextSubscriber.onNext(MonoNext.java:82) ~[reactor-core-3.6.10.jar:3.6.10]
		at reactor.core.publisher.FluxConcatMapNoPrefetch$FluxConcatMapNoPrefetchSubscriber.innerNext(FluxConcatMapNoPrefetch.java:259) ~[reactor-core-3.6.10.jar:3.6.10]
		at reactor.core.publisher.FluxConcatMap$ConcatMapInner.onNext(FluxConcatMap.java:865) ~[reactor-core-3.6.10.jar:3.6.10]
		at reactor.core.publisher.FluxMap$MapSubscriber.onNext(FluxMap.java:122) ~[reactor-core-3.6.10.jar:3.6.10]
		at reactor.core.publisher.FluxSwitchIfEmpty$SwitchIfEmptySubscriber.onNext(FluxSwitchIfEmpty.java:74) ~[reactor-core-3.6.10.jar:3.6.10]
		at reactor.core.publisher.FluxMap$MapSubscriber.onNext(FluxMap.java:122) ~[reactor-core-3.6.10.jar:3.6.10]
		at reactor.core.publisher.FluxMap$MapSubscriber.onNext(FluxMap.java:122) ~[reactor-core-3.6.10.jar:3.6.10]
		at reactor.core.publisher.MonoNext$NextSubscriber.onNext(MonoNext.java:82) ~[reactor-core-3.6.10.jar:3.6.10]
		at reactor.core.publisher.FluxConcatMapNoPrefetch$FluxConcatMapNoPrefetchSubscriber.innerNext(FluxConcatMapNoPrefetch.java:259) ~[reactor-core-3.6.10.jar:3.6.10]
		at reactor.core.publisher.FluxConcatMap$ConcatMapInner.onNext(FluxConcatMap.java:865) ~[reactor-core-3.6.10.jar:3.6.10]
		at reactor.core.publisher.FluxOnErrorResume$ResumeSubscriber.onNext(FluxOnErrorResume.java:79) ~[reactor-core-3.6.10.jar:3.6.10]
		at reactor.core.publisher.MonoPeekTerminal$MonoTerminalPeekSubscriber.onNext(MonoPeekTerminal.java:180) ~[reactor-core-3.6.10.jar:3.6.10]
		at reactor.core.publisher.MonoFilterWhen$MonoFilterWhenMain.onNext(MonoFilterWhen.java:136) ~[reactor-core-3.6.10.jar:3.6.10]
		at reactor.core.publisher.Operators$ScalarSubscription.request(Operators.java:2571) ~[reactor-core-3.6.10.jar:3.6.10]
		at reactor.core.publisher.MonoFilterWhen$MonoFilterWhenMain.request(MonoFilterWhen.java:183) ~[reactor-core-3.6.10.jar:3.6.10]
		at reactor.core.publisher.MonoPeekTerminal$MonoTerminalPeekSubscriber.request(MonoPeekTerminal.java:139) ~[reactor-core-3.6.10.jar:3.6.10]
		at reactor.core.publisher.Operators$MultiSubscriptionSubscriber.request(Operators.java:2331) ~[reactor-core-3.6.10.jar:3.6.10]
		at reactor.core.publisher.Operators$MultiSubscriptionSubscriber.request(Operators.java:2331) ~[reactor-core-3.6.10.jar:3.6.10]
		at reactor.core.publisher.FluxConcatMapNoPrefetch$FluxConcatMapNoPrefetchSubscriber.request(FluxConcatMapNoPrefetch.java:339) ~[reactor-core-3.6.10.jar:3.6.10]
		at reactor.core.publisher.MonoNext$NextSubscriber.request(MonoNext.java:108) ~[reactor-core-3.6.10.jar:3.6.10]
		at reactor.core.publisher.FluxMap$MapSubscriber.request(FluxMap.java:164) ~[reactor-core-3.6.10.jar:3.6.10]
		at reactor.core.publisher.FluxMap$MapSubscriber.request(FluxMap.java:164) ~[reactor-core-3.6.10.jar:3.6.10]
		at reactor.core.publisher.Operators$MultiSubscriptionSubscriber.request(Operators.java:2331) ~[reactor-core-3.6.10.jar:3.6.10]
		at reactor.core.publisher.FluxMap$MapSubscriber.request(FluxMap.java:164) ~[reactor-core-3.6.10.jar:3.6.10]
		at reactor.core.publisher.Operators$MultiSubscriptionSubscriber.request(Operators.java:2331) ~[reactor-core-3.6.10.jar:3.6.10]
		at reactor.core.publisher.FluxConcatMapNoPrefetch$FluxConcatMapNoPrefetchSubscriber.request(FluxConcatMapNoPrefetch.java:339) ~[reactor-core-3.6.10.jar:3.6.10]
		at reactor.core.publisher.MonoNext$NextSubscriber.request(MonoNext.java:108) ~[reactor-core-3.6.10.jar:3.6.10]
		at reactor.core.publisher.Operators$MultiSubscriptionSubscriber.set(Operators.java:2367) ~[reactor-core-3.6.10.jar:3.6.10]
		at reactor.core.publisher.Operators$MultiSubscriptionSubscriber.onSubscribe(Operators.java:2241) ~[reactor-core-3.6.10.jar:3.6.10]
		at reactor.core.publisher.MonoNext$NextSubscriber.onSubscribe(MonoNext.java:70) ~[reactor-core-3.6.10.jar:3.6.10]
		at reactor.core.publisher.FluxConcatMapNoPrefetch$FluxConcatMapNoPrefetchSubscriber.onSubscribe(FluxConcatMapNoPrefetch.java:164) ~[reactor-core-3.6.10.jar:3.6.10]
		at reactor.core.publisher.FluxIterable.subscribe(FluxIterable.java:201) ~[reactor-core-3.6.10.jar:3.6.10]
		at reactor.core.publisher.FluxIterable.subscribe(FluxIterable.java:83) ~[reactor-core-3.6.10.jar:3.6.10]
		at reactor.core.publisher.InternalMonoOperator.subscribe(InternalMonoOperator.java:76) ~[reactor-core-3.6.10.jar:3.6.10]
		at reactor.core.publisher.MonoDefer.subscribe(MonoDefer.java:53) ~[reactor-core-3.6.10.jar:3.6.10]
		at reactor.core.publisher.InternalMonoOperator.subscribe(InternalMonoOperator.java:76) ~[reactor-core-3.6.10.jar:3.6.10]
		at reactor.core.publisher.MonoDefer.subscribe(MonoDefer.java:53) ~[reactor-core-3.6.10.jar:3.6.10]
		at reactor.core.publisher.Mono.subscribe(Mono.java:4576) ~[reactor-core-3.6.10.jar:3.6.10]
		at reactor.core.publisher.MonoIgnoreThen$ThenIgnoreMain.subscribeNext(MonoIgnoreThen.java:265) ~[reactor-core-3.6.10.jar:3.6.10]
		at reactor.core.publisher.MonoIgnoreThen.subscribe(MonoIgnoreThen.java:51) ~[reactor-core-3.6.10.jar:3.6.10]
		at reactor.core.publisher.Mono.subscribe(Mono.java:4576) ~[reactor-core-3.6.10.jar:3.6.10]
		at org.springframework.http.server.reactive.ServletHttpHandlerAdapter.service(ServletHttpHandlerAdapter.java:199) ~[spring-web-6.1.13.jar:6.1.13]
		at org.apache.catalina.core.ApplicationFilterChain.internalDoFilter(ApplicationFilterChain.java:195) ~[tomcat-embed-core-10.1.30.jar:10.1.30]
		at org.apache.catalina.core.ApplicationFilterChain.doFilter(ApplicationFilterChain.java:140) ~[tomcat-embed-core-10.1.30.jar:10.1.30]
		at org.apache.tomcat.websocket.server.WsFilter.doFilter(WsFilter.java:51) ~[tomcat-embed-websocket-10.1.30.jar:10.1.30]
		at org.apache.catalina.core.ApplicationFilterChain.internalDoFilter(ApplicationFilterChain.java:164) ~[tomcat-embed-core-10.1.30.jar:10.1.30]
		at org.apache.catalina.core.ApplicationFilterChain.doFilter(ApplicationFilterChain.java:140) ~[tomcat-embed-core-10.1.30.jar:10.1.30]
		at org.apache.catalina.core.StandardWrapperValve.invoke(StandardWrapperValve.java:167) ~[tomcat-embed-core-10.1.30.jar:10.1.30]
		at org.apache.catalina.core.StandardContextValve.invoke(StandardContextValve.java:90) ~[tomcat-embed-core-10.1.30.jar:10.1.30]
		at org.apache.catalina.authenticator.AuthenticatorBase.invoke(AuthenticatorBase.java:483) ~[tomcat-embed-core-10.1.30.jar:10.1.30]
		at org.apache.catalina.core.StandardHostValve.invoke(StandardHostValve.java:115) ~[tomcat-embed-core-10.1.30.jar:10.1.30]
		at org.apache.catalina.valves.ErrorReportValve.invoke(ErrorReportValve.java:93) ~[tomcat-embed-core-10.1.30.jar:10.1.30]
		at org.apache.catalina.core.StandardEngineValve.invoke(StandardEngineValve.java:74) ~[tomcat-embed-core-10.1.30.jar:10.1.30]
		at org.apache.catalina.connector.CoyoteAdapter.service(CoyoteAdapter.java:344) ~[tomcat-embed-core-10.1.30.jar:10.1.30]
		at org.apache.coyote.http11.Http11Processor.service(Http11Processor.java:384) ~[tomcat-embed-core-10.1.30.jar:10.1.30]
		at org.apache.coyote.AbstractProcessorLight.process(AbstractProcessorLight.java:63) ~[tomcat-embed-core-10.1.30.jar:10.1.30]
		at org.apache.coyote.AbstractProtocol$ConnectionHandler.process(AbstractProtocol.java:905) ~[tomcat-embed-core-10.1.30.jar:10.1.30]
		at org.apache.tomcat.util.net.NioEndpoint$SocketProcessor.doRun(NioEndpoint.java:1741) ~[tomcat-embed-core-10.1.30.jar:10.1.30]
		at org.apache.tomcat.util.net.SocketProcessorBase.run(SocketProcessorBase.java:52) ~[tomcat-embed-core-10.1.30.jar:10.1.30]
		at org.apache.tomcat.util.threads.ThreadPoolExecutor.runWorker(ThreadPoolExecutor.java:1190) ~[tomcat-embed-core-10.1.30.jar:10.1.30]
		at org.apache.tomcat.util.threads.ThreadPoolExecutor$Worker.run(ThreadPoolExecutor.java:659) ~[tomcat-embed-core-10.1.30.jar:10.1.30]
		at org.apache.tomcat.util.threads.TaskThread$WrappingRunnable.run(TaskThread.java:63) ~[tomcat-embed-core-10.1.30.jar:10.1.30]
		at java.base/java.lang.Thread.run(Thread.java:1575) ~[na:na]

17:24:09:174 ERROR 23996 --- [gateway] [http-nio-8080-exec-7] a.w.r.e.AbstractErrorWebExceptionHandler : [4cca9e96]  500 Server Error for HTTP GET "/ws"

java.lang.ClassCastException: class org.apache.catalina.connector.ResponseFacade cannot be cast to class reactor.netty.http.server.HttpServerResponse (org.apache.catalina.connector.ResponseFacade and reactor.netty.http.server.HttpServerResponse are in unnamed module of loader 'app')
	at org.springframework.web.reactive.socket.server.upgrade.ReactorNettyRequestUpgradeStrategy.upgrade(ReactorNettyRequestUpgradeStrategy.java:163) ~[spring-webflux-6.1.13.jar:6.1.13]
	Suppressed: reactor.core.publisher.FluxOnAssembly$OnAssemblyException: 
Error has been observed at the following site(s):
	*__checkpoint ⇢ org.springframework.cloud.gateway.filter.WeightCalculatorWebFilter [DefaultWebFilterChain]
	*__checkpoint ⇢ HTTP GET "/ws" [ExceptionHandlingWebHandler]
Original Stack Trace:
		at org.springframework.web.reactive.socket.server.upgrade.ReactorNettyRequestUpgradeStrategy.upgrade(ReactorNettyRequestUpgradeStrategy.java:163) ~[spring-webflux-6.1.13.jar:6.1.13]
		at org.springframework.web.reactive.socket.server.support.HandshakeWebSocketService.lambda$handleRequest$1(HandshakeWebSocketService.java:221) ~[spring-webflux-6.1.13.jar:6.1.13]
		at reactor.core.publisher.FluxFlatMap.trySubscribeScalarMap(FluxFlatMap.java:153) ~[reactor-core-3.6.10.jar:3.6.10]
		at reactor.core.publisher.MonoFlatMap.subscribeOrReturn(MonoFlatMap.java:53) ~[reactor-core-3.6.10.jar:3.6.10]
		at reactor.core.publisher.InternalMonoOperator.subscribe(InternalMonoOperator.java:63) ~[reactor-core-3.6.10.jar:3.6.10]
		at reactor.core.publisher.MonoDefer.subscribe(MonoDefer.java:53) ~[reactor-core-3.6.10.jar:3.6.10]
		at reactor.core.publisher.MonoDefer.subscribe(MonoDefer.java:53) ~[reactor-core-3.6.10.jar:3.6.10]
		at reactor.core.publisher.MonoIgnoreThen$ThenIgnoreMain.subscribeNext(MonoIgnoreThen.java:241) ~[reactor-core-3.6.10.jar:3.6.10]
		at reactor.core.publisher.MonoIgnoreThen$ThenIgnoreMain.onComplete(MonoIgnoreThen.java:204) ~[reactor-core-3.6.10.jar:3.6.10]
		at reactor.core.publisher.FluxPeek$PeekSubscriber.onComplete(FluxPeek.java:260) ~[reactor-core-3.6.10.jar:3.6.10]
		at reactor.core.publisher.FluxMap$MapSubscriber.onComplete(FluxMap.java:144) ~[reactor-core-3.6.10.jar:3.6.10]
		at reactor.core.publisher.MonoNext$NextSubscriber.onComplete(MonoNext.java:102) ~[reactor-core-3.6.10.jar:3.6.10]
		at reactor.core.publisher.MonoNext$NextSubscriber.onNext(MonoNext.java:83) ~[reactor-core-3.6.10.jar:3.6.10]
		at reactor.core.publisher.FluxDematerialize$DematerializeSubscriber.onNext(FluxDematerialize.java:98) ~[reactor-core-3.6.10.jar:3.6.10]
		at reactor.core.publisher.FluxDematerialize$DematerializeSubscriber.onNext(FluxDematerialize.java:44) ~[reactor-core-3.6.10.jar:3.6.10]
		at reactor.core.publisher.FluxFlattenIterable$FlattenIterableSubscriber.drainAsync(FluxFlattenIterable.java:453) ~[reactor-core-3.6.10.jar:3.6.10]
		at reactor.core.publisher.FluxFlattenIterable$FlattenIterableSubscriber.drain(FluxFlattenIterable.java:724) ~[reactor-core-3.6.10.jar:3.6.10]
		at reactor.core.publisher.FluxFlattenIterable$FlattenIterableSubscriber.onNext(FluxFlattenIterable.java:256) ~[reactor-core-3.6.10.jar:3.6.10]
		at reactor.core.publisher.FluxSwitchIfEmpty$SwitchIfEmptySubscriber.onNext(FluxSwitchIfEmpty.java:74) ~[reactor-core-3.6.10.jar:3.6.10]
		at reactor.core.publisher.Operators$BaseFluxToMonoOperator.completePossiblyEmpty(Operators.java:2097) ~[reactor-core-3.6.10.jar:3.6.10]
		at reactor.core.publisher.MonoCollectList$MonoCollectListSubscriber.onComplete(MonoCollectList.java:118) ~[reactor-core-3.6.10.jar:3.6.10]
		at reactor.core.publisher.DrainUtils.postCompleteDrain(DrainUtils.java:132) ~[reactor-core-3.6.10.jar:3.6.10]
		at reactor.core.publisher.DrainUtils.postComplete(DrainUtils.java:187) ~[reactor-core-3.6.10.jar:3.6.10]
		at reactor.core.publisher.FluxMaterialize$MaterializeSubscriber.onComplete(FluxMaterialize.java:141) ~[reactor-core-3.6.10.jar:3.6.10]
		at reactor.core.publisher.Operators$ScalarSubscription.request(Operators.java:2573) ~[reactor-core-3.6.10.jar:3.6.10]
		at reactor.core.publisher.FluxMaterialize$MaterializeSubscriber.request(FluxMaterialize.java:148) ~[reactor-core-3.6.10.jar:3.6.10]
		at reactor.core.publisher.Operators$BaseFluxToMonoOperator.request(Operators.java:2067) ~[reactor-core-3.6.10.jar:3.6.10]
		at reactor.core.publisher.Operators$MultiSubscriptionSubscriber.set(Operators.java:2367) ~[reactor-core-3.6.10.jar:3.6.10]
		at reactor.core.publisher.Operators$MultiSubscriptionSubscriber.onSubscribe(Operators.java:2241) ~[reactor-core-3.6.10.jar:3.6.10]
		at reactor.core.publisher.Operators$BaseFluxToMonoOperator.onSubscribe(Operators.java:2051) ~[reactor-core-3.6.10.jar:3.6.10]
		at reactor.core.publisher.FluxMaterialize$MaterializeSubscriber.onSubscribe(FluxMaterialize.java:103) ~[reactor-core-3.6.10.jar:3.6.10]
		at reactor.core.publisher.FluxJust.subscribe(FluxJust.java:68) ~[reactor-core-3.6.10.jar:3.6.10]
		at reactor.core.publisher.InternalFluxOperator.subscribe(InternalFluxOperator.java:68) ~[reactor-core-3.6.10.jar:3.6.10]
		at reactor.core.publisher.FluxDefer.subscribe(FluxDefer.java:54) ~[reactor-core-3.6.10.jar:3.6.10]
		at reactor.core.publisher.Mono.subscribe(Mono.java:4576) ~[reactor-core-3.6.10.jar:3.6.10]
		at reactor.core.publisher.MonoIgnoreThen$ThenIgnoreMain.subscribeNext(MonoIgnoreThen.java:265) ~[reactor-core-3.6.10.jar:3.6.10]
		at reactor.core.publisher.MonoIgnoreThen.subscribe(MonoIgnoreThen.java:51) ~[reactor-core-3.6.10.jar:3.6.10]
		at reactor.core.publisher.InternalMonoOperator.subscribe(InternalMonoOperator.java:76) ~[reactor-core-3.6.10.jar:3.6.10]
		at reactor.core.publisher.MonoDefer.subscribe(MonoDefer.java:53) ~[reactor-core-3.6.10.jar:3.6.10]
		at reactor.core.publisher.MonoDefer.subscribe(MonoDefer.java:53) ~[reactor-core-3.6.10.jar:3.6.10]
		at reactor.core.publisher.MonoDefer.subscribe(MonoDefer.java:53) ~[reactor-core-3.6.10.jar:3.6.10]
		at reactor.core.publisher.MonoDefer.subscribe(MonoDefer.java:53) ~[reactor-core-3.6.10.jar:3.6.10]
		at reactor.core.publisher.Mono.subscribe(Mono.java:4576) ~[reactor-core-3.6.10.jar:3.6.10]
		at reactor.core.publisher.MonoIgnoreThen$ThenIgnoreMain.subscribeNext(MonoIgnoreThen.java:265) ~[reactor-core-3.6.10.jar:3.6.10]
		at reactor.core.publisher.MonoIgnoreThen.subscribe(MonoIgnoreThen.java:51) ~[reactor-core-3.6.10.jar:3.6.10]
		at reactor.core.publisher.InternalMonoOperator.subscribe(InternalMonoOperator.java:76) ~[reactor-core-3.6.10.jar:3.6.10]
		at reactor.core.publisher.MonoDefer.subscribe(MonoDefer.java:53) ~[reactor-core-3.6.10.jar:3.6.10]
		at reactor.core.publisher.MonoDefer.subscribe(MonoDefer.java:53) ~[reactor-core-3.6.10.jar:3.6.10]
		at reactor.core.publisher.MonoDefer.subscribe(MonoDefer.java:53) ~[reactor-core-3.6.10.jar:3.6.10]
		at reactor.core.publisher.InternalMonoOperator.subscribe(InternalMonoOperator.java:76) ~[reactor-core-3.6.10.jar:3.6.10]
		at reactor.core.publisher.MonoDefer.subscribe(MonoDefer.java:53) ~[reactor-core-3.6.10.jar:3.6.10]
		at reactor.core.publisher.Mono.subscribe(Mono.java:4576) ~[reactor-core-3.6.10.jar:3.6.10]
		at reactor.core.publisher.MonoIgnoreThen$ThenIgnoreMain.subscribeNext(MonoIgnoreThen.java:265) ~[reactor-core-3.6.10.jar:3.6.10]
		at reactor.core.publisher.MonoIgnoreThen.subscribe(MonoIgnoreThen.java:51) ~[reactor-core-3.6.10.jar:3.6.10]
		at reactor.core.publisher.InternalMonoOperator.subscribe(InternalMonoOperator.java:76) ~[reactor-core-3.6.10.jar:3.6.10]
		at reactor.core.publisher.MonoFlatMap$FlatMapMain.onNext(MonoFlatMap.java:165) ~[reactor-core-3.6.10.jar:3.6.10]
		at reactor.core.publisher.FluxOnErrorResume$ResumeSubscriber.onNext(FluxOnErrorResume.java:79) ~[reactor-core-3.6.10.jar:3.6.10]
		at reactor.core.publisher.FluxSwitchIfEmpty$SwitchIfEmptySubscriber.onNext(FluxSwitchIfEmpty.java:74) ~[reactor-core-3.6.10.jar:3.6.10]
		at reactor.core.publisher.MonoNext$NextSubscriber.onNext(MonoNext.java:82) ~[reactor-core-3.6.10.jar:3.6.10]
		at reactor.core.publisher.FluxConcatMapNoPrefetch$FluxConcatMapNoPrefetchSubscriber.innerNext(FluxConcatMapNoPrefetch.java:259) ~[reactor-core-3.6.10.jar:3.6.10]
		at reactor.core.publisher.FluxConcatMap$ConcatMapInner.onNext(FluxConcatMap.java:865) ~[reactor-core-3.6.10.jar:3.6.10]
		at reactor.core.publisher.FluxMap$MapSubscriber.onNext(FluxMap.java:122) ~[reactor-core-3.6.10.jar:3.6.10]
		at reactor.core.publisher.FluxSwitchIfEmpty$SwitchIfEmptySubscriber.onNext(FluxSwitchIfEmpty.java:74) ~[reactor-core-3.6.10.jar:3.6.10]
		at reactor.core.publisher.FluxMap$MapSubscriber.onNext(FluxMap.java:122) ~[reactor-core-3.6.10.jar:3.6.10]
		at reactor.core.publisher.FluxMap$MapSubscriber.onNext(FluxMap.java:122) ~[reactor-core-3.6.10.jar:3.6.10]
		at reactor.core.publisher.MonoNext$NextSubscriber.onNext(MonoNext.java:82) ~[reactor-core-3.6.10.jar:3.6.10]
		at reactor.core.publisher.FluxConcatMapNoPrefetch$FluxConcatMapNoPrefetchSubscriber.innerNext(FluxConcatMapNoPrefetch.java:259) ~[reactor-core-3.6.10.jar:3.6.10]
		at reactor.core.publisher.FluxConcatMap$ConcatMapInner.onNext(FluxConcatMap.java:865) ~[reactor-core-3.6.10.jar:3.6.10]
		at reactor.core.publisher.FluxOnErrorResume$ResumeSubscriber.onNext(FluxOnErrorResume.java:79) ~[reactor-core-3.6.10.jar:3.6.10]
		at reactor.core.publisher.MonoPeekTerminal$MonoTerminalPeekSubscriber.onNext(MonoPeekTerminal.java:180) ~[reactor-core-3.6.10.jar:3.6.10]
		at reactor.core.publisher.MonoFilterWhen$MonoFilterWhenMain.onNext(MonoFilterWhen.java:136) ~[reactor-core-3.6.10.jar:3.6.10]
		at reactor.core.publisher.Operators$ScalarSubscription.request(Operators.java:2571) ~[reactor-core-3.6.10.jar:3.6.10]
		at reactor.core.publisher.MonoFilterWhen$MonoFilterWhenMain.request(MonoFilterWhen.java:183) ~[reactor-core-3.6.10.jar:3.6.10]
		at reactor.core.publisher.MonoPeekTerminal$MonoTerminalPeekSubscriber.request(MonoPeekTerminal.java:139) ~[reactor-core-3.6.10.jar:3.6.10]
		at reactor.core.publisher.Operators$MultiSubscriptionSubscriber.request(Operators.java:2331) ~[reactor-core-3.6.10.jar:3.6.10]
		at reactor.core.publisher.Operators$MultiSubscriptionSubscriber.request(Operators.java:2331) ~[reactor-core-3.6.10.jar:3.6.10]
		at reactor.core.publisher.FluxConcatMapNoPrefetch$FluxConcatMapNoPrefetchSubscriber.request(FluxConcatMapNoPrefetch.java:339) ~[reactor-core-3.6.10.jar:3.6.10]
		at reactor.core.publisher.MonoNext$NextSubscriber.request(MonoNext.java:108) ~[reactor-core-3.6.10.jar:3.6.10]
		at reactor.core.publisher.FluxMap$MapSubscriber.request(FluxMap.java:164) ~[reactor-core-3.6.10.jar:3.6.10]
		at reactor.core.publisher.FluxMap$MapSubscriber.request(FluxMap.java:164) ~[reactor-core-3.6.10.jar:3.6.10]
		at reactor.core.publisher.Operators$MultiSubscriptionSubscriber.request(Operators.java:2331) ~[reactor-core-3.6.10.jar:3.6.10]
		at reactor.core.publisher.FluxMap$MapSubscriber.request(FluxMap.java:164) ~[reactor-core-3.6.10.jar:3.6.10]
		at reactor.core.publisher.Operators$MultiSubscriptionSubscriber.request(Operators.java:2331) ~[reactor-core-3.6.10.jar:3.6.10]
		at reactor.core.publisher.FluxConcatMapNoPrefetch$FluxConcatMapNoPrefetchSubscriber.request(FluxConcatMapNoPrefetch.java:339) ~[reactor-core-3.6.10.jar:3.6.10]
		at reactor.core.publisher.MonoNext$NextSubscriber.request(MonoNext.java:108) ~[reactor-core-3.6.10.jar:3.6.10]
		at reactor.core.publisher.Operators$MultiSubscriptionSubscriber.set(Operators.java:2367) ~[reactor-core-3.6.10.jar:3.6.10]
		at reactor.core.publisher.Operators$MultiSubscriptionSubscriber.onSubscribe(Operators.java:2241) ~[reactor-core-3.6.10.jar:3.6.10]
		at reactor.core.publisher.MonoNext$NextSubscriber.onSubscribe(MonoNext.java:70) ~[reactor-core-3.6.10.jar:3.6.10]
		at reactor.core.publisher.FluxConcatMapNoPrefetch$FluxConcatMapNoPrefetchSubscriber.onSubscribe(FluxConcatMapNoPrefetch.java:164) ~[reactor-core-3.6.10.jar:3.6.10]
		at reactor.core.publisher.FluxIterable.subscribe(FluxIterable.java:201) ~[reactor-core-3.6.10.jar:3.6.10]
		at reactor.core.publisher.FluxIterable.subscribe(FluxIterable.java:83) ~[reactor-core-3.6.10.jar:3.6.10]
		at reactor.core.publisher.InternalMonoOperator.subscribe(InternalMonoOperator.java:76) ~[reactor-core-3.6.10.jar:3.6.10]
		at reactor.core.publisher.MonoDefer.subscribe(MonoDefer.java:53) ~[reactor-core-3.6.10.jar:3.6.10]
		at reactor.core.publisher.InternalMonoOperator.subscribe(InternalMonoOperator.java:76) ~[reactor-core-3.6.10.jar:3.6.10]
		at reactor.core.publisher.MonoDefer.subscribe(MonoDefer.java:53) ~[reactor-core-3.6.10.jar:3.6.10]
		at reactor.core.publisher.Mono.subscribe(Mono.java:4576) ~[reactor-core-3.6.10.jar:3.6.10]
		at reactor.core.publisher.MonoIgnoreThen$ThenIgnoreMain.subscribeNext(MonoIgnoreThen.java:265) ~[reactor-core-3.6.10.jar:3.6.10]
		at reactor.core.publisher.MonoIgnoreThen.subscribe(MonoIgnoreThen.java:51) ~[reactor-core-3.6.10.jar:3.6.10]
		at reactor.core.publisher.Mono.subscribe(Mono.java:4576) ~[reactor-core-3.6.10.jar:3.6.10]
		at org.springframework.http.server.reactive.ServletHttpHandlerAdapter.service(ServletHttpHandlerAdapter.java:199) ~[spring-web-6.1.13.jar:6.1.13]
		at org.apache.catalina.core.ApplicationFilterChain.internalDoFilter(ApplicationFilterChain.java:195) ~[tomcat-embed-core-10.1.30.jar:10.1.30]
		at org.apache.catalina.core.ApplicationFilterChain.doFilter(ApplicationFilterChain.java:140) ~[tomcat-embed-core-10.1.30.jar:10.1.30]
		at org.apache.tomcat.websocket.server.WsFilter.doFilter(WsFilter.java:51) ~[tomcat-embed-websocket-10.1.30.jar:10.1.30]
		at org.apache.catalina.core.ApplicationFilterChain.internalDoFilter(ApplicationFilterChain.java:164) ~[tomcat-embed-core-10.1.30.jar:10.1.30]
		at org.apache.catalina.core.ApplicationFilterChain.doFilter(ApplicationFilterChain.java:140) ~[tomcat-embed-core-10.1.30.jar:10.1.30]
		at org.apache.catalina.core.StandardWrapperValve.invoke(StandardWrapperValve.java:167) ~[tomcat-embed-core-10.1.30.jar:10.1.30]
		at org.apache.catalina.core.StandardContextValve.invoke(StandardContextValve.java:90) ~[tomcat-embed-core-10.1.30.jar:10.1.30]
		at org.apache.catalina.authenticator.AuthenticatorBase.invoke(AuthenticatorBase.java:483) ~[tomcat-embed-core-10.1.30.jar:10.1.30]
		at org.apache.catalina.core.StandardHostValve.invoke(StandardHostValve.java:115) ~[tomcat-embed-core-10.1.30.jar:10.1.30]
		at org.apache.catalina.valves.ErrorReportValve.invoke(ErrorReportValve.java:93) ~[tomcat-embed-core-10.1.30.jar:10.1.30]
		at org.apache.catalina.core.StandardEngineValve.invoke(StandardEngineValve.java:74) ~[tomcat-embed-core-10.1.30.jar:10.1.30]
		at org.apache.catalina.connector.CoyoteAdapter.service(CoyoteAdapter.java:344) ~[tomcat-embed-core-10.1.30.jar:10.1.30]
		at org.apache.coyote.http11.Http11Processor.service(Http11Processor.java:384) ~[tomcat-embed-core-10.1.30.jar:10.1.30]
		at org.apache.coyote.AbstractProcessorLight.process(AbstractProcessorLight.java:63) ~[tomcat-embed-core-10.1.30.jar:10.1.30]
		at org.apache.coyote.AbstractProtocol$ConnectionHandler.process(AbstractProtocol.java:905) ~[tomcat-embed-core-10.1.30.jar:10.1.30]
		at org.apache.tomcat.util.net.NioEndpoint$SocketProcessor.doRun(NioEndpoint.java:1741) ~[tomcat-embed-core-10.1.30.jar:10.1.30]
		at org.apache.tomcat.util.net.SocketProcessorBase.run(SocketProcessorBase.java:52) ~[tomcat-embed-core-10.1.30.jar:10.1.30]
		at org.apache.tomcat.util.threads.ThreadPoolExecutor.runWorker(ThreadPoolExecutor.java:1190) ~[tomcat-embed-core-10.1.30.jar:10.1.30]
		at org.apache.tomcat.util.threads.ThreadPoolExecutor$Worker.run(ThreadPoolExecutor.java:659) ~[tomcat-embed-core-10.1.30.jar:10.1.30]
		at org.apache.tomcat.util.threads.TaskThread$WrappingRunnable.run(TaskThread.java:63) ~[tomcat-embed-core-10.1.30.jar:10.1.30]
		at java.base/java.lang.Thread.run(Thread.java:1575) ~[na:na]

17:24:09:345 ERROR 23996 --- [gateway] [http-nio-8080-exec-8] a.w.r.e.AbstractErrorWebExceptionHandler : [43a95cbf]  500 Server Error for HTTP GET "/ws"

java.lang.ClassCastException: class org.apache.catalina.connector.ResponseFacade cannot be cast to class reactor.netty.http.server.HttpServerResponse (org.apache.catalina.connector.ResponseFacade and reactor.netty.http.server.HttpServerResponse are in unnamed module of loader 'app')
	at org.springframework.web.reactive.socket.server.upgrade.ReactorNettyRequestUpgradeStrategy.upgrade(ReactorNettyRequestUpgradeStrategy.java:163) ~[spring-webflux-6.1.13.jar:6.1.13]
	Suppressed: reactor.core.publisher.FluxOnAssembly$OnAssemblyException: 
Error has been observed at the following site(s):
	*__checkpoint ⇢ org.springframework.cloud.gateway.filter.WeightCalculatorWebFilter [DefaultWebFilterChain]
	*__checkpoint ⇢ HTTP GET "/ws" [ExceptionHandlingWebHandler]
Original Stack Trace:
		at org.springframework.web.reactive.socket.server.upgrade.ReactorNettyRequestUpgradeStrategy.upgrade(ReactorNettyRequestUpgradeStrategy.java:163) ~[spring-webflux-6.1.13.jar:6.1.13]
		at org.springframework.web.reactive.socket.server.support.HandshakeWebSocketService.lambda$handleRequest$1(HandshakeWebSocketService.java:221) ~[spring-webflux-6.1.13.jar:6.1.13]
		at reactor.core.publisher.FluxFlatMap.trySubscribeScalarMap(FluxFlatMap.java:153) ~[reactor-core-3.6.10.jar:3.6.10]
		at reactor.core.publisher.MonoFlatMap.subscribeOrReturn(MonoFlatMap.java:53) ~[reactor-core-3.6.10.jar:3.6.10]
		at reactor.core.publisher.InternalMonoOperator.subscribe(InternalMonoOperator.java:63) ~[reactor-core-3.6.10.jar:3.6.10]
		at reactor.core.publisher.MonoDefer.subscribe(MonoDefer.java:53) ~[reactor-core-3.6.10.jar:3.6.10]
		at reactor.core.publisher.MonoDefer.subscribe(MonoDefer.java:53) ~[reactor-core-3.6.10.jar:3.6.10]
		at reactor.core.publisher.MonoIgnoreThen$ThenIgnoreMain.subscribeNext(MonoIgnoreThen.java:241) ~[reactor-core-3.6.10.jar:3.6.10]
		at reactor.core.publisher.MonoIgnoreThen$ThenIgnoreMain.onComplete(MonoIgnoreThen.java:204) ~[reactor-core-3.6.10.jar:3.6.10]
		at reactor.core.publisher.FluxPeek$PeekSubscriber.onComplete(FluxPeek.java:260) ~[reactor-core-3.6.10.jar:3.6.10]
		at reactor.core.publisher.FluxMap$MapSubscriber.onComplete(FluxMap.java:144) ~[reactor-core-3.6.10.jar:3.6.10]
		at reactor.core.publisher.MonoNext$NextSubscriber.onComplete(MonoNext.java:102) ~[reactor-core-3.6.10.jar:3.6.10]
		at reactor.core.publisher.MonoNext$NextSubscriber.onNext(MonoNext.java:83) ~[reactor-core-3.6.10.jar:3.6.10]
		at reactor.core.publisher.FluxDematerialize$DematerializeSubscriber.onNext(FluxDematerialize.java:98) ~[reactor-core-3.6.10.jar:3.6.10]
		at reactor.core.publisher.FluxDematerialize$DematerializeSubscriber.onNext(FluxDematerialize.java:44) ~[reactor-core-3.6.10.jar:3.6.10]
		at reactor.core.publisher.FluxFlattenIterable$FlattenIterableSubscriber.drainAsync(FluxFlattenIterable.java:453) ~[reactor-core-3.6.10.jar:3.6.10]
		at reactor.core.publisher.FluxFlattenIterable$FlattenIterableSubscriber.drain(FluxFlattenIterable.java:724) ~[reactor-core-3.6.10.jar:3.6.10]
		at reactor.core.publisher.FluxFlattenIterable$FlattenIterableSubscriber.onNext(FluxFlattenIterable.java:256) ~[reactor-core-3.6.10.jar:3.6.10]
		at reactor.core.publisher.FluxSwitchIfEmpty$SwitchIfEmptySubscriber.onNext(FluxSwitchIfEmpty.java:74) ~[reactor-core-3.6.10.jar:3.6.10]
		at reactor.core.publisher.Operators$BaseFluxToMonoOperator.completePossiblyEmpty(Operators.java:2097) ~[reactor-core-3.6.10.jar:3.6.10]
		at reactor.core.publisher.MonoCollectList$MonoCollectListSubscriber.onComplete(MonoCollectList.java:118) ~[reactor-core-3.6.10.jar:3.6.10]
		at reactor.core.publisher.DrainUtils.postCompleteDrain(DrainUtils.java:132) ~[reactor-core-3.6.10.jar:3.6.10]
		at reactor.core.publisher.DrainUtils.postComplete(DrainUtils.java:187) ~[reactor-core-3.6.10.jar:3.6.10]
		at reactor.core.publisher.FluxMaterialize$MaterializeSubscriber.onComplete(FluxMaterialize.java:141) ~[reactor-core-3.6.10.jar:3.6.10]
		at reactor.core.publisher.Operators$ScalarSubscription.request(Operators.java:2573) ~[reactor-core-3.6.10.jar:3.6.10]
		at reactor.core.publisher.FluxMaterialize$MaterializeSubscriber.request(FluxMaterialize.java:148) ~[reactor-core-3.6.10.jar:3.6.10]
		at reactor.core.publisher.Operators$BaseFluxToMonoOperator.request(Operators.java:2067) ~[reactor-core-3.6.10.jar:3.6.10]
		at reactor.core.publisher.Operators$MultiSubscriptionSubscriber.set(Operators.java:2367) ~[reactor-core-3.6.10.jar:3.6.10]
		at reactor.core.publisher.Operators$MultiSubscriptionSubscriber.onSubscribe(Operators.java:2241) ~[reactor-core-3.6.10.jar:3.6.10]
		at reactor.core.publisher.Operators$BaseFluxToMonoOperator.onSubscribe(Operators.java:2051) ~[reactor-core-3.6.10.jar:3.6.10]
		at reactor.core.publisher.FluxMaterialize$MaterializeSubscriber.onSubscribe(FluxMaterialize.java:103) ~[reactor-core-3.6.10.jar:3.6.10]
		at reactor.core.publisher.FluxJust.subscribe(FluxJust.java:68) ~[reactor-core-3.6.10.jar:3.6.10]
		at reactor.core.publisher.InternalFluxOperator.subscribe(InternalFluxOperator.java:68) ~[reactor-core-3.6.10.jar:3.6.10]
		at reactor.core.publisher.FluxDefer.subscribe(FluxDefer.java:54) ~[reactor-core-3.6.10.jar:3.6.10]
		at reactor.core.publisher.Mono.subscribe(Mono.java:4576) ~[reactor-core-3.6.10.jar:3.6.10]
		at reactor.core.publisher.MonoIgnoreThen$ThenIgnoreMain.subscribeNext(MonoIgnoreThen.java:265) ~[reactor-core-3.6.10.jar:3.6.10]
		at reactor.core.publisher.MonoIgnoreThen.subscribe(MonoIgnoreThen.java:51) ~[reactor-core-3.6.10.jar:3.6.10]
		at reactor.core.publisher.InternalMonoOperator.subscribe(InternalMonoOperator.java:76) ~[reactor-core-3.6.10.jar:3.6.10]
		at reactor.core.publisher.MonoDefer.subscribe(MonoDefer.java:53) ~[reactor-core-3.6.10.jar:3.6.10]
		at reactor.core.publisher.MonoDefer.subscribe(MonoDefer.java:53) ~[reactor-core-3.6.10.jar:3.6.10]
		at reactor.core.publisher.MonoDefer.subscribe(MonoDefer.java:53) ~[reactor-core-3.6.10.jar:3.6.10]
		at reactor.core.publisher.MonoDefer.subscribe(MonoDefer.java:53) ~[reactor-core-3.6.10.jar:3.6.10]
		at reactor.core.publisher.Mono.subscribe(Mono.java:4576) ~[reactor-core-3.6.10.jar:3.6.10]
		at reactor.core.publisher.MonoIgnoreThen$ThenIgnoreMain.subscribeNext(MonoIgnoreThen.java:265) ~[reactor-core-3.6.10.jar:3.6.10]
		at reactor.core.publisher.MonoIgnoreThen.subscribe(MonoIgnoreThen.java:51) ~[reactor-core-3.6.10.jar:3.6.10]
		at reactor.core.publisher.InternalMonoOperator.subscribe(InternalMonoOperator.java:76) ~[reactor-core-3.6.10.jar:3.6.10]
		at reactor.core.publisher.MonoDefer.subscribe(MonoDefer.java:53) ~[reactor-core-3.6.10.jar:3.6.10]
		at reactor.core.publisher.MonoDefer.subscribe(MonoDefer.java:53) ~[reactor-core-3.6.10.jar:3.6.10]
		at reactor.core.publisher.MonoDefer.subscribe(MonoDefer.java:53) ~[reactor-core-3.6.10.jar:3.6.10]
		at reactor.core.publisher.InternalMonoOperator.subscribe(InternalMonoOperator.java:76) ~[reactor-core-3.6.10.jar:3.6.10]
		at reactor.core.publisher.MonoDefer.subscribe(MonoDefer.java:53) ~[reactor-core-3.6.10.jar:3.6.10]
		at reactor.core.publisher.Mono.subscribe(Mono.java:4576) ~[reactor-core-3.6.10.jar:3.6.10]
		at reactor.core.publisher.MonoIgnoreThen$ThenIgnoreMain.subscribeNext(MonoIgnoreThen.java:265) ~[reactor-core-3.6.10.jar:3.6.10]
		at reactor.core.publisher.MonoIgnoreThen.subscribe(MonoIgnoreThen.java:51) ~[reactor-core-3.6.10.jar:3.6.10]
		at reactor.core.publisher.InternalMonoOperator.subscribe(InternalMonoOperator.java:76) ~[reactor-core-3.6.10.jar:3.6.10]
		at reactor.core.publisher.MonoFlatMap$FlatMapMain.onNext(MonoFlatMap.java:165) ~[reactor-core-3.6.10.jar:3.6.10]
		at reactor.core.publisher.FluxOnErrorResume$ResumeSubscriber.onNext(FluxOnErrorResume.java:79) ~[reactor-core-3.6.10.jar:3.6.10]
		at reactor.core.publisher.FluxSwitchIfEmpty$SwitchIfEmptySubscriber.onNext(FluxSwitchIfEmpty.java:74) ~[reactor-core-3.6.10.jar:3.6.10]
		at reactor.core.publisher.MonoNext$NextSubscriber.onNext(MonoNext.java:82) ~[reactor-core-3.6.10.jar:3.6.10]
		at reactor.core.publisher.FluxConcatMapNoPrefetch$FluxConcatMapNoPrefetchSubscriber.innerNext(FluxConcatMapNoPrefetch.java:259) ~[reactor-core-3.6.10.jar:3.6.10]
		at reactor.core.publisher.FluxConcatMap$ConcatMapInner.onNext(FluxConcatMap.java:865) ~[reactor-core-3.6.10.jar:3.6.10]
		at reactor.core.publisher.FluxMap$MapSubscriber.onNext(FluxMap.java:122) ~[reactor-core-3.6.10.jar:3.6.10]
		at reactor.core.publisher.FluxSwitchIfEmpty$SwitchIfEmptySubscriber.onNext(FluxSwitchIfEmpty.java:74) ~[reactor-core-3.6.10.jar:3.6.10]
		at reactor.core.publisher.FluxMap$MapSubscriber.onNext(FluxMap.java:122) ~[reactor-core-3.6.10.jar:3.6.10]
		at reactor.core.publisher.FluxMap$MapSubscriber.onNext(FluxMap.java:122) ~[reactor-core-3.6.10.jar:3.6.10]
		at reactor.core.publisher.MonoNext$NextSubscriber.onNext(MonoNext.java:82) ~[reactor-core-3.6.10.jar:3.6.10]
		at reactor.core.publisher.FluxConcatMapNoPrefetch$FluxConcatMapNoPrefetchSubscriber.innerNext(FluxConcatMapNoPrefetch.java:259) ~[reactor-core-3.6.10.jar:3.6.10]
		at reactor.core.publisher.FluxConcatMap$ConcatMapInner.onNext(FluxConcatMap.java:865) ~[reactor-core-3.6.10.jar:3.6.10]
		at reactor.core.publisher.FluxOnErrorResume$ResumeSubscriber.onNext(FluxOnErrorResume.java:79) ~[reactor-core-3.6.10.jar:3.6.10]
		at reactor.core.publisher.MonoPeekTerminal$MonoTerminalPeekSubscriber.onNext(MonoPeekTerminal.java:180) ~[reactor-core-3.6.10.jar:3.6.10]
		at reactor.core.publisher.MonoFilterWhen$MonoFilterWhenMain.onNext(MonoFilterWhen.java:136) ~[reactor-core-3.6.10.jar:3.6.10]
		at reactor.core.publisher.Operators$ScalarSubscription.request(Operators.java:2571) ~[reactor-core-3.6.10.jar:3.6.10]
		at reactor.core.publisher.MonoFilterWhen$MonoFilterWhenMain.request(MonoFilterWhen.java:183) ~[reactor-core-3.6.10.jar:3.6.10]
		at reactor.core.publisher.MonoPeekTerminal$MonoTerminalPeekSubscriber.request(MonoPeekTerminal.java:139) ~[reactor-core-3.6.10.jar:3.6.10]
		at reactor.core.publisher.Operators$MultiSubscriptionSubscriber.request(Operators.java:2331) ~[reactor-core-3.6.10.jar:3.6.10]
		at reactor.core.publisher.Operators$MultiSubscriptionSubscriber.request(Operators.java:2331) ~[reactor-core-3.6.10.jar:3.6.10]
		at reactor.core.publisher.FluxConcatMapNoPrefetch$FluxConcatMapNoPrefetchSubscriber.request(FluxConcatMapNoPrefetch.java:339) ~[reactor-core-3.6.10.jar:3.6.10]
		at reactor.core.publisher.MonoNext$NextSubscriber.request(MonoNext.java:108) ~[reactor-core-3.6.10.jar:3.6.10]
		at reactor.core.publisher.FluxMap$MapSubscriber.request(FluxMap.java:164) ~[reactor-core-3.6.10.jar:3.6.10]
		at reactor.core.publisher.FluxMap$MapSubscriber.request(FluxMap.java:164) ~[reactor-core-3.6.10.jar:3.6.10]
		at reactor.core.publisher.Operators$MultiSubscriptionSubscriber.request(Operators.java:2331) ~[reactor-core-3.6.10.jar:3.6.10]
		at reactor.core.publisher.FluxMap$MapSubscriber.request(FluxMap.java:164) ~[reactor-core-3.6.10.jar:3.6.10]
		at reactor.core.publisher.Operators$MultiSubscriptionSubscriber.request(Operators.java:2331) ~[reactor-core-3.6.10.jar:3.6.10]
		at reactor.core.publisher.FluxConcatMapNoPrefetch$FluxConcatMapNoPrefetchSubscriber.request(FluxConcatMapNoPrefetch.java:339) ~[reactor-core-3.6.10.jar:3.6.10]
		at reactor.core.publisher.MonoNext$NextSubscriber.request(MonoNext.java:108) ~[reactor-core-3.6.10.jar:3.6.10]
		at reactor.core.publisher.Operators$MultiSubscriptionSubscriber.set(Operators.java:2367) ~[reactor-core-3.6.10.jar:3.6.10]
		at reactor.core.publisher.Operators$MultiSubscriptionSubscriber.onSubscribe(Operators.java:2241) ~[reactor-core-3.6.10.jar:3.6.10]
		at reactor.core.publisher.MonoNext$NextSubscriber.onSubscribe(MonoNext.java:70) ~[reactor-core-3.6.10.jar:3.6.10]
		at reactor.core.publisher.FluxConcatMapNoPrefetch$FluxConcatMapNoPrefetchSubscriber.onSubscribe(FluxConcatMapNoPrefetch.java:164) ~[reactor-core-3.6.10.jar:3.6.10]
		at reactor.core.publisher.FluxIterable.subscribe(FluxIterable.java:201) ~[reactor-core-3.6.10.jar:3.6.10]
		at reactor.core.publisher.FluxIterable.subscribe(FluxIterable.java:83) ~[reactor-core-3.6.10.jar:3.6.10]
		at reactor.core.publisher.InternalMonoOperator.subscribe(InternalMonoOperator.java:76) ~[reactor-core-3.6.10.jar:3.6.10]
		at reactor.core.publisher.MonoDefer.subscribe(MonoDefer.java:53) ~[reactor-core-3.6.10.jar:3.6.10]
		at reactor.core.publisher.InternalMonoOperator.subscribe(InternalMonoOperator.java:76) ~[reactor-core-3.6.10.jar:3.6.10]
		at reactor.core.publisher.MonoDefer.subscribe(MonoDefer.java:53) ~[reactor-core-3.6.10.jar:3.6.10]
		at reactor.core.publisher.Mono.subscribe(Mono.java:4576) ~[reactor-core-3.6.10.jar:3.6.10]
		at reactor.core.publisher.MonoIgnoreThen$ThenIgnoreMain.subscribeNext(MonoIgnoreThen.java:265) ~[reactor-core-3.6.10.jar:3.6.10]
		at reactor.core.publisher.MonoIgnoreThen.subscribe(MonoIgnoreThen.java:51) ~[reactor-core-3.6.10.jar:3.6.10]
		at reactor.core.publisher.Mono.subscribe(Mono.java:4576) ~[reactor-core-3.6.10.jar:3.6.10]
		at org.springframework.http.server.reactive.ServletHttpHandlerAdapter.service(ServletHttpHandlerAdapter.java:199) ~[spring-web-6.1.13.jar:6.1.13]
		at org.apache.catalina.core.ApplicationFilterChain.internalDoFilter(ApplicationFilterChain.java:195) ~[tomcat-embed-core-10.1.30.jar:10.1.30]
		at org.apache.catalina.core.ApplicationFilterChain.doFilter(ApplicationFilterChain.java:140) ~[tomcat-embed-core-10.1.30.jar:10.1.30]
		at org.apache.tomcat.websocket.server.WsFilter.doFilter(WsFilter.java:51) ~[tomcat-embed-websocket-10.1.30.jar:10.1.30]
		at org.apache.catalina.core.ApplicationFilterChain.internalDoFilter(ApplicationFilterChain.java:164) ~[tomcat-embed-core-10.1.30.jar:10.1.30]
		at org.apache.catalina.core.ApplicationFilterChain.doFilter(ApplicationFilterChain.java:140) ~[tomcat-embed-core-10.1.30.jar:10.1.30]
		at org.apache.catalina.core.StandardWrapperValve.invoke(StandardWrapperValve.java:167) ~[tomcat-embed-core-10.1.30.jar:10.1.30]
		at org.apache.catalina.core.StandardContextValve.invoke(StandardContextValve.java:90) ~[tomcat-embed-core-10.1.30.jar:10.1.30]
		at org.apache.catalina.authenticator.AuthenticatorBase.invoke(AuthenticatorBase.java:483) ~[tomcat-embed-core-10.1.30.jar:10.1.30]
		at org.apache.catalina.core.StandardHostValve.invoke(StandardHostValve.java:115) ~[tomcat-embed-core-10.1.30.jar:10.1.30]
		at org.apache.catalina.valves.ErrorReportValve.invoke(ErrorReportValve.java:93) ~[tomcat-embed-core-10.1.30.jar:10.1.30]
		at org.apache.catalina.core.StandardEngineValve.invoke(StandardEngineValve.java:74) ~[tomcat-embed-core-10.1.30.jar:10.1.30]
		at org.apache.catalina.connector.CoyoteAdapter.service(CoyoteAdapter.java:344) ~[tomcat-embed-core-10.1.30.jar:10.1.30]
		at org.apache.coyote.http11.Http11Processor.service(Http11Processor.java:384) ~[tomcat-embed-core-10.1.30.jar:10.1.30]
		at org.apache.coyote.AbstractProcessorLight.process(AbstractProcessorLight.java:63) ~[tomcat-embed-core-10.1.30.jar:10.1.30]
		at org.apache.coyote.AbstractProtocol$ConnectionHandler.process(AbstractProtocol.java:905) ~[tomcat-embed-core-10.1.30.jar:10.1.30]
		at org.apache.tomcat.util.net.NioEndpoint$SocketProcessor.doRun(NioEndpoint.java:1741) ~[tomcat-embed-core-10.1.30.jar:10.1.30]
		at org.apache.tomcat.util.net.SocketProcessorBase.run(SocketProcessorBase.java:52) ~[tomcat-embed-core-10.1.30.jar:10.1.30]
		at org.apache.tomcat.util.threads.ThreadPoolExecutor.runWorker(ThreadPoolExecutor.java:1190) ~[tomcat-embed-core-10.1.30.jar:10.1.30]
		at org.apache.tomcat.util.threads.ThreadPoolExecutor$Worker.run(ThreadPoolExecutor.java:659) ~[tomcat-embed-core-10.1.30.jar:10.1.30]
		at org.apache.tomcat.util.threads.TaskThread$WrappingRunnable.run(TaskThread.java:63) ~[tomcat-embed-core-10.1.30.jar:10.1.30]
		at java.base/java.lang.Thread.run(Thread.java:1575) ~[na:na]

17:24:09:518 ERROR 23996 --- [gateway] [http-nio-8080-exec-9] a.w.r.e.AbstractErrorWebExceptionHandler : [4ca499b]  500 Server Error for HTTP GET "/ws"

java.lang.ClassCastException: class org.apache.catalina.connector.ResponseFacade cannot be cast to class reactor.netty.http.server.HttpServerResponse (org.apache.catalina.connector.ResponseFacade and reactor.netty.http.server.HttpServerResponse are in unnamed module of loader 'app')
	at org.springframework.web.reactive.socket.server.upgrade.ReactorNettyRequestUpgradeStrategy.upgrade(ReactorNettyRequestUpgradeStrategy.java:163) ~[spring-webflux-6.1.13.jar:6.1.13]
	Suppressed: reactor.core.publisher.FluxOnAssembly$OnAssemblyException: 
Error has been observed at the following site(s):
	*__checkpoint ⇢ org.springframework.cloud.gateway.filter.WeightCalculatorWebFilter [DefaultWebFilterChain]
	*__checkpoint ⇢ HTTP GET "/ws" [ExceptionHandlingWebHandler]
Original Stack Trace:
		at org.springframework.web.reactive.socket.server.upgrade.ReactorNettyRequestUpgradeStrategy.upgrade(ReactorNettyRequestUpgradeStrategy.java:163) ~[spring-webflux-6.1.13.jar:6.1.13]
		at org.springframework.web.reactive.socket.server.support.HandshakeWebSocketService.lambda$handleRequest$1(HandshakeWebSocketService.java:221) ~[spring-webflux-6.1.13.jar:6.1.13]
		at reactor.core.publisher.FluxFlatMap.trySubscribeScalarMap(FluxFlatMap.java:153) ~[reactor-core-3.6.10.jar:3.6.10]
		at reactor.core.publisher.MonoFlatMap.subscribeOrReturn(MonoFlatMap.java:53) ~[reactor-core-3.6.10.jar:3.6.10]
		at reactor.core.publisher.InternalMonoOperator.subscribe(InternalMonoOperator.java:63) ~[reactor-core-3.6.10.jar:3.6.10]
		at reactor.core.publisher.MonoDefer.subscribe(MonoDefer.java:53) ~[reactor-core-3.6.10.jar:3.6.10]
		at reactor.core.publisher.MonoDefer.subscribe(MonoDefer.java:53) ~[reactor-core-3.6.10.jar:3.6.10]
		at reactor.core.publisher.MonoIgnoreThen$ThenIgnoreMain.subscribeNext(MonoIgnoreThen.java:241) ~[reactor-core-3.6.10.jar:3.6.10]
		at reactor.core.publisher.MonoIgnoreThen$ThenIgnoreMain.onComplete(MonoIgnoreThen.java:204) ~[reactor-core-3.6.10.jar:3.6.10]
		at reactor.core.publisher.FluxPeek$PeekSubscriber.onComplete(FluxPeek.java:260) ~[reactor-core-3.6.10.jar:3.6.10]
		at reactor.core.publisher.FluxMap$MapSubscriber.onComplete(FluxMap.java:144) ~[reactor-core-3.6.10.jar:3.6.10]
		at reactor.core.publisher.MonoNext$NextSubscriber.onComplete(MonoNext.java:102) ~[reactor-core-3.6.10.jar:3.6.10]
		at reactor.core.publisher.MonoNext$NextSubscriber.onNext(MonoNext.java:83) ~[reactor-core-3.6.10.jar:3.6.10]
		at reactor.core.publisher.FluxDematerialize$DematerializeSubscriber.onNext(FluxDematerialize.java:98) ~[reactor-core-3.6.10.jar:3.6.10]
		at reactor.core.publisher.FluxDematerialize$DematerializeSubscriber.onNext(FluxDematerialize.java:44) ~[reactor-core-3.6.10.jar:3.6.10]
		at reactor.core.publisher.FluxFlattenIterable$FlattenIterableSubscriber.drainAsync(FluxFlattenIterable.java:453) ~[reactor-core-3.6.10.jar:3.6.10]
		at reactor.core.publisher.FluxFlattenIterable$FlattenIterableSubscriber.drain(FluxFlattenIterable.java:724) ~[reactor-core-3.6.10.jar:3.6.10]
		at reactor.core.publisher.FluxFlattenIterable$FlattenIterableSubscriber.onNext(FluxFlattenIterable.java:256) ~[reactor-core-3.6.10.jar:3.6.10]
		at reactor.core.publisher.FluxSwitchIfEmpty$SwitchIfEmptySubscriber.onNext(FluxSwitchIfEmpty.java:74) ~[reactor-core-3.6.10.jar:3.6.10]
		at reactor.core.publisher.Operators$BaseFluxToMonoOperator.completePossiblyEmpty(Operators.java:2097) ~[reactor-core-3.6.10.jar:3.6.10]
		at reactor.core.publisher.MonoCollectList$MonoCollectListSubscriber.onComplete(MonoCollectList.java:118) ~[reactor-core-3.6.10.jar:3.6.10]
		at reactor.core.publisher.DrainUtils.postCompleteDrain(DrainUtils.java:132) ~[reactor-core-3.6.10.jar:3.6.10]
		at reactor.core.publisher.DrainUtils.postComplete(DrainUtils.java:187) ~[reactor-core-3.6.10.jar:3.6.10]
		at reactor.core.publisher.FluxMaterialize$MaterializeSubscriber.onComplete(FluxMaterialize.java:141) ~[reactor-core-3.6.10.jar:3.6.10]
		at reactor.core.publisher.Operators$ScalarSubscription.request(Operators.java:2573) ~[reactor-core-3.6.10.jar:3.6.10]
		at reactor.core.publisher.FluxMaterialize$MaterializeSubscriber.request(FluxMaterialize.java:148) ~[reactor-core-3.6.10.jar:3.6.10]
		at reactor.core.publisher.Operators$BaseFluxToMonoOperator.request(Operators.java:2067) ~[reactor-core-3.6.10.jar:3.6.10]
		at reactor.core.publisher.Operators$MultiSubscriptionSubscriber.set(Operators.java:2367) ~[reactor-core-3.6.10.jar:3.6.10]
		at reactor.core.publisher.Operators$MultiSubscriptionSubscriber.onSubscribe(Operators.java:2241) ~[reactor-core-3.6.10.jar:3.6.10]
		at reactor.core.publisher.Operators$BaseFluxToMonoOperator.onSubscribe(Operators.java:2051) ~[reactor-core-3.6.10.jar:3.6.10]
		at reactor.core.publisher.FluxMaterialize$MaterializeSubscriber.onSubscribe(FluxMaterialize.java:103) ~[reactor-core-3.6.10.jar:3.6.10]
		at reactor.core.publisher.FluxJust.subscribe(FluxJust.java:68) ~[reactor-core-3.6.10.jar:3.6.10]
		at reactor.core.publisher.InternalFluxOperator.subscribe(InternalFluxOperator.java:68) ~[reactor-core-3.6.10.jar:3.6.10]
		at reactor.core.publisher.FluxDefer.subscribe(FluxDefer.java:54) ~[reactor-core-3.6.10.jar:3.6.10]
		at reactor.core.publisher.Mono.subscribe(Mono.java:4576) ~[reactor-core-3.6.10.jar:3.6.10]
		at reactor.core.publisher.MonoIgnoreThen$ThenIgnoreMain.subscribeNext(MonoIgnoreThen.java:265) ~[reactor-core-3.6.10.jar:3.6.10]
		at reactor.core.publisher.MonoIgnoreThen.subscribe(MonoIgnoreThen.java:51) ~[reactor-core-3.6.10.jar:3.6.10]
		at reactor.core.publisher.InternalMonoOperator.subscribe(InternalMonoOperator.java:76) ~[reactor-core-3.6.10.jar:3.6.10]
		at reactor.core.publisher.MonoDefer.subscribe(MonoDefer.java:53) ~[reactor-core-3.6.10.jar:3.6.10]
		at reactor.core.publisher.MonoDefer.subscribe(MonoDefer.java:53) ~[reactor-core-3.6.10.jar:3.6.10]
		at reactor.core.publisher.MonoDefer.subscribe(MonoDefer.java:53) ~[reactor-core-3.6.10.jar:3.6.10]
		at reactor.core.publisher.MonoDefer.subscribe(MonoDefer.java:53) ~[reactor-core-3.6.10.jar:3.6.10]
		at reactor.core.publisher.Mono.subscribe(Mono.java:4576) ~[reactor-core-3.6.10.jar:3.6.10]
		at reactor.core.publisher.MonoIgnoreThen$ThenIgnoreMain.subscribeNext(MonoIgnoreThen.java:265) ~[reactor-core-3.6.10.jar:3.6.10]
		at reactor.core.publisher.MonoIgnoreThen.subscribe(MonoIgnoreThen.java:51) ~[reactor-core-3.6.10.jar:3.6.10]
		at reactor.core.publisher.InternalMonoOperator.subscribe(InternalMonoOperator.java:76) ~[reactor-core-3.6.10.jar:3.6.10]
		at reactor.core.publisher.MonoDefer.subscribe(MonoDefer.java:53) ~[reactor-core-3.6.10.jar:3.6.10]
		at reactor.core.publisher.MonoDefer.subscribe(MonoDefer.java:53) ~[reactor-core-3.6.10.jar:3.6.10]
		at reactor.core.publisher.MonoDefer.subscribe(MonoDefer.java:53) ~[reactor-core-3.6.10.jar:3.6.10]
		at reactor.core.publisher.InternalMonoOperator.subscribe(InternalMonoOperator.java:76) ~[reactor-core-3.6.10.jar:3.6.10]
		at reactor.core.publisher.MonoDefer.subscribe(MonoDefer.java:53) ~[reactor-core-3.6.10.jar:3.6.10]
		at reactor.core.publisher.Mono.subscribe(Mono.java:4576) ~[reactor-core-3.6.10.jar:3.6.10]
		at reactor.core.publisher.MonoIgnoreThen$ThenIgnoreMain.subscribeNext(MonoIgnoreThen.java:265) ~[reactor-core-3.6.10.jar:3.6.10]
		at reactor.core.publisher.MonoIgnoreThen.subscribe(MonoIgnoreThen.java:51) ~[reactor-core-3.6.10.jar:3.6.10]
		at reactor.core.publisher.InternalMonoOperator.subscribe(InternalMonoOperator.java:76) ~[reactor-core-3.6.10.jar:3.6.10]
		at reactor.core.publisher.MonoFlatMap$FlatMapMain.onNext(MonoFlatMap.java:165) ~[reactor-core-3.6.10.jar:3.6.10]
		at reactor.core.publisher.FluxOnErrorResume$ResumeSubscriber.onNext(FluxOnErrorResume.java:79) ~[reactor-core-3.6.10.jar:3.6.10]
		at reactor.core.publisher.FluxSwitchIfEmpty$SwitchIfEmptySubscriber.onNext(FluxSwitchIfEmpty.java:74) ~[reactor-core-3.6.10.jar:3.6.10]
		at reactor.core.publisher.MonoNext$NextSubscriber.onNext(MonoNext.java:82) ~[reactor-core-3.6.10.jar:3.6.10]
		at reactor.core.publisher.FluxConcatMapNoPrefetch$FluxConcatMapNoPrefetchSubscriber.innerNext(FluxConcatMapNoPrefetch.java:259) ~[reactor-core-3.6.10.jar:3.6.10]
		at reactor.core.publisher.FluxConcatMap$ConcatMapInner.onNext(FluxConcatMap.java:865) ~[reactor-core-3.6.10.jar:3.6.10]
		at reactor.core.publisher.FluxMap$MapSubscriber.onNext(FluxMap.java:122) ~[reactor-core-3.6.10.jar:3.6.10]
		at reactor.core.publisher.FluxSwitchIfEmpty$SwitchIfEmptySubscriber.onNext(FluxSwitchIfEmpty.java:74) ~[reactor-core-3.6.10.jar:3.6.10]
		at reactor.core.publisher.FluxMap$MapSubscriber.onNext(FluxMap.java:122) ~[reactor-core-3.6.10.jar:3.6.10]
		at reactor.core.publisher.FluxMap$MapSubscriber.onNext(FluxMap.java:122) ~[reactor-core-3.6.10.jar:3.6.10]
		at reactor.core.publisher.MonoNext$NextSubscriber.onNext(MonoNext.java:82) ~[reactor-core-3.6.10.jar:3.6.10]
		at reactor.core.publisher.FluxConcatMapNoPrefetch$FluxConcatMapNoPrefetchSubscriber.innerNext(FluxConcatMapNoPrefetch.java:259) ~[reactor-core-3.6.10.jar:3.6.10]
		at reactor.core.publisher.FluxConcatMap$ConcatMapInner.onNext(FluxConcatMap.java:865) ~[reactor-core-3.6.10.jar:3.6.10]
		at reactor.core.publisher.FluxOnErrorResume$ResumeSubscriber.onNext(FluxOnErrorResume.java:79) ~[reactor-core-3.6.10.jar:3.6.10]
		at reactor.core.publisher.MonoPeekTerminal$MonoTerminalPeekSubscriber.onNext(MonoPeekTerminal.java:180) ~[reactor-core-3.6.10.jar:3.6.10]
		at reactor.core.publisher.MonoFilterWhen$MonoFilterWhenMain.onNext(MonoFilterWhen.java:136) ~[reactor-core-3.6.10.jar:3.6.10]
		at reactor.core.publisher.Operators$ScalarSubscription.request(Operators.java:2571) ~[reactor-core-3.6.10.jar:3.6.10]
		at reactor.core.publisher.MonoFilterWhen$MonoFilterWhenMain.request(MonoFilterWhen.java:183) ~[reactor-core-3.6.10.jar:3.6.10]
		at reactor.core.publisher.MonoPeekTerminal$MonoTerminalPeekSubscriber.request(MonoPeekTerminal.java:139) ~[reactor-core-3.6.10.jar:3.6.10]
		at reactor.core.publisher.Operators$MultiSubscriptionSubscriber.request(Operators.java:2331) ~[reactor-core-3.6.10.jar:3.6.10]
		at reactor.core.publisher.Operators$MultiSubscriptionSubscriber.request(Operators.java:2331) ~[reactor-core-3.6.10.jar:3.6.10]
		at reactor.core.publisher.FluxConcatMapNoPrefetch$FluxConcatMapNoPrefetchSubscriber.request(FluxConcatMapNoPrefetch.java:339) ~[reactor-core-3.6.10.jar:3.6.10]
		at reactor.core.publisher.MonoNext$NextSubscriber.request(MonoNext.java:108) ~[reactor-core-3.6.10.jar:3.6.10]
		at reactor.core.publisher.FluxMap$MapSubscriber.request(FluxMap.java:164) ~[reactor-core-3.6.10.jar:3.6.10]
		at reactor.core.publisher.FluxMap$MapSubscriber.request(FluxMap.java:164) ~[reactor-core-3.6.10.jar:3.6.10]
		at reactor.core.publisher.Operators$MultiSubscriptionSubscriber.request(Operators.java:2331) ~[reactor-core-3.6.10.jar:3.6.10]
		at reactor.core.publisher.FluxMap$MapSubscriber.request(FluxMap.java:164) ~[reactor-core-3.6.10.jar:3.6.10]
		at reactor.core.publisher.Operators$MultiSubscriptionSubscriber.request(Operators.java:2331) ~[reactor-core-3.6.10.jar:3.6.10]
		at reactor.core.publisher.FluxConcatMapNoPrefetch$FluxConcatMapNoPrefetchSubscriber.request(FluxConcatMapNoPrefetch.java:339) ~[reactor-core-3.6.10.jar:3.6.10]
		at reactor.core.publisher.MonoNext$NextSubscriber.request(MonoNext.java:108) ~[reactor-core-3.6.10.jar:3.6.10]
		at reactor.core.publisher.Operators$MultiSubscriptionSubscriber.set(Operators.java:2367) ~[reactor-core-3.6.10.jar:3.6.10]
		at reactor.core.publisher.Operators$MultiSubscriptionSubscriber.onSubscribe(Operators.java:2241) ~[reactor-core-3.6.10.jar:3.6.10]
		at reactor.core.publisher.MonoNext$NextSubscriber.onSubscribe(MonoNext.java:70) ~[reactor-core-3.6.10.jar:3.6.10]
		at reactor.core.publisher.FluxConcatMapNoPrefetch$FluxConcatMapNoPrefetchSubscriber.onSubscribe(FluxConcatMapNoPrefetch.java:164) ~[reactor-core-3.6.10.jar:3.6.10]
		at reactor.core.publisher.FluxIterable.subscribe(FluxIterable.java:201) ~[reactor-core-3.6.10.jar:3.6.10]
		at reactor.core.publisher.FluxIterable.subscribe(FluxIterable.java:83) ~[reactor-core-3.6.10.jar:3.6.10]
		at reactor.core.publisher.InternalMonoOperator.subscribe(InternalMonoOperator.java:76) ~[reactor-core-3.6.10.jar:3.6.10]
		at reactor.core.publisher.MonoDefer.subscribe(MonoDefer.java:53) ~[reactor-core-3.6.10.jar:3.6.10]
		at reactor.core.publisher.InternalMonoOperator.subscribe(InternalMonoOperator.java:76) ~[reactor-core-3.6.10.jar:3.6.10]
		at reactor.core.publisher.MonoDefer.subscribe(MonoDefer.java:53) ~[reactor-core-3.6.10.jar:3.6.10]
		at reactor.core.publisher.Mono.subscribe(Mono.java:4576) ~[reactor-core-3.6.10.jar:3.6.10]
		at reactor.core.publisher.MonoIgnoreThen$ThenIgnoreMain.subscribeNext(MonoIgnoreThen.java:265) ~[reactor-core-3.6.10.jar:3.6.10]
		at reactor.core.publisher.MonoIgnoreThen.subscribe(MonoIgnoreThen.java:51) ~[reactor-core-3.6.10.jar:3.6.10]
		at reactor.core.publisher.Mono.subscribe(Mono.java:4576) ~[reactor-core-3.6.10.jar:3.6.10]
		at org.springframework.http.server.reactive.ServletHttpHandlerAdapter.service(ServletHttpHandlerAdapter.java:199) ~[spring-web-6.1.13.jar:6.1.13]
		at org.apache.catalina.core.ApplicationFilterChain.internalDoFilter(ApplicationFilterChain.java:195) ~[tomcat-embed-core-10.1.30.jar:10.1.30]
		at org.apache.catalina.core.ApplicationFilterChain.doFilter(ApplicationFilterChain.java:140) ~[tomcat-embed-core-10.1.30.jar:10.1.30]
		at org.apache.tomcat.websocket.server.WsFilter.doFilter(WsFilter.java:51) ~[tomcat-embed-websocket-10.1.30.jar:10.1.30]
		at org.apache.catalina.core.ApplicationFilterChain.internalDoFilter(ApplicationFilterChain.java:164) ~[tomcat-embed-core-10.1.30.jar:10.1.30]
		at org.apache.catalina.core.ApplicationFilterChain.doFilter(ApplicationFilterChain.java:140) ~[tomcat-embed-core-10.1.30.jar:10.1.30]
		at org.apache.catalina.core.StandardWrapperValve.invoke(StandardWrapperValve.java:167) ~[tomcat-embed-core-10.1.30.jar:10.1.30]
		at org.apache.catalina.core.StandardContextValve.invoke(StandardContextValve.java:90) ~[tomcat-embed-core-10.1.30.jar:10.1.30]
		at org.apache.catalina.authenticator.AuthenticatorBase.invoke(AuthenticatorBase.java:483) ~[tomcat-embed-core-10.1.30.jar:10.1.30]
		at org.apache.catalina.core.StandardHostValve.invoke(StandardHostValve.java:115) ~[tomcat-embed-core-10.1.30.jar:10.1.30]
		at org.apache.catalina.valves.ErrorReportValve.invoke(ErrorReportValve.java:93) ~[tomcat-embed-core-10.1.30.jar:10.1.30]
		at org.apache.catalina.core.StandardEngineValve.invoke(StandardEngineValve.java:74) ~[tomcat-embed-core-10.1.30.jar:10.1.30]
		at org.apache.catalina.connector.CoyoteAdapter.service(CoyoteAdapter.java:344) ~[tomcat-embed-core-10.1.30.jar:10.1.30]
		at org.apache.coyote.http11.Http11Processor.service(Http11Processor.java:384) ~[tomcat-embed-core-10.1.30.jar:10.1.30]
		at org.apache.coyote.AbstractProcessorLight.process(AbstractProcessorLight.java:63) ~[tomcat-embed-core-10.1.30.jar:10.1.30]
		at org.apache.coyote.AbstractProtocol$ConnectionHandler.process(AbstractProtocol.java:905) ~[tomcat-embed-core-10.1.30.jar:10.1.30]
		at org.apache.tomcat.util.net.NioEndpoint$SocketProcessor.doRun(NioEndpoint.java:1741) ~[tomcat-embed-core-10.1.30.jar:10.1.30]
		at org.apache.tomcat.util.net.SocketProcessorBase.run(SocketProcessorBase.java:52) ~[tomcat-embed-core-10.1.30.jar:10.1.30]
		at org.apache.tomcat.util.threads.ThreadPoolExecutor.runWorker(ThreadPoolExecutor.java:1190) ~[tomcat-embed-core-10.1.30.jar:10.1.30]
		at org.apache.tomcat.util.threads.ThreadPoolExecutor$Worker.run(ThreadPoolExecutor.java:659) ~[tomcat-embed-core-10.1.30.jar:10.1.30]
		at org.apache.tomcat.util.threads.TaskThread$WrappingRunnable.run(TaskThread.java:63) ~[tomcat-embed-core-10.1.30.jar:10.1.30]
		at java.base/java.lang.Thread.run(Thread.java:1575) ~[na:na]

17:24:11:780 ERROR 23996 --- [gateway] [http-nio-8080-exec-10] a.w.r.e.AbstractErrorWebExceptionHandler : [333f14be]  500 Server Error for HTTP GET "/ws"

java.lang.ClassCastException: class org.apache.catalina.connector.ResponseFacade cannot be cast to class reactor.netty.http.server.HttpServerResponse (org.apache.catalina.connector.ResponseFacade and reactor.netty.http.server.HttpServerResponse are in unnamed module of loader 'app')
	at org.springframework.web.reactive.socket.server.upgrade.ReactorNettyRequestUpgradeStrategy.upgrade(ReactorNettyRequestUpgradeStrategy.java:163) ~[spring-webflux-6.1.13.jar:6.1.13]
	Suppressed: reactor.core.publisher.FluxOnAssembly$OnAssemblyException: 
Error has been observed at the following site(s):
	*__checkpoint ⇢ org.springframework.cloud.gateway.filter.WeightCalculatorWebFilter [DefaultWebFilterChain]
	*__checkpoint ⇢ HTTP GET "/ws" [ExceptionHandlingWebHandler]
Original Stack Trace:
		at org.springframework.web.reactive.socket.server.upgrade.ReactorNettyRequestUpgradeStrategy.upgrade(ReactorNettyRequestUpgradeStrategy.java:163) ~[spring-webflux-6.1.13.jar:6.1.13]
		at org.springframework.web.reactive.socket.server.support.HandshakeWebSocketService.lambda$handleRequest$1(HandshakeWebSocketService.java:221) ~[spring-webflux-6.1.13.jar:6.1.13]
		at reactor.core.publisher.FluxFlatMap.trySubscribeScalarMap(FluxFlatMap.java:153) ~[reactor-core-3.6.10.jar:3.6.10]
		at reactor.core.publisher.MonoFlatMap.subscribeOrReturn(MonoFlatMap.java:53) ~[reactor-core-3.6.10.jar:3.6.10]
		at reactor.core.publisher.InternalMonoOperator.subscribe(InternalMonoOperator.java:63) ~[reactor-core-3.6.10.jar:3.6.10]
		at reactor.core.publisher.MonoDefer.subscribe(MonoDefer.java:53) ~[reactor-core-3.6.10.jar:3.6.10]
		at reactor.core.publisher.MonoDefer.subscribe(MonoDefer.java:53) ~[reactor-core-3.6.10.jar:3.6.10]
		at reactor.core.publisher.MonoIgnoreThen$ThenIgnoreMain.subscribeNext(MonoIgnoreThen.java:241) ~[reactor-core-3.6.10.jar:3.6.10]
		at reactor.core.publisher.MonoIgnoreThen$ThenIgnoreMain.onComplete(MonoIgnoreThen.java:204) ~[reactor-core-3.6.10.jar:3.6.10]
		at reactor.core.publisher.FluxPeek$PeekSubscriber.onComplete(FluxPeek.java:260) ~[reactor-core-3.6.10.jar:3.6.10]
		at reactor.core.publisher.FluxMap$MapSubscriber.onComplete(FluxMap.java:144) ~[reactor-core-3.6.10.jar:3.6.10]
		at reactor.core.publisher.MonoNext$NextSubscriber.onComplete(MonoNext.java:102) ~[reactor-core-3.6.10.jar:3.6.10]
		at reactor.core.publisher.MonoNext$NextSubscriber.onNext(MonoNext.java:83) ~[reactor-core-3.6.10.jar:3.6.10]
		at reactor.core.publisher.FluxDematerialize$DematerializeSubscriber.onNext(FluxDematerialize.java:98) ~[reactor-core-3.6.10.jar:3.6.10]
		at reactor.core.publisher.FluxDematerialize$DematerializeSubscriber.onNext(FluxDematerialize.java:44) ~[reactor-core-3.6.10.jar:3.6.10]
		at reactor.core.publisher.FluxFlattenIterable$FlattenIterableSubscriber.drainAsync(FluxFlattenIterable.java:453) ~[reactor-core-3.6.10.jar:3.6.10]
		at reactor.core.publisher.FluxFlattenIterable$FlattenIterableSubscriber.drain(FluxFlattenIterable.java:724) ~[reactor-core-3.6.10.jar:3.6.10]
		at reactor.core.publisher.FluxFlattenIterable$FlattenIterableSubscriber.onNext(FluxFlattenIterable.java:256) ~[reactor-core-3.6.10.jar:3.6.10]
		at reactor.core.publisher.FluxSwitchIfEmpty$SwitchIfEmptySubscriber.onNext(FluxSwitchIfEmpty.java:74) ~[reactor-core-3.6.10.jar:3.6.10]
		at reactor.core.publisher.Operators$BaseFluxToMonoOperator.completePossiblyEmpty(Operators.java:2097) ~[reactor-core-3.6.10.jar:3.6.10]
		at reactor.core.publisher.MonoCollectList$MonoCollectListSubscriber.onComplete(MonoCollectList.java:118) ~[reactor-core-3.6.10.jar:3.6.10]
		at reactor.core.publisher.DrainUtils.postCompleteDrain(DrainUtils.java:132) ~[reactor-core-3.6.10.jar:3.6.10]
		at reactor.core.publisher.DrainUtils.postComplete(DrainUtils.java:187) ~[reactor-core-3.6.10.jar:3.6.10]
		at reactor.core.publisher.FluxMaterialize$MaterializeSubscriber.onComplete(FluxMaterialize.java:141) ~[reactor-core-3.6.10.jar:3.6.10]
		at reactor.core.publisher.Operators$ScalarSubscription.request(Operators.java:2573) ~[reactor-core-3.6.10.jar:3.6.10]
		at reactor.core.publisher.FluxMaterialize$MaterializeSubscriber.request(FluxMaterialize.java:148) ~[reactor-core-3.6.10.jar:3.6.10]
		at reactor.core.publisher.Operators$BaseFluxToMonoOperator.request(Operators.java:2067) ~[reactor-core-3.6.10.jar:3.6.10]
		at reactor.core.publisher.Operators$MultiSubscriptionSubscriber.set(Operators.java:2367) ~[reactor-core-3.6.10.jar:3.6.10]
		at reactor.core.publisher.Operators$MultiSubscriptionSubscriber.onSubscribe(Operators.java:2241) ~[reactor-core-3.6.10.jar:3.6.10]
		at reactor.core.publisher.Operators$BaseFluxToMonoOperator.onSubscribe(Operators.java:2051) ~[reactor-core-3.6.10.jar:3.6.10]
		at reactor.core.publisher.FluxMaterialize$MaterializeSubscriber.onSubscribe(FluxMaterialize.java:103) ~[reactor-core-3.6.10.jar:3.6.10]
		at reactor.core.publisher.FluxJust.subscribe(FluxJust.java:68) ~[reactor-core-3.6.10.jar:3.6.10]
		at reactor.core.publisher.InternalFluxOperator.subscribe(InternalFluxOperator.java:68) ~[reactor-core-3.6.10.jar:3.6.10]
		at reactor.core.publisher.FluxDefer.subscribe(FluxDefer.java:54) ~[reactor-core-3.6.10.jar:3.6.10]
		at reactor.core.publisher.Mono.subscribe(Mono.java:4576) ~[reactor-core-3.6.10.jar:3.6.10]
		at reactor.core.publisher.MonoIgnoreThen$ThenIgnoreMain.subscribeNext(MonoIgnoreThen.java:265) ~[reactor-core-3.6.10.jar:3.6.10]
		at reactor.core.publisher.MonoIgnoreThen.subscribe(MonoIgnoreThen.java:51) ~[reactor-core-3.6.10.jar:3.6.10]
		at reactor.core.publisher.InternalMonoOperator.subscribe(InternalMonoOperator.java:76) ~[reactor-core-3.6.10.jar:3.6.10]
		at reactor.core.publisher.MonoDefer.subscribe(MonoDefer.java:53) ~[reactor-core-3.6.10.jar:3.6.10]
		at reactor.core.publisher.MonoDefer.subscribe(MonoDefer.java:53) ~[reactor-core-3.6.10.jar:3.6.10]
		at reactor.core.publisher.MonoDefer.subscribe(MonoDefer.java:53) ~[reactor-core-3.6.10.jar:3.6.10]
		at reactor.core.publisher.MonoDefer.subscribe(MonoDefer.java:53) ~[reactor-core-3.6.10.jar:3.6.10]
		at reactor.core.publisher.Mono.subscribe(Mono.java:4576) ~[reactor-core-3.6.10.jar:3.6.10]
		at reactor.core.publisher.MonoIgnoreThen$ThenIgnoreMain.subscribeNext(MonoIgnoreThen.java:265) ~[reactor-core-3.6.10.jar:3.6.10]
		at reactor.core.publisher.MonoIgnoreThen.subscribe(MonoIgnoreThen.java:51) ~[reactor-core-3.6.10.jar:3.6.10]
		at reactor.core.publisher.InternalMonoOperator.subscribe(InternalMonoOperator.java:76) ~[reactor-core-3.6.10.jar:3.6.10]
		at reactor.core.publisher.MonoDefer.subscribe(MonoDefer.java:53) ~[reactor-core-3.6.10.jar:3.6.10]
		at reactor.core.publisher.MonoDefer.subscribe(MonoDefer.java:53) ~[reactor-core-3.6.10.jar:3.6.10]
		at reactor.core.publisher.MonoDefer.subscribe(MonoDefer.java:53) ~[reactor-core-3.6.10.jar:3.6.10]
		at reactor.core.publisher.InternalMonoOperator.subscribe(InternalMonoOperator.java:76) ~[reactor-core-3.6.10.jar:3.6.10]
		at reactor.core.publisher.MonoDefer.subscribe(MonoDefer.java:53) ~[reactor-core-3.6.10.jar:3.6.10]
		at reactor.core.publisher.Mono.subscribe(Mono.java:4576) ~[reactor-core-3.6.10.jar:3.6.10]
		at reactor.core.publisher.MonoIgnoreThen$ThenIgnoreMain.subscribeNext(MonoIgnoreThen.java:265) ~[reactor-core-3.6.10.jar:3.6.10]
		at reactor.core.publisher.MonoIgnoreThen.subscribe(MonoIgnoreThen.java:51) ~[reactor-core-3.6.10.jar:3.6.10]
		at reactor.core.publisher.InternalMonoOperator.subscribe(InternalMonoOperator.java:76) ~[reactor-core-3.6.10.jar:3.6.10]
		at reactor.core.publisher.MonoFlatMap$FlatMapMain.onNext(MonoFlatMap.java:165) ~[reactor-core-3.6.10.jar:3.6.10]
		at reactor.core.publisher.FluxOnErrorResume$ResumeSubscriber.onNext(FluxOnErrorResume.java:79) ~[reactor-core-3.6.10.jar:3.6.10]
		at reactor.core.publisher.FluxSwitchIfEmpty$SwitchIfEmptySubscriber.onNext(FluxSwitchIfEmpty.java:74) ~[reactor-core-3.6.10.jar:3.6.10]
		at reactor.core.publisher.MonoNext$NextSubscriber.onNext(MonoNext.java:82) ~[reactor-core-3.6.10.jar:3.6.10]
		at reactor.core.publisher.FluxConcatMapNoPrefetch$FluxConcatMapNoPrefetchSubscriber.innerNext(FluxConcatMapNoPrefetch.java:259) ~[reactor-core-3.6.10.jar:3.6.10]
		at reactor.core.publisher.FluxConcatMap$ConcatMapInner.onNext(FluxConcatMap.java:865) ~[reactor-core-3.6.10.jar:3.6.10]
		at reactor.core.publisher.FluxMap$MapSubscriber.onNext(FluxMap.java:122) ~[reactor-core-3.6.10.jar:3.6.10]
		at reactor.core.publisher.FluxSwitchIfEmpty$SwitchIfEmptySubscriber.onNext(FluxSwitchIfEmpty.java:74) ~[reactor-core-3.6.10.jar:3.6.10]
		at reactor.core.publisher.FluxMap$MapSubscriber.onNext(FluxMap.java:122) ~[reactor-core-3.6.10.jar:3.6.10]
		at reactor.core.publisher.FluxMap$MapSubscriber.onNext(FluxMap.java:122) ~[reactor-core-3.6.10.jar:3.6.10]
		at reactor.core.publisher.MonoNext$NextSubscriber.onNext(MonoNext.java:82) ~[reactor-core-3.6.10.jar:3.6.10]
		at reactor.core.publisher.FluxConcatMapNoPrefetch$FluxConcatMapNoPrefetchSubscriber.innerNext(FluxConcatMapNoPrefetch.java:259) ~[reactor-core-3.6.10.jar:3.6.10]
		at reactor.core.publisher.FluxConcatMap$ConcatMapInner.onNext(FluxConcatMap.java:865) ~[reactor-core-3.6.10.jar:3.6.10]
		at reactor.core.publisher.FluxOnErrorResume$ResumeSubscriber.onNext(FluxOnErrorResume.java:79) ~[reactor-core-3.6.10.jar:3.6.10]
		at reactor.core.publisher.MonoPeekTerminal$MonoTerminalPeekSubscriber.onNext(MonoPeekTerminal.java:180) ~[reactor-core-3.6.10.jar:3.6.10]
		at reactor.core.publisher.MonoFilterWhen$MonoFilterWhenMain.onNext(MonoFilterWhen.java:136) ~[reactor-core-3.6.10.jar:3.6.10]
		at reactor.core.publisher.Operators$ScalarSubscription.request(Operators.java:2571) ~[reactor-core-3.6.10.jar:3.6.10]
		at reactor.core.publisher.MonoFilterWhen$MonoFilterWhenMain.request(MonoFilterWhen.java:183) ~[reactor-core-3.6.10.jar:3.6.10]
		at reactor.core.publisher.MonoPeekTerminal$MonoTerminalPeekSubscriber.request(MonoPeekTerminal.java:139) ~[reactor-core-3.6.10.jar:3.6.10]
		at reactor.core.publisher.Operators$MultiSubscriptionSubscriber.request(Operators.java:2331) ~[reactor-core-3.6.10.jar:3.6.10]
		at reactor.core.publisher.Operators$MultiSubscriptionSubscriber.request(Operators.java:2331) ~[reactor-core-3.6.10.jar:3.6.10]
		at reactor.core.publisher.FluxConcatMapNoPrefetch$FluxConcatMapNoPrefetchSubscriber.request(FluxConcatMapNoPrefetch.java:339) ~[reactor-core-3.6.10.jar:3.6.10]
		at reactor.core.publisher.MonoNext$NextSubscriber.request(MonoNext.java:108) ~[reactor-core-3.6.10.jar:3.6.10]
		at reactor.core.publisher.FluxMap$MapSubscriber.request(FluxMap.java:164) ~[reactor-core-3.6.10.jar:3.6.10]
		at reactor.core.publisher.FluxMap$MapSubscriber.request(FluxMap.java:164) ~[reactor-core-3.6.10.jar:3.6.10]
		at reactor.core.publisher.Operators$MultiSubscriptionSubscriber.request(Operators.java:2331) ~[reactor-core-3.6.10.jar:3.6.10]
		at reactor.core.publisher.FluxMap$MapSubscriber.request(FluxMap.java:164) ~[reactor-core-3.6.10.jar:3.6.10]
		at reactor.core.publisher.Operators$MultiSubscriptionSubscriber.request(Operators.java:2331) ~[reactor-core-3.6.10.jar:3.6.10]
		at reactor.core.publisher.FluxConcatMapNoPrefetch$FluxConcatMapNoPrefetchSubscriber.request(FluxConcatMapNoPrefetch.java:339) ~[reactor-core-3.6.10.jar:3.6.10]
		at reactor.core.publisher.MonoNext$NextSubscriber.request(MonoNext.java:108) ~[reactor-core-3.6.10.jar:3.6.10]
		at reactor.core.publisher.Operators$MultiSubscriptionSubscriber.set(Operators.java:2367) ~[reactor-core-3.6.10.jar:3.6.10]
		at reactor.core.publisher.Operators$MultiSubscriptionSubscriber.onSubscribe(Operators.java:2241) ~[reactor-core-3.6.10.jar:3.6.10]
		at reactor.core.publisher.MonoNext$NextSubscriber.onSubscribe(MonoNext.java:70) ~[reactor-core-3.6.10.jar:3.6.10]
		at reactor.core.publisher.FluxConcatMapNoPrefetch$FluxConcatMapNoPrefetchSubscriber.onSubscribe(FluxConcatMapNoPrefetch.java:164) ~[reactor-core-3.6.10.jar:3.6.10]
		at reactor.core.publisher.FluxIterable.subscribe(FluxIterable.java:201) ~[reactor-core-3.6.10.jar:3.6.10]
		at reactor.core.publisher.FluxIterable.subscribe(FluxIterable.java:83) ~[reactor-core-3.6.10.jar:3.6.10]
		at reactor.core.publisher.InternalMonoOperator.subscribe(InternalMonoOperator.java:76) ~[reactor-core-3.6.10.jar:3.6.10]
		at reactor.core.publisher.MonoDefer.subscribe(MonoDefer.java:53) ~[reactor-core-3.6.10.jar:3.6.10]
		at reactor.core.publisher.InternalMonoOperator.subscribe(InternalMonoOperator.java:76) ~[reactor-core-3.6.10.jar:3.6.10]
		at reactor.core.publisher.MonoDefer.subscribe(MonoDefer.java:53) ~[reactor-core-3.6.10.jar:3.6.10]
		at reactor.core.publisher.Mono.subscribe(Mono.java:4576) ~[reactor-core-3.6.10.jar:3.6.10]
		at reactor.core.publisher.MonoIgnoreThen$ThenIgnoreMain.subscribeNext(MonoIgnoreThen.java:265) ~[reactor-core-3.6.10.jar:3.6.10]
		at reactor.core.publisher.MonoIgnoreThen.subscribe(MonoIgnoreThen.java:51) ~[reactor-core-3.6.10.jar:3.6.10]
		at reactor.core.publisher.Mono.subscribe(Mono.java:4576) ~[reactor-core-3.6.10.jar:3.6.10]
		at org.springframework.http.server.reactive.ServletHttpHandlerAdapter.service(ServletHttpHandlerAdapter.java:199) ~[spring-web-6.1.13.jar:6.1.13]
		at org.apache.catalina.core.ApplicationFilterChain.internalDoFilter(ApplicationFilterChain.java:195) ~[tomcat-embed-core-10.1.30.jar:10.1.30]
		at org.apache.catalina.core.ApplicationFilterChain.doFilter(ApplicationFilterChain.java:140) ~[tomcat-embed-core-10.1.30.jar:10.1.30]
		at org.apache.tomcat.websocket.server.WsFilter.doFilter(WsFilter.java:51) ~[tomcat-embed-websocket-10.1.30.jar:10.1.30]
		at org.apache.catalina.core.ApplicationFilterChain.internalDoFilter(ApplicationFilterChain.java:164) ~[tomcat-embed-core-10.1.30.jar:10.1.30]
		at org.apache.catalina.core.ApplicationFilterChain.doFilter(ApplicationFilterChain.java:140) ~[tomcat-embed-core-10.1.30.jar:10.1.30]
		at org.apache.catalina.core.StandardWrapperValve.invoke(StandardWrapperValve.java:167) ~[tomcat-embed-core-10.1.30.jar:10.1.30]
		at org.apache.catalina.core.StandardContextValve.invoke(StandardContextValve.java:90) ~[tomcat-embed-core-10.1.30.jar:10.1.30]
		at org.apache.catalina.authenticator.AuthenticatorBase.invoke(AuthenticatorBase.java:483) ~[tomcat-embed-core-10.1.30.jar:10.1.30]
		at org.apache.catalina.core.StandardHostValve.invoke(StandardHostValve.java:115) ~[tomcat-embed-core-10.1.30.jar:10.1.30]
		at org.apache.catalina.valves.ErrorReportValve.invoke(ErrorReportValve.java:93) ~[tomcat-embed-core-10.1.30.jar:10.1.30]
		at org.apache.catalina.core.StandardEngineValve.invoke(StandardEngineValve.java:74) ~[tomcat-embed-core-10.1.30.jar:10.1.30]
		at org.apache.catalina.connector.CoyoteAdapter.service(CoyoteAdapter.java:344) ~[tomcat-embed-core-10.1.30.jar:10.1.30]
		at org.apache.coyote.http11.Http11Processor.service(Http11Processor.java:384) ~[tomcat-embed-core-10.1.30.jar:10.1.30]
		at org.apache.coyote.AbstractProcessorLight.process(AbstractProcessorLight.java:63) ~[tomcat-embed-core-10.1.30.jar:10.1.30]
		at org.apache.coyote.AbstractProtocol$ConnectionHandler.process(AbstractProtocol.java:905) ~[tomcat-embed-core-10.1.30.jar:10.1.30]
		at org.apache.tomcat.util.net.NioEndpoint$SocketProcessor.doRun(NioEndpoint.java:1741) ~[tomcat-embed-core-10.1.30.jar:10.1.30]
		at org.apache.tomcat.util.net.SocketProcessorBase.run(SocketProcessorBase.java:52) ~[tomcat-embed-core-10.1.30.jar:10.1.30]
		at org.apache.tomcat.util.threads.ThreadPoolExecutor.runWorker(ThreadPoolExecutor.java:1190) ~[tomcat-embed-core-10.1.30.jar:10.1.30]
		at org.apache.tomcat.util.threads.ThreadPoolExecutor$Worker.run(ThreadPoolExecutor.java:659) ~[tomcat-embed-core-10.1.30.jar:10.1.30]
		at org.apache.tomcat.util.threads.TaskThread$WrappingRunnable.run(TaskThread.java:63) ~[tomcat-embed-core-10.1.30.jar:10.1.30]
		at java.base/java.lang.Thread.run(Thread.java:1575) ~[na:na]

17:24:11:936 ERROR 23996 --- [gateway] [http-nio-8080-exec-1] a.w.r.e.AbstractErrorWebExceptionHandler : [2f5d6969]  500 Server Error for HTTP GET "/ws"

java.lang.ClassCastException: class org.apache.catalina.connector.ResponseFacade cannot be cast to class reactor.netty.http.server.HttpServerResponse (org.apache.catalina.connector.ResponseFacade and reactor.netty.http.server.HttpServerResponse are in unnamed module of loader 'app')
	at org.springframework.web.reactive.socket.server.upgrade.ReactorNettyRequestUpgradeStrategy.upgrade(ReactorNettyRequestUpgradeStrategy.java:163) ~[spring-webflux-6.1.13.jar:6.1.13]
	Suppressed: reactor.core.publisher.FluxOnAssembly$OnAssemblyException: 
Error has been observed at the following site(s):
	*__checkpoint ⇢ org.springframework.cloud.gateway.filter.WeightCalculatorWebFilter [DefaultWebFilterChain]
	*__checkpoint ⇢ HTTP GET "/ws" [ExceptionHandlingWebHandler]
Original Stack Trace:
		at org.springframework.web.reactive.socket.server.upgrade.ReactorNettyRequestUpgradeStrategy.upgrade(ReactorNettyRequestUpgradeStrategy.java:163) ~[spring-webflux-6.1.13.jar:6.1.13]
		at org.springframework.web.reactive.socket.server.support.HandshakeWebSocketService.lambda$handleRequest$1(HandshakeWebSocketService.java:221) ~[spring-webflux-6.1.13.jar:6.1.13]
		at reactor.core.publisher.FluxFlatMap.trySubscribeScalarMap(FluxFlatMap.java:153) ~[reactor-core-3.6.10.jar:3.6.10]
		at reactor.core.publisher.MonoFlatMap.subscribeOrReturn(MonoFlatMap.java:53) ~[reactor-core-3.6.10.jar:3.6.10]
		at reactor.core.publisher.InternalMonoOperator.subscribe(InternalMonoOperator.java:63) ~[reactor-core-3.6.10.jar:3.6.10]
		at reactor.core.publisher.MonoDefer.subscribe(MonoDefer.java:53) ~[reactor-core-3.6.10.jar:3.6.10]
		at reactor.core.publisher.MonoDefer.subscribe(MonoDefer.java:53) ~[reactor-core-3.6.10.jar:3.6.10]
		at reactor.core.publisher.MonoIgnoreThen$ThenIgnoreMain.subscribeNext(MonoIgnoreThen.java:241) ~[reactor-core-3.6.10.jar:3.6.10]
		at reactor.core.publisher.MonoIgnoreThen$ThenIgnoreMain.onComplete(MonoIgnoreThen.java:204) ~[reactor-core-3.6.10.jar:3.6.10]
		at reactor.core.publisher.FluxPeek$PeekSubscriber.onComplete(FluxPeek.java:260) ~[reactor-core-3.6.10.jar:3.6.10]
		at reactor.core.publisher.FluxMap$MapSubscriber.onComplete(FluxMap.java:144) ~[reactor-core-3.6.10.jar:3.6.10]
		at reactor.core.publisher.MonoNext$NextSubscriber.onComplete(MonoNext.java:102) ~[reactor-core-3.6.10.jar:3.6.10]
		at reactor.core.publisher.MonoNext$NextSubscriber.onNext(MonoNext.java:83) ~[reactor-core-3.6.10.jar:3.6.10]
		at reactor.core.publisher.FluxDematerialize$DematerializeSubscriber.onNext(FluxDematerialize.java:98) ~[reactor-core-3.6.10.jar:3.6.10]
		at reactor.core.publisher.FluxDematerialize$DematerializeSubscriber.onNext(FluxDematerialize.java:44) ~[reactor-core-3.6.10.jar:3.6.10]
		at reactor.core.publisher.FluxFlattenIterable$FlattenIterableSubscriber.drainAsync(FluxFlattenIterable.java:453) ~[reactor-core-3.6.10.jar:3.6.10]
		at reactor.core.publisher.FluxFlattenIterable$FlattenIterableSubscriber.drain(FluxFlattenIterable.java:724) ~[reactor-core-3.6.10.jar:3.6.10]
		at reactor.core.publisher.FluxFlattenIterable$FlattenIterableSubscriber.onNext(FluxFlattenIterable.java:256) ~[reactor-core-3.6.10.jar:3.6.10]
		at reactor.core.publisher.FluxSwitchIfEmpty$SwitchIfEmptySubscriber.onNext(FluxSwitchIfEmpty.java:74) ~[reactor-core-3.6.10.jar:3.6.10]
		at reactor.core.publisher.Operators$BaseFluxToMonoOperator.completePossiblyEmpty(Operators.java:2097) ~[reactor-core-3.6.10.jar:3.6.10]
		at reactor.core.publisher.MonoCollectList$MonoCollectListSubscriber.onComplete(MonoCollectList.java:118) ~[reactor-core-3.6.10.jar:3.6.10]
		at reactor.core.publisher.DrainUtils.postCompleteDrain(DrainUtils.java:132) ~[reactor-core-3.6.10.jar:3.6.10]
		at reactor.core.publisher.DrainUtils.postComplete(DrainUtils.java:187) ~[reactor-core-3.6.10.jar:3.6.10]
		at reactor.core.publisher.FluxMaterialize$MaterializeSubscriber.onComplete(FluxMaterialize.java:141) ~[reactor-core-3.6.10.jar:3.6.10]
		at reactor.core.publisher.Operators$ScalarSubscription.request(Operators.java:2573) ~[reactor-core-3.6.10.jar:3.6.10]
		at reactor.core.publisher.FluxMaterialize$MaterializeSubscriber.request(FluxMaterialize.java:148) ~[reactor-core-3.6.10.jar:3.6.10]
		at reactor.core.publisher.Operators$BaseFluxToMonoOperator.request(Operators.java:2067) ~[reactor-core-3.6.10.jar:3.6.10]
		at reactor.core.publisher.Operators$MultiSubscriptionSubscriber.set(Operators.java:2367) ~[reactor-core-3.6.10.jar:3.6.10]
		at reactor.core.publisher.Operators$MultiSubscriptionSubscriber.onSubscribe(Operators.java:2241) ~[reactor-core-3.6.10.jar:3.6.10]
		at reactor.core.publisher.Operators$BaseFluxToMonoOperator.onSubscribe(Operators.java:2051) ~[reactor-core-3.6.10.jar:3.6.10]
		at reactor.core.publisher.FluxMaterialize$MaterializeSubscriber.onSubscribe(FluxMaterialize.java:103) ~[reactor-core-3.6.10.jar:3.6.10]
		at reactor.core.publisher.FluxJust.subscribe(FluxJust.java:68) ~[reactor-core-3.6.10.jar:3.6.10]
		at reactor.core.publisher.InternalFluxOperator.subscribe(InternalFluxOperator.java:68) ~[reactor-core-3.6.10.jar:3.6.10]
		at reactor.core.publisher.FluxDefer.subscribe(FluxDefer.java:54) ~[reactor-core-3.6.10.jar:3.6.10]
		at reactor.core.publisher.Mono.subscribe(Mono.java:4576) ~[reactor-core-3.6.10.jar:3.6.10]
		at reactor.core.publisher.MonoIgnoreThen$ThenIgnoreMain.subscribeNext(MonoIgnoreThen.java:265) ~[reactor-core-3.6.10.jar:3.6.10]
		at reactor.core.publisher.MonoIgnoreThen.subscribe(MonoIgnoreThen.java:51) ~[reactor-core-3.6.10.jar:3.6.10]
		at reactor.core.publisher.InternalMonoOperator.subscribe(InternalMonoOperator.java:76) ~[reactor-core-3.6.10.jar:3.6.10]
		at reactor.core.publisher.MonoDefer.subscribe(MonoDefer.java:53) ~[reactor-core-3.6.10.jar:3.6.10]
		at reactor.core.publisher.MonoDefer.subscribe(MonoDefer.java:53) ~[reactor-core-3.6.10.jar:3.6.10]
		at reactor.core.publisher.MonoDefer.subscribe(MonoDefer.java:53) ~[reactor-core-3.6.10.jar:3.6.10]
		at reactor.core.publisher.MonoDefer.subscribe(MonoDefer.java:53) ~[reactor-core-3.6.10.jar:3.6.10]
		at reactor.core.publisher.Mono.subscribe(Mono.java:4576) ~[reactor-core-3.6.10.jar:3.6.10]
		at reactor.core.publisher.MonoIgnoreThen$ThenIgnoreMain.subscribeNext(MonoIgnoreThen.java:265) ~[reactor-core-3.6.10.jar:3.6.10]
		at reactor.core.publisher.MonoIgnoreThen.subscribe(MonoIgnoreThen.java:51) ~[reactor-core-3.6.10.jar:3.6.10]
		at reactor.core.publisher.InternalMonoOperator.subscribe(InternalMonoOperator.java:76) ~[reactor-core-3.6.10.jar:3.6.10]
		at reactor.core.publisher.MonoDefer.subscribe(MonoDefer.java:53) ~[reactor-core-3.6.10.jar:3.6.10]
		at reactor.core.publisher.MonoDefer.subscribe(MonoDefer.java:53) ~[reactor-core-3.6.10.jar:3.6.10]
		at reactor.core.publisher.MonoDefer.subscribe(MonoDefer.java:53) ~[reactor-core-3.6.10.jar:3.6.10]
		at reactor.core.publisher.InternalMonoOperator.subscribe(InternalMonoOperator.java:76) ~[reactor-core-3.6.10.jar:3.6.10]
		at reactor.core.publisher.MonoDefer.subscribe(MonoDefer.java:53) ~[reactor-core-3.6.10.jar:3.6.10]
		at reactor.core.publisher.Mono.subscribe(Mono.java:4576) ~[reactor-core-3.6.10.jar:3.6.10]
		at reactor.core.publisher.MonoIgnoreThen$ThenIgnoreMain.subscribeNext(MonoIgnoreThen.java:265) ~[reactor-core-3.6.10.jar:3.6.10]
		at reactor.core.publisher.MonoIgnoreThen.subscribe(MonoIgnoreThen.java:51) ~[reactor-core-3.6.10.jar:3.6.10]
		at reactor.core.publisher.InternalMonoOperator.subscribe(InternalMonoOperator.java:76) ~[reactor-core-3.6.10.jar:3.6.10]
		at reactor.core.publisher.MonoFlatMap$FlatMapMain.onNext(MonoFlatMap.java:165) ~[reactor-core-3.6.10.jar:3.6.10]
		at reactor.core.publisher.FluxOnErrorResume$ResumeSubscriber.onNext(FluxOnErrorResume.java:79) ~[reactor-core-3.6.10.jar:3.6.10]
		at reactor.core.publisher.FluxSwitchIfEmpty$SwitchIfEmptySubscriber.onNext(FluxSwitchIfEmpty.java:74) ~[reactor-core-3.6.10.jar:3.6.10]
		at reactor.core.publisher.MonoNext$NextSubscriber.onNext(MonoNext.java:82) ~[reactor-core-3.6.10.jar:3.6.10]
		at reactor.core.publisher.FluxConcatMapNoPrefetch$FluxConcatMapNoPrefetchSubscriber.innerNext(FluxConcatMapNoPrefetch.java:259) ~[reactor-core-3.6.10.jar:3.6.10]
		at reactor.core.publisher.FluxConcatMap$ConcatMapInner.onNext(FluxConcatMap.java:865) ~[reactor-core-3.6.10.jar:3.6.10]
		at reactor.core.publisher.FluxMap$MapSubscriber.onNext(FluxMap.java:122) ~[reactor-core-3.6.10.jar:3.6.10]
		at reactor.core.publisher.FluxSwitchIfEmpty$SwitchIfEmptySubscriber.onNext(FluxSwitchIfEmpty.java:74) ~[reactor-core-3.6.10.jar:3.6.10]
		at reactor.core.publisher.FluxMap$MapSubscriber.onNext(FluxMap.java:122) ~[reactor-core-3.6.10.jar:3.6.10]
		at reactor.core.publisher.FluxMap$MapSubscriber.onNext(FluxMap.java:122) ~[reactor-core-3.6.10.jar:3.6.10]
		at reactor.core.publisher.MonoNext$NextSubscriber.onNext(MonoNext.java:82) ~[reactor-core-3.6.10.jar:3.6.10]
		at reactor.core.publisher.FluxConcatMapNoPrefetch$FluxConcatMapNoPrefetchSubscriber.innerNext(FluxConcatMapNoPrefetch.java:259) ~[reactor-core-3.6.10.jar:3.6.10]
		at reactor.core.publisher.FluxConcatMap$ConcatMapInner.onNext(FluxConcatMap.java:865) ~[reactor-core-3.6.10.jar:3.6.10]
		at reactor.core.publisher.FluxOnErrorResume$ResumeSubscriber.onNext(FluxOnErrorResume.java:79) ~[reactor-core-3.6.10.jar:3.6.10]
		at reactor.core.publisher.MonoPeekTerminal$MonoTerminalPeekSubscriber.onNext(MonoPeekTerminal.java:180) ~[reactor-core-3.6.10.jar:3.6.10]
		at reactor.core.publisher.MonoFilterWhen$MonoFilterWhenMain.onNext(MonoFilterWhen.java:136) ~[reactor-core-3.6.10.jar:3.6.10]
		at reactor.core.publisher.Operators$ScalarSubscription.request(Operators.java:2571) ~[reactor-core-3.6.10.jar:3.6.10]
		at reactor.core.publisher.MonoFilterWhen$MonoFilterWhenMain.request(MonoFilterWhen.java:183) ~[reactor-core-3.6.10.jar:3.6.10]
		at reactor.core.publisher.MonoPeekTerminal$MonoTerminalPeekSubscriber.request(MonoPeekTerminal.java:139) ~[reactor-core-3.6.10.jar:3.6.10]
		at reactor.core.publisher.Operators$MultiSubscriptionSubscriber.request(Operators.java:2331) ~[reactor-core-3.6.10.jar:3.6.10]
		at reactor.core.publisher.Operators$MultiSubscriptionSubscriber.request(Operators.java:2331) ~[reactor-core-3.6.10.jar:3.6.10]
		at reactor.core.publisher.FluxConcatMapNoPrefetch$FluxConcatMapNoPrefetchSubscriber.request(FluxConcatMapNoPrefetch.java:339) ~[reactor-core-3.6.10.jar:3.6.10]
		at reactor.core.publisher.MonoNext$NextSubscriber.request(MonoNext.java:108) ~[reactor-core-3.6.10.jar:3.6.10]
		at reactor.core.publisher.FluxMap$MapSubscriber.request(FluxMap.java:164) ~[reactor-core-3.6.10.jar:3.6.10]
		at reactor.core.publisher.FluxMap$MapSubscriber.request(FluxMap.java:164) ~[reactor-core-3.6.10.jar:3.6.10]
		at reactor.core.publisher.Operators$MultiSubscriptionSubscriber.request(Operators.java:2331) ~[reactor-core-3.6.10.jar:3.6.10]
		at reactor.core.publisher.FluxMap$MapSubscriber.request(FluxMap.java:164) ~[reactor-core-3.6.10.jar:3.6.10]
		at reactor.core.publisher.Operators$MultiSubscriptionSubscriber.request(Operators.java:2331) ~[reactor-core-3.6.10.jar:3.6.10]
		at reactor.core.publisher.FluxConcatMapNoPrefetch$FluxConcatMapNoPrefetchSubscriber.request(FluxConcatMapNoPrefetch.java:339) ~[reactor-core-3.6.10.jar:3.6.10]
		at reactor.core.publisher.MonoNext$NextSubscriber.request(MonoNext.java:108) ~[reactor-core-3.6.10.jar:3.6.10]
		at reactor.core.publisher.Operators$MultiSubscriptionSubscriber.set(Operators.java:2367) ~[reactor-core-3.6.10.jar:3.6.10]
		at reactor.core.publisher.Operators$MultiSubscriptionSubscriber.onSubscribe(Operators.java:2241) ~[reactor-core-3.6.10.jar:3.6.10]
		at reactor.core.publisher.MonoNext$NextSubscriber.onSubscribe(MonoNext.java:70) ~[reactor-core-3.6.10.jar:3.6.10]
		at reactor.core.publisher.FluxConcatMapNoPrefetch$FluxConcatMapNoPrefetchSubscriber.onSubscribe(FluxConcatMapNoPrefetch.java:164) ~[reactor-core-3.6.10.jar:3.6.10]
		at reactor.core.publisher.FluxIterable.subscribe(FluxIterable.java:201) ~[reactor-core-3.6.10.jar:3.6.10]
		at reactor.core.publisher.FluxIterable.subscribe(FluxIterable.java:83) ~[reactor-core-3.6.10.jar:3.6.10]
		at reactor.core.publisher.InternalMonoOperator.subscribe(InternalMonoOperator.java:76) ~[reactor-core-3.6.10.jar:3.6.10]
		at reactor.core.publisher.MonoDefer.subscribe(MonoDefer.java:53) ~[reactor-core-3.6.10.jar:3.6.10]
		at reactor.core.publisher.InternalMonoOperator.subscribe(InternalMonoOperator.java:76) ~[reactor-core-3.6.10.jar:3.6.10]
		at reactor.core.publisher.MonoDefer.subscribe(MonoDefer.java:53) ~[reactor-core-3.6.10.jar:3.6.10]
		at reactor.core.publisher.Mono.subscribe(Mono.java:4576) ~[reactor-core-3.6.10.jar:3.6.10]
		at reactor.core.publisher.MonoIgnoreThen$ThenIgnoreMain.subscribeNext(MonoIgnoreThen.java:265) ~[reactor-core-3.6.10.jar:3.6.10]
		at reactor.core.publisher.MonoIgnoreThen.subscribe(MonoIgnoreThen.java:51) ~[reactor-core-3.6.10.jar:3.6.10]
		at reactor.core.publisher.Mono.subscribe(Mono.java:4576) ~[reactor-core-3.6.10.jar:3.6.10]
		at org.springframework.http.server.reactive.ServletHttpHandlerAdapter.service(ServletHttpHandlerAdapter.java:199) ~[spring-web-6.1.13.jar:6.1.13]
		at org.apache.catalina.core.ApplicationFilterChain.internalDoFilter(ApplicationFilterChain.java:195) ~[tomcat-embed-core-10.1.30.jar:10.1.30]
		at org.apache.catalina.core.ApplicationFilterChain.doFilter(ApplicationFilterChain.java:140) ~[tomcat-embed-core-10.1.30.jar:10.1.30]
		at org.apache.tomcat.websocket.server.WsFilter.doFilter(WsFilter.java:51) ~[tomcat-embed-websocket-10.1.30.jar:10.1.30]
		at org.apache.catalina.core.ApplicationFilterChain.internalDoFilter(ApplicationFilterChain.java:164) ~[tomcat-embed-core-10.1.30.jar:10.1.30]
		at org.apache.catalina.core.ApplicationFilterChain.doFilter(ApplicationFilterChain.java:140) ~[tomcat-embed-core-10.1.30.jar:10.1.30]
		at org.apache.catalina.core.StandardWrapperValve.invoke(StandardWrapperValve.java:167) ~[tomcat-embed-core-10.1.30.jar:10.1.30]
		at org.apache.catalina.core.StandardContextValve.invoke(StandardContextValve.java:90) ~[tomcat-embed-core-10.1.30.jar:10.1.30]
		at org.apache.catalina.authenticator.AuthenticatorBase.invoke(AuthenticatorBase.java:483) ~[tomcat-embed-core-10.1.30.jar:10.1.30]
		at org.apache.catalina.core.StandardHostValve.invoke(StandardHostValve.java:115) ~[tomcat-embed-core-10.1.30.jar:10.1.30]
		at org.apache.catalina.valves.ErrorReportValve.invoke(ErrorReportValve.java:93) ~[tomcat-embed-core-10.1.30.jar:10.1.30]
		at org.apache.catalina.core.StandardEngineValve.invoke(StandardEngineValve.java:74) ~[tomcat-embed-core-10.1.30.jar:10.1.30]
		at org.apache.catalina.connector.CoyoteAdapter.service(CoyoteAdapter.java:344) ~[tomcat-embed-core-10.1.30.jar:10.1.30]
		at org.apache.coyote.http11.Http11Processor.service(Http11Processor.java:384) ~[tomcat-embed-core-10.1.30.jar:10.1.30]
		at org.apache.coyote.AbstractProcessorLight.process(AbstractProcessorLight.java:63) ~[tomcat-embed-core-10.1.30.jar:10.1.30]
		at org.apache.coyote.AbstractProtocol$ConnectionHandler.process(AbstractProtocol.java:905) ~[tomcat-embed-core-10.1.30.jar:10.1.30]
		at org.apache.tomcat.util.net.NioEndpoint$SocketProcessor.doRun(NioEndpoint.java:1741) ~[tomcat-embed-core-10.1.30.jar:10.1.30]
		at org.apache.tomcat.util.net.SocketProcessorBase.run(SocketProcessorBase.java:52) ~[tomcat-embed-core-10.1.30.jar:10.1.30]
		at org.apache.tomcat.util.threads.ThreadPoolExecutor.runWorker(ThreadPoolExecutor.java:1190) ~[tomcat-embed-core-10.1.30.jar:10.1.30]
		at org.apache.tomcat.util.threads.ThreadPoolExecutor$Worker.run(ThreadPoolExecutor.java:659) ~[tomcat-embed-core-10.1.30.jar:10.1.30]
		at org.apache.tomcat.util.threads.TaskThread$WrappingRunnable.run(TaskThread.java:63) ~[tomcat-embed-core-10.1.30.jar:10.1.30]
		at java.base/java.lang.Thread.run(Thread.java:1575) ~[na:na]

17:24:12:114 ERROR 23996 --- [gateway] [http-nio-8080-exec-2] a.w.r.e.AbstractErrorWebExceptionHandler : [7c8eef46]  500 Server Error for HTTP GET "/ws"

java.lang.ClassCastException: class org.apache.catalina.connector.ResponseFacade cannot be cast to class reactor.netty.http.server.HttpServerResponse (org.apache.catalina.connector.ResponseFacade and reactor.netty.http.server.HttpServerResponse are in unnamed module of loader 'app')
	at org.springframework.web.reactive.socket.server.upgrade.ReactorNettyRequestUpgradeStrategy.upgrade(ReactorNettyRequestUpgradeStrategy.java:163) ~[spring-webflux-6.1.13.jar:6.1.13]
	Suppressed: reactor.core.publisher.FluxOnAssembly$OnAssemblyException: 
Error has been observed at the following site(s):
	*__checkpoint ⇢ org.springframework.cloud.gateway.filter.WeightCalculatorWebFilter [DefaultWebFilterChain]
	*__checkpoint ⇢ HTTP GET "/ws" [ExceptionHandlingWebHandler]
Original Stack Trace:
		at org.springframework.web.reactive.socket.server.upgrade.ReactorNettyRequestUpgradeStrategy.upgrade(ReactorNettyRequestUpgradeStrategy.java:163) ~[spring-webflux-6.1.13.jar:6.1.13]
		at org.springframework.web.reactive.socket.server.support.HandshakeWebSocketService.lambda$handleRequest$1(HandshakeWebSocketService.java:221) ~[spring-webflux-6.1.13.jar:6.1.13]
		at reactor.core.publisher.FluxFlatMap.trySubscribeScalarMap(FluxFlatMap.java:153) ~[reactor-core-3.6.10.jar:3.6.10]
		at reactor.core.publisher.MonoFlatMap.subscribeOrReturn(MonoFlatMap.java:53) ~[reactor-core-3.6.10.jar:3.6.10]
		at reactor.core.publisher.InternalMonoOperator.subscribe(InternalMonoOperator.java:63) ~[reactor-core-3.6.10.jar:3.6.10]
		at reactor.core.publisher.MonoDefer.subscribe(MonoDefer.java:53) ~[reactor-core-3.6.10.jar:3.6.10]
		at reactor.core.publisher.MonoDefer.subscribe(MonoDefer.java:53) ~[reactor-core-3.6.10.jar:3.6.10]
		at reactor.core.publisher.MonoIgnoreThen$ThenIgnoreMain.subscribeNext(MonoIgnoreThen.java:241) ~[reactor-core-3.6.10.jar:3.6.10]
		at reactor.core.publisher.MonoIgnoreThen$ThenIgnoreMain.onComplete(MonoIgnoreThen.java:204) ~[reactor-core-3.6.10.jar:3.6.10]
		at reactor.core.publisher.FluxPeek$PeekSubscriber.onComplete(FluxPeek.java:260) ~[reactor-core-3.6.10.jar:3.6.10]
		at reactor.core.publisher.FluxMap$MapSubscriber.onComplete(FluxMap.java:144) ~[reactor-core-3.6.10.jar:3.6.10]
		at reactor.core.publisher.MonoNext$NextSubscriber.onComplete(MonoNext.java:102) ~[reactor-core-3.6.10.jar:3.6.10]
		at reactor.core.publisher.MonoNext$NextSubscriber.onNext(MonoNext.java:83) ~[reactor-core-3.6.10.jar:3.6.10]
		at reactor.core.publisher.FluxDematerialize$DematerializeSubscriber.onNext(FluxDematerialize.java:98) ~[reactor-core-3.6.10.jar:3.6.10]
		at reactor.core.publisher.FluxDematerialize$DematerializeSubscriber.onNext(FluxDematerialize.java:44) ~[reactor-core-3.6.10.jar:3.6.10]
		at reactor.core.publisher.FluxFlattenIterable$FlattenIterableSubscriber.drainAsync(FluxFlattenIterable.java:453) ~[reactor-core-3.6.10.jar:3.6.10]
		at reactor.core.publisher.FluxFlattenIterable$FlattenIterableSubscriber.drain(FluxFlattenIterable.java:724) ~[reactor-core-3.6.10.jar:3.6.10]
		at reactor.core.publisher.FluxFlattenIterable$FlattenIterableSubscriber.onNext(FluxFlattenIterable.java:256) ~[reactor-core-3.6.10.jar:3.6.10]
		at reactor.core.publisher.FluxSwitchIfEmpty$SwitchIfEmptySubscriber.onNext(FluxSwitchIfEmpty.java:74) ~[reactor-core-3.6.10.jar:3.6.10]
		at reactor.core.publisher.Operators$BaseFluxToMonoOperator.completePossiblyEmpty(Operators.java:2097) ~[reactor-core-3.6.10.jar:3.6.10]
		at reactor.core.publisher.MonoCollectList$MonoCollectListSubscriber.onComplete(MonoCollectList.java:118) ~[reactor-core-3.6.10.jar:3.6.10]
		at reactor.core.publisher.DrainUtils.postCompleteDrain(DrainUtils.java:132) ~[reactor-core-3.6.10.jar:3.6.10]
		at reactor.core.publisher.DrainUtils.postComplete(DrainUtils.java:187) ~[reactor-core-3.6.10.jar:3.6.10]
		at reactor.core.publisher.FluxMaterialize$MaterializeSubscriber.onComplete(FluxMaterialize.java:141) ~[reactor-core-3.6.10.jar:3.6.10]
		at reactor.core.publisher.Operators$ScalarSubscription.request(Operators.java:2573) ~[reactor-core-3.6.10.jar:3.6.10]
		at reactor.core.publisher.FluxMaterialize$MaterializeSubscriber.request(FluxMaterialize.java:148) ~[reactor-core-3.6.10.jar:3.6.10]
		at reactor.core.publisher.Operators$BaseFluxToMonoOperator.request(Operators.java:2067) ~[reactor-core-3.6.10.jar:3.6.10]
		at reactor.core.publisher.Operators$MultiSubscriptionSubscriber.set(Operators.java:2367) ~[reactor-core-3.6.10.jar:3.6.10]
		at reactor.core.publisher.Operators$MultiSubscriptionSubscriber.onSubscribe(Operators.java:2241) ~[reactor-core-3.6.10.jar:3.6.10]
		at reactor.core.publisher.Operators$BaseFluxToMonoOperator.onSubscribe(Operators.java:2051) ~[reactor-core-3.6.10.jar:3.6.10]
		at reactor.core.publisher.FluxMaterialize$MaterializeSubscriber.onSubscribe(FluxMaterialize.java:103) ~[reactor-core-3.6.10.jar:3.6.10]
		at reactor.core.publisher.FluxJust.subscribe(FluxJust.java:68) ~[reactor-core-3.6.10.jar:3.6.10]
		at reactor.core.publisher.InternalFluxOperator.subscribe(InternalFluxOperator.java:68) ~[reactor-core-3.6.10.jar:3.6.10]
		at reactor.core.publisher.FluxDefer.subscribe(FluxDefer.java:54) ~[reactor-core-3.6.10.jar:3.6.10]
		at reactor.core.publisher.Mono.subscribe(Mono.java:4576) ~[reactor-core-3.6.10.jar:3.6.10]
		at reactor.core.publisher.MonoIgnoreThen$ThenIgnoreMain.subscribeNext(MonoIgnoreThen.java:265) ~[reactor-core-3.6.10.jar:3.6.10]
		at reactor.core.publisher.MonoIgnoreThen.subscribe(MonoIgnoreThen.java:51) ~[reactor-core-3.6.10.jar:3.6.10]
		at reactor.core.publisher.InternalMonoOperator.subscribe(InternalMonoOperator.java:76) ~[reactor-core-3.6.10.jar:3.6.10]
		at reactor.core.publisher.MonoDefer.subscribe(MonoDefer.java:53) ~[reactor-core-3.6.10.jar:3.6.10]
		at reactor.core.publisher.MonoDefer.subscribe(MonoDefer.java:53) ~[reactor-core-3.6.10.jar:3.6.10]
		at reactor.core.publisher.MonoDefer.subscribe(MonoDefer.java:53) ~[reactor-core-3.6.10.jar:3.6.10]
		at reactor.core.publisher.MonoDefer.subscribe(MonoDefer.java:53) ~[reactor-core-3.6.10.jar:3.6.10]
		at reactor.core.publisher.Mono.subscribe(Mono.java:4576) ~[reactor-core-3.6.10.jar:3.6.10]
		at reactor.core.publisher.MonoIgnoreThen$ThenIgnoreMain.subscribeNext(MonoIgnoreThen.java:265) ~[reactor-core-3.6.10.jar:3.6.10]
		at reactor.core.publisher.MonoIgnoreThen.subscribe(MonoIgnoreThen.java:51) ~[reactor-core-3.6.10.jar:3.6.10]
		at reactor.core.publisher.InternalMonoOperator.subscribe(InternalMonoOperator.java:76) ~[reactor-core-3.6.10.jar:3.6.10]
		at reactor.core.publisher.MonoDefer.subscribe(MonoDefer.java:53) ~[reactor-core-3.6.10.jar:3.6.10]
		at reactor.core.publisher.MonoDefer.subscribe(MonoDefer.java:53) ~[reactor-core-3.6.10.jar:3.6.10]
		at reactor.core.publisher.MonoDefer.subscribe(MonoDefer.java:53) ~[reactor-core-3.6.10.jar:3.6.10]
		at reactor.core.publisher.InternalMonoOperator.subscribe(InternalMonoOperator.java:76) ~[reactor-core-3.6.10.jar:3.6.10]
		at reactor.core.publisher.MonoDefer.subscribe(MonoDefer.java:53) ~[reactor-core-3.6.10.jar:3.6.10]
		at reactor.core.publisher.Mono.subscribe(Mono.java:4576) ~[reactor-core-3.6.10.jar:3.6.10]
		at reactor.core.publisher.MonoIgnoreThen$ThenIgnoreMain.subscribeNext(MonoIgnoreThen.java:265) ~[reactor-core-3.6.10.jar:3.6.10]
		at reactor.core.publisher.MonoIgnoreThen.subscribe(MonoIgnoreThen.java:51) ~[reactor-core-3.6.10.jar:3.6.10]
		at reactor.core.publisher.InternalMonoOperator.subscribe(InternalMonoOperator.java:76) ~[reactor-core-3.6.10.jar:3.6.10]
		at reactor.core.publisher.MonoFlatMap$FlatMapMain.onNext(MonoFlatMap.java:165) ~[reactor-core-3.6.10.jar:3.6.10]
		at reactor.core.publisher.FluxOnErrorResume$ResumeSubscriber.onNext(FluxOnErrorResume.java:79) ~[reactor-core-3.6.10.jar:3.6.10]
		at reactor.core.publisher.FluxSwitchIfEmpty$SwitchIfEmptySubscriber.onNext(FluxSwitchIfEmpty.java:74) ~[reactor-core-3.6.10.jar:3.6.10]
		at reactor.core.publisher.MonoNext$NextSubscriber.onNext(MonoNext.java:82) ~[reactor-core-3.6.10.jar:3.6.10]
		at reactor.core.publisher.FluxConcatMapNoPrefetch$FluxConcatMapNoPrefetchSubscriber.innerNext(FluxConcatMapNoPrefetch.java:259) ~[reactor-core-3.6.10.jar:3.6.10]
		at reactor.core.publisher.FluxConcatMap$ConcatMapInner.onNext(FluxConcatMap.java:865) ~[reactor-core-3.6.10.jar:3.6.10]
		at reactor.core.publisher.FluxMap$MapSubscriber.onNext(FluxMap.java:122) ~[reactor-core-3.6.10.jar:3.6.10]
		at reactor.core.publisher.FluxSwitchIfEmpty$SwitchIfEmptySubscriber.onNext(FluxSwitchIfEmpty.java:74) ~[reactor-core-3.6.10.jar:3.6.10]
		at reactor.core.publisher.FluxMap$MapSubscriber.onNext(FluxMap.java:122) ~[reactor-core-3.6.10.jar:3.6.10]
		at reactor.core.publisher.FluxMap$MapSubscriber.onNext(FluxMap.java:122) ~[reactor-core-3.6.10.jar:3.6.10]
		at reactor.core.publisher.MonoNext$NextSubscriber.onNext(MonoNext.java:82) ~[reactor-core-3.6.10.jar:3.6.10]
		at reactor.core.publisher.FluxConcatMapNoPrefetch$FluxConcatMapNoPrefetchSubscriber.innerNext(FluxConcatMapNoPrefetch.java:259) ~[reactor-core-3.6.10.jar:3.6.10]
		at reactor.core.publisher.FluxConcatMap$ConcatMapInner.onNext(FluxConcatMap.java:865) ~[reactor-core-3.6.10.jar:3.6.10]
		at reactor.core.publisher.FluxOnErrorResume$ResumeSubscriber.onNext(FluxOnErrorResume.java:79) ~[reactor-core-3.6.10.jar:3.6.10]
		at reactor.core.publisher.MonoPeekTerminal$MonoTerminalPeekSubscriber.onNext(MonoPeekTerminal.java:180) ~[reactor-core-3.6.10.jar:3.6.10]
		at reactor.core.publisher.MonoFilterWhen$MonoFilterWhenMain.onNext(MonoFilterWhen.java:136) ~[reactor-core-3.6.10.jar:3.6.10]
		at reactor.core.publisher.Operators$ScalarSubscription.request(Operators.java:2571) ~[reactor-core-3.6.10.jar:3.6.10]
		at reactor.core.publisher.MonoFilterWhen$MonoFilterWhenMain.request(MonoFilterWhen.java:183) ~[reactor-core-3.6.10.jar:3.6.10]
		at reactor.core.publisher.MonoPeekTerminal$MonoTerminalPeekSubscriber.request(MonoPeekTerminal.java:139) ~[reactor-core-3.6.10.jar:3.6.10]
		at reactor.core.publisher.Operators$MultiSubscriptionSubscriber.request(Operators.java:2331) ~[reactor-core-3.6.10.jar:3.6.10]
		at reactor.core.publisher.Operators$MultiSubscriptionSubscriber.request(Operators.java:2331) ~[reactor-core-3.6.10.jar:3.6.10]
		at reactor.core.publisher.FluxConcatMapNoPrefetch$FluxConcatMapNoPrefetchSubscriber.request(FluxConcatMapNoPrefetch.java:339) ~[reactor-core-3.6.10.jar:3.6.10]
		at reactor.core.publisher.MonoNext$NextSubscriber.request(MonoNext.java:108) ~[reactor-core-3.6.10.jar:3.6.10]
		at reactor.core.publisher.FluxMap$MapSubscriber.request(FluxMap.java:164) ~[reactor-core-3.6.10.jar:3.6.10]
		at reactor.core.publisher.FluxMap$MapSubscriber.request(FluxMap.java:164) ~[reactor-core-3.6.10.jar:3.6.10]
		at reactor.core.publisher.Operators$MultiSubscriptionSubscriber.request(Operators.java:2331) ~[reactor-core-3.6.10.jar:3.6.10]
		at reactor.core.publisher.FluxMap$MapSubscriber.request(FluxMap.java:164) ~[reactor-core-3.6.10.jar:3.6.10]
		at reactor.core.publisher.Operators$MultiSubscriptionSubscriber.request(Operators.java:2331) ~[reactor-core-3.6.10.jar:3.6.10]
		at reactor.core.publisher.FluxConcatMapNoPrefetch$FluxConcatMapNoPrefetchSubscriber.request(FluxConcatMapNoPrefetch.java:339) ~[reactor-core-3.6.10.jar:3.6.10]
		at reactor.core.publisher.MonoNext$NextSubscriber.request(MonoNext.java:108) ~[reactor-core-3.6.10.jar:3.6.10]
		at reactor.core.publisher.Operators$MultiSubscriptionSubscriber.set(Operators.java:2367) ~[reactor-core-3.6.10.jar:3.6.10]
		at reactor.core.publisher.Operators$MultiSubscriptionSubscriber.onSubscribe(Operators.java:2241) ~[reactor-core-3.6.10.jar:3.6.10]
		at reactor.core.publisher.MonoNext$NextSubscriber.onSubscribe(MonoNext.java:70) ~[reactor-core-3.6.10.jar:3.6.10]
		at reactor.core.publisher.FluxConcatMapNoPrefetch$FluxConcatMapNoPrefetchSubscriber.onSubscribe(FluxConcatMapNoPrefetch.java:164) ~[reactor-core-3.6.10.jar:3.6.10]
		at reactor.core.publisher.FluxIterable.subscribe(FluxIterable.java:201) ~[reactor-core-3.6.10.jar:3.6.10]
		at reactor.core.publisher.FluxIterable.subscribe(FluxIterable.java:83) ~[reactor-core-3.6.10.jar:3.6.10]
		at reactor.core.publisher.InternalMonoOperator.subscribe(InternalMonoOperator.java:76) ~[reactor-core-3.6.10.jar:3.6.10]
		at reactor.core.publisher.MonoDefer.subscribe(MonoDefer.java:53) ~[reactor-core-3.6.10.jar:3.6.10]
		at reactor.core.publisher.InternalMonoOperator.subscribe(InternalMonoOperator.java:76) ~[reactor-core-3.6.10.jar:3.6.10]
		at reactor.core.publisher.MonoDefer.subscribe(MonoDefer.java:53) ~[reactor-core-3.6.10.jar:3.6.10]
		at reactor.core.publisher.Mono.subscribe(Mono.java:4576) ~[reactor-core-3.6.10.jar:3.6.10]
		at reactor.core.publisher.MonoIgnoreThen$ThenIgnoreMain.subscribeNext(MonoIgnoreThen.java:265) ~[reactor-core-3.6.10.jar:3.6.10]
		at reactor.core.publisher.MonoIgnoreThen.subscribe(MonoIgnoreThen.java:51) ~[reactor-core-3.6.10.jar:3.6.10]
		at reactor.core.publisher.Mono.subscribe(Mono.java:4576) ~[reactor-core-3.6.10.jar:3.6.10]
		at org.springframework.http.server.reactive.ServletHttpHandlerAdapter.service(ServletHttpHandlerAdapter.java:199) ~[spring-web-6.1.13.jar:6.1.13]
		at org.apache.catalina.core.ApplicationFilterChain.internalDoFilter(ApplicationFilterChain.java:195) ~[tomcat-embed-core-10.1.30.jar:10.1.30]
		at org.apache.catalina.core.ApplicationFilterChain.doFilter(ApplicationFilterChain.java:140) ~[tomcat-embed-core-10.1.30.jar:10.1.30]
		at org.apache.tomcat.websocket.server.WsFilter.doFilter(WsFilter.java:51) ~[tomcat-embed-websocket-10.1.30.jar:10.1.30]
		at org.apache.catalina.core.ApplicationFilterChain.internalDoFilter(ApplicationFilterChain.java:164) ~[tomcat-embed-core-10.1.30.jar:10.1.30]
		at org.apache.catalina.core.ApplicationFilterChain.doFilter(ApplicationFilterChain.java:140) ~[tomcat-embed-core-10.1.30.jar:10.1.30]
		at org.apache.catalina.core.StandardWrapperValve.invoke(StandardWrapperValve.java:167) ~[tomcat-embed-core-10.1.30.jar:10.1.30]
		at org.apache.catalina.core.StandardContextValve.invoke(StandardContextValve.java:90) ~[tomcat-embed-core-10.1.30.jar:10.1.30]
		at org.apache.catalina.authenticator.AuthenticatorBase.invoke(AuthenticatorBase.java:483) ~[tomcat-embed-core-10.1.30.jar:10.1.30]
		at org.apache.catalina.core.StandardHostValve.invoke(StandardHostValve.java:115) ~[tomcat-embed-core-10.1.30.jar:10.1.30]
		at org.apache.catalina.valves.ErrorReportValve.invoke(ErrorReportValve.java:93) ~[tomcat-embed-core-10.1.30.jar:10.1.30]
		at org.apache.catalina.core.StandardEngineValve.invoke(StandardEngineValve.java:74) ~[tomcat-embed-core-10.1.30.jar:10.1.30]
		at org.apache.catalina.connector.CoyoteAdapter.service(CoyoteAdapter.java:344) ~[tomcat-embed-core-10.1.30.jar:10.1.30]
		at org.apache.coyote.http11.Http11Processor.service(Http11Processor.java:384) ~[tomcat-embed-core-10.1.30.jar:10.1.30]
		at org.apache.coyote.AbstractProcessorLight.process(AbstractProcessorLight.java:63) ~[tomcat-embed-core-10.1.30.jar:10.1.30]
		at org.apache.coyote.AbstractProtocol$ConnectionHandler.process(AbstractProtocol.java:905) ~[tomcat-embed-core-10.1.30.jar:10.1.30]
		at org.apache.tomcat.util.net.NioEndpoint$SocketProcessor.doRun(NioEndpoint.java:1741) ~[tomcat-embed-core-10.1.30.jar:10.1.30]
		at org.apache.tomcat.util.net.SocketProcessorBase.run(SocketProcessorBase.java:52) ~[tomcat-embed-core-10.1.30.jar:10.1.30]
		at org.apache.tomcat.util.threads.ThreadPoolExecutor.runWorker(ThreadPoolExecutor.java:1190) ~[tomcat-embed-core-10.1.30.jar:10.1.30]
		at org.apache.tomcat.util.threads.ThreadPoolExecutor$Worker.run(ThreadPoolExecutor.java:659) ~[tomcat-embed-core-10.1.30.jar:10.1.30]
		at org.apache.tomcat.util.threads.TaskThread$WrappingRunnable.run(TaskThread.java:63) ~[tomcat-embed-core-10.1.30.jar:10.1.30]
		at java.base/java.lang.Thread.run(Thread.java:1575) ~[na:na]

17:24:12:259 ERROR 23996 --- [gateway] [http-nio-8080-exec-4] a.w.r.e.AbstractErrorWebExceptionHandler : [6d325ba2]  500 Server Error for HTTP GET "/ws"

java.lang.ClassCastException: class org.apache.catalina.connector.ResponseFacade cannot be cast to class reactor.netty.http.server.HttpServerResponse (org.apache.catalina.connector.ResponseFacade and reactor.netty.http.server.HttpServerResponse are in unnamed module of loader 'app')
	at org.springframework.web.reactive.socket.server.upgrade.ReactorNettyRequestUpgradeStrategy.upgrade(ReactorNettyRequestUpgradeStrategy.java:163) ~[spring-webflux-6.1.13.jar:6.1.13]
	Suppressed: reactor.core.publisher.FluxOnAssembly$OnAssemblyException: 
Error has been observed at the following site(s):
	*__checkpoint ⇢ org.springframework.cloud.gateway.filter.WeightCalculatorWebFilter [DefaultWebFilterChain]
	*__checkpoint ⇢ HTTP GET "/ws" [ExceptionHandlingWebHandler]
Original Stack Trace:
		at org.springframework.web.reactive.socket.server.upgrade.ReactorNettyRequestUpgradeStrategy.upgrade(ReactorNettyRequestUpgradeStrategy.java:163) ~[spring-webflux-6.1.13.jar:6.1.13]
		at org.springframework.web.reactive.socket.server.support.HandshakeWebSocketService.lambda$handleRequest$1(HandshakeWebSocketService.java:221) ~[spring-webflux-6.1.13.jar:6.1.13]
		at reactor.core.publisher.FluxFlatMap.trySubscribeScalarMap(FluxFlatMap.java:153) ~[reactor-core-3.6.10.jar:3.6.10]
		at reactor.core.publisher.MonoFlatMap.subscribeOrReturn(MonoFlatMap.java:53) ~[reactor-core-3.6.10.jar:3.6.10]
		at reactor.core.publisher.InternalMonoOperator.subscribe(InternalMonoOperator.java:63) ~[reactor-core-3.6.10.jar:3.6.10]
		at reactor.core.publisher.MonoDefer.subscribe(MonoDefer.java:53) ~[reactor-core-3.6.10.jar:3.6.10]
		at reactor.core.publisher.MonoDefer.subscribe(MonoDefer.java:53) ~[reactor-core-3.6.10.jar:3.6.10]
		at reactor.core.publisher.MonoIgnoreThen$ThenIgnoreMain.subscribeNext(MonoIgnoreThen.java:241) ~[reactor-core-3.6.10.jar:3.6.10]
		at reactor.core.publisher.MonoIgnoreThen$ThenIgnoreMain.onComplete(MonoIgnoreThen.java:204) ~[reactor-core-3.6.10.jar:3.6.10]
		at reactor.core.publisher.FluxPeek$PeekSubscriber.onComplete(FluxPeek.java:260) ~[reactor-core-3.6.10.jar:3.6.10]
		at reactor.core.publisher.FluxMap$MapSubscriber.onComplete(FluxMap.java:144) ~[reactor-core-3.6.10.jar:3.6.10]
		at reactor.core.publisher.MonoNext$NextSubscriber.onComplete(MonoNext.java:102) ~[reactor-core-3.6.10.jar:3.6.10]
		at reactor.core.publisher.MonoNext$NextSubscriber.onNext(MonoNext.java:83) ~[reactor-core-3.6.10.jar:3.6.10]
		at reactor.core.publisher.FluxDematerialize$DematerializeSubscriber.onNext(FluxDematerialize.java:98) ~[reactor-core-3.6.10.jar:3.6.10]
		at reactor.core.publisher.FluxDematerialize$DematerializeSubscriber.onNext(FluxDematerialize.java:44) ~[reactor-core-3.6.10.jar:3.6.10]
		at reactor.core.publisher.FluxFlattenIterable$FlattenIterableSubscriber.drainAsync(FluxFlattenIterable.java:453) ~[reactor-core-3.6.10.jar:3.6.10]
		at reactor.core.publisher.FluxFlattenIterable$FlattenIterableSubscriber.drain(FluxFlattenIterable.java:724) ~[reactor-core-3.6.10.jar:3.6.10]
		at reactor.core.publisher.FluxFlattenIterable$FlattenIterableSubscriber.onNext(FluxFlattenIterable.java:256) ~[reactor-core-3.6.10.jar:3.6.10]
		at reactor.core.publisher.FluxSwitchIfEmpty$SwitchIfEmptySubscriber.onNext(FluxSwitchIfEmpty.java:74) ~[reactor-core-3.6.10.jar:3.6.10]
		at reactor.core.publisher.Operators$BaseFluxToMonoOperator.completePossiblyEmpty(Operators.java:2097) ~[reactor-core-3.6.10.jar:3.6.10]
		at reactor.core.publisher.MonoCollectList$MonoCollectListSubscriber.onComplete(MonoCollectList.java:118) ~[reactor-core-3.6.10.jar:3.6.10]
		at reactor.core.publisher.DrainUtils.postCompleteDrain(DrainUtils.java:132) ~[reactor-core-3.6.10.jar:3.6.10]
		at reactor.core.publisher.DrainUtils.postComplete(DrainUtils.java:187) ~[reactor-core-3.6.10.jar:3.6.10]
		at reactor.core.publisher.FluxMaterialize$MaterializeSubscriber.onComplete(FluxMaterialize.java:141) ~[reactor-core-3.6.10.jar:3.6.10]
		at reactor.core.publisher.Operators$ScalarSubscription.request(Operators.java:2573) ~[reactor-core-3.6.10.jar:3.6.10]
		at reactor.core.publisher.FluxMaterialize$MaterializeSubscriber.request(FluxMaterialize.java:148) ~[reactor-core-3.6.10.jar:3.6.10]
		at reactor.core.publisher.Operators$BaseFluxToMonoOperator.request(Operators.java:2067) ~[reactor-core-3.6.10.jar:3.6.10]
		at reactor.core.publisher.Operators$MultiSubscriptionSubscriber.set(Operators.java:2367) ~[reactor-core-3.6.10.jar:3.6.10]
		at reactor.core.publisher.Operators$MultiSubscriptionSubscriber.onSubscribe(Operators.java:2241) ~[reactor-core-3.6.10.jar:3.6.10]
		at reactor.core.publisher.Operators$BaseFluxToMonoOperator.onSubscribe(Operators.java:2051) ~[reactor-core-3.6.10.jar:3.6.10]
		at reactor.core.publisher.FluxMaterialize$MaterializeSubscriber.onSubscribe(FluxMaterialize.java:103) ~[reactor-core-3.6.10.jar:3.6.10]
		at reactor.core.publisher.FluxJust.subscribe(FluxJust.java:68) ~[reactor-core-3.6.10.jar:3.6.10]
		at reactor.core.publisher.InternalFluxOperator.subscribe(InternalFluxOperator.java:68) ~[reactor-core-3.6.10.jar:3.6.10]
		at reactor.core.publisher.FluxDefer.subscribe(FluxDefer.java:54) ~[reactor-core-3.6.10.jar:3.6.10]
		at reactor.core.publisher.Mono.subscribe(Mono.java:4576) ~[reactor-core-3.6.10.jar:3.6.10]
		at reactor.core.publisher.MonoIgnoreThen$ThenIgnoreMain.subscribeNext(MonoIgnoreThen.java:265) ~[reactor-core-3.6.10.jar:3.6.10]
		at reactor.core.publisher.MonoIgnoreThen.subscribe(MonoIgnoreThen.java:51) ~[reactor-core-3.6.10.jar:3.6.10]
		at reactor.core.publisher.InternalMonoOperator.subscribe(InternalMonoOperator.java:76) ~[reactor-core-3.6.10.jar:3.6.10]
		at reactor.core.publisher.MonoDefer.subscribe(MonoDefer.java:53) ~[reactor-core-3.6.10.jar:3.6.10]
		at reactor.core.publisher.MonoDefer.subscribe(MonoDefer.java:53) ~[reactor-core-3.6.10.jar:3.6.10]
		at reactor.core.publisher.MonoDefer.subscribe(MonoDefer.java:53) ~[reactor-core-3.6.10.jar:3.6.10]
		at reactor.core.publisher.MonoDefer.subscribe(MonoDefer.java:53) ~[reactor-core-3.6.10.jar:3.6.10]
		at reactor.core.publisher.Mono.subscribe(Mono.java:4576) ~[reactor-core-3.6.10.jar:3.6.10]
		at reactor.core.publisher.MonoIgnoreThen$ThenIgnoreMain.subscribeNext(MonoIgnoreThen.java:265) ~[reactor-core-3.6.10.jar:3.6.10]
		at reactor.core.publisher.MonoIgnoreThen.subscribe(MonoIgnoreThen.java:51) ~[reactor-core-3.6.10.jar:3.6.10]
		at reactor.core.publisher.InternalMonoOperator.subscribe(InternalMonoOperator.java:76) ~[reactor-core-3.6.10.jar:3.6.10]
		at reactor.core.publisher.MonoDefer.subscribe(MonoDefer.java:53) ~[reactor-core-3.6.10.jar:3.6.10]
		at reactor.core.publisher.MonoDefer.subscribe(MonoDefer.java:53) ~[reactor-core-3.6.10.jar:3.6.10]
		at reactor.core.publisher.MonoDefer.subscribe(MonoDefer.java:53) ~[reactor-core-3.6.10.jar:3.6.10]
		at reactor.core.publisher.InternalMonoOperator.subscribe(InternalMonoOperator.java:76) ~[reactor-core-3.6.10.jar:3.6.10]
		at reactor.core.publisher.MonoDefer.subscribe(MonoDefer.java:53) ~[reactor-core-3.6.10.jar:3.6.10]
		at reactor.core.publisher.Mono.subscribe(Mono.java:4576) ~[reactor-core-3.6.10.jar:3.6.10]
		at reactor.core.publisher.MonoIgnoreThen$ThenIgnoreMain.subscribeNext(MonoIgnoreThen.java:265) ~[reactor-core-3.6.10.jar:3.6.10]
		at reactor.core.publisher.MonoIgnoreThen.subscribe(MonoIgnoreThen.java:51) ~[reactor-core-3.6.10.jar:3.6.10]
		at reactor.core.publisher.InternalMonoOperator.subscribe(InternalMonoOperator.java:76) ~[reactor-core-3.6.10.jar:3.6.10]
		at reactor.core.publisher.MonoFlatMap$FlatMapMain.onNext(MonoFlatMap.java:165) ~[reactor-core-3.6.10.jar:3.6.10]
		at reactor.core.publisher.FluxOnErrorResume$ResumeSubscriber.onNext(FluxOnErrorResume.java:79) ~[reactor-core-3.6.10.jar:3.6.10]
		at reactor.core.publisher.FluxSwitchIfEmpty$SwitchIfEmptySubscriber.onNext(FluxSwitchIfEmpty.java:74) ~[reactor-core-3.6.10.jar:3.6.10]
		at reactor.core.publisher.MonoNext$NextSubscriber.onNext(MonoNext.java:82) ~[reactor-core-3.6.10.jar:3.6.10]
		at reactor.core.publisher.FluxConcatMapNoPrefetch$FluxConcatMapNoPrefetchSubscriber.innerNext(FluxConcatMapNoPrefetch.java:259) ~[reactor-core-3.6.10.jar:3.6.10]
		at reactor.core.publisher.FluxConcatMap$ConcatMapInner.onNext(FluxConcatMap.java:865) ~[reactor-core-3.6.10.jar:3.6.10]
		at reactor.core.publisher.FluxMap$MapSubscriber.onNext(FluxMap.java:122) ~[reactor-core-3.6.10.jar:3.6.10]
		at reactor.core.publisher.FluxSwitchIfEmpty$SwitchIfEmptySubscriber.onNext(FluxSwitchIfEmpty.java:74) ~[reactor-core-3.6.10.jar:3.6.10]
		at reactor.core.publisher.FluxMap$MapSubscriber.onNext(FluxMap.java:122) ~[reactor-core-3.6.10.jar:3.6.10]
		at reactor.core.publisher.FluxMap$MapSubscriber.onNext(FluxMap.java:122) ~[reactor-core-3.6.10.jar:3.6.10]
		at reactor.core.publisher.MonoNext$NextSubscriber.onNext(MonoNext.java:82) ~[reactor-core-3.6.10.jar:3.6.10]
		at reactor.core.publisher.FluxConcatMapNoPrefetch$FluxConcatMapNoPrefetchSubscriber.innerNext(FluxConcatMapNoPrefetch.java:259) ~[reactor-core-3.6.10.jar:3.6.10]
		at reactor.core.publisher.FluxConcatMap$ConcatMapInner.onNext(FluxConcatMap.java:865) ~[reactor-core-3.6.10.jar:3.6.10]
		at reactor.core.publisher.FluxOnErrorResume$ResumeSubscriber.onNext(FluxOnErrorResume.java:79) ~[reactor-core-3.6.10.jar:3.6.10]
		at reactor.core.publisher.MonoPeekTerminal$MonoTerminalPeekSubscriber.onNext(MonoPeekTerminal.java:180) ~[reactor-core-3.6.10.jar:3.6.10]
		at reactor.core.publisher.MonoFilterWhen$MonoFilterWhenMain.onNext(MonoFilterWhen.java:136) ~[reactor-core-3.6.10.jar:3.6.10]
		at reactor.core.publisher.Operators$ScalarSubscription.request(Operators.java:2571) ~[reactor-core-3.6.10.jar:3.6.10]
		at reactor.core.publisher.MonoFilterWhen$MonoFilterWhenMain.request(MonoFilterWhen.java:183) ~[reactor-core-3.6.10.jar:3.6.10]
		at reactor.core.publisher.MonoPeekTerminal$MonoTerminalPeekSubscriber.request(MonoPeekTerminal.java:139) ~[reactor-core-3.6.10.jar:3.6.10]
		at reactor.core.publisher.Operators$MultiSubscriptionSubscriber.request(Operators.java:2331) ~[reactor-core-3.6.10.jar:3.6.10]
		at reactor.core.publisher.Operators$MultiSubscriptionSubscriber.request(Operators.java:2331) ~[reactor-core-3.6.10.jar:3.6.10]
		at reactor.core.publisher.FluxConcatMapNoPrefetch$FluxConcatMapNoPrefetchSubscriber.request(FluxConcatMapNoPrefetch.java:339) ~[reactor-core-3.6.10.jar:3.6.10]
		at reactor.core.publisher.MonoNext$NextSubscriber.request(MonoNext.java:108) ~[reactor-core-3.6.10.jar:3.6.10]
		at reactor.core.publisher.FluxMap$MapSubscriber.request(FluxMap.java:164) ~[reactor-core-3.6.10.jar:3.6.10]
		at reactor.core.publisher.FluxMap$MapSubscriber.request(FluxMap.java:164) ~[reactor-core-3.6.10.jar:3.6.10]
		at reactor.core.publisher.Operators$MultiSubscriptionSubscriber.request(Operators.java:2331) ~[reactor-core-3.6.10.jar:3.6.10]
		at reactor.core.publisher.FluxMap$MapSubscriber.request(FluxMap.java:164) ~[reactor-core-3.6.10.jar:3.6.10]
		at reactor.core.publisher.Operators$MultiSubscriptionSubscriber.request(Operators.java:2331) ~[reactor-core-3.6.10.jar:3.6.10]
		at reactor.core.publisher.FluxConcatMapNoPrefetch$FluxConcatMapNoPrefetchSubscriber.request(FluxConcatMapNoPrefetch.java:339) ~[reactor-core-3.6.10.jar:3.6.10]
		at reactor.core.publisher.MonoNext$NextSubscriber.request(MonoNext.java:108) ~[reactor-core-3.6.10.jar:3.6.10]
		at reactor.core.publisher.Operators$MultiSubscriptionSubscriber.set(Operators.java:2367) ~[reactor-core-3.6.10.jar:3.6.10]
		at reactor.core.publisher.Operators$MultiSubscriptionSubscriber.onSubscribe(Operators.java:2241) ~[reactor-core-3.6.10.jar:3.6.10]
		at reactor.core.publisher.MonoNext$NextSubscriber.onSubscribe(MonoNext.java:70) ~[reactor-core-3.6.10.jar:3.6.10]
		at reactor.core.publisher.FluxConcatMapNoPrefetch$FluxConcatMapNoPrefetchSubscriber.onSubscribe(FluxConcatMapNoPrefetch.java:164) ~[reactor-core-3.6.10.jar:3.6.10]
		at reactor.core.publisher.FluxIterable.subscribe(FluxIterable.java:201) ~[reactor-core-3.6.10.jar:3.6.10]
		at reactor.core.publisher.FluxIterable.subscribe(FluxIterable.java:83) ~[reactor-core-3.6.10.jar:3.6.10]
		at reactor.core.publisher.InternalMonoOperator.subscribe(InternalMonoOperator.java:76) ~[reactor-core-3.6.10.jar:3.6.10]
		at reactor.core.publisher.MonoDefer.subscribe(MonoDefer.java:53) ~[reactor-core-3.6.10.jar:3.6.10]
		at reactor.core.publisher.InternalMonoOperator.subscribe(InternalMonoOperator.java:76) ~[reactor-core-3.6.10.jar:3.6.10]
		at reactor.core.publisher.MonoDefer.subscribe(MonoDefer.java:53) ~[reactor-core-3.6.10.jar:3.6.10]
		at reactor.core.publisher.Mono.subscribe(Mono.java:4576) ~[reactor-core-3.6.10.jar:3.6.10]
		at reactor.core.publisher.MonoIgnoreThen$ThenIgnoreMain.subscribeNext(MonoIgnoreThen.java:265) ~[reactor-core-3.6.10.jar:3.6.10]
		at reactor.core.publisher.MonoIgnoreThen.subscribe(MonoIgnoreThen.java:51) ~[reactor-core-3.6.10.jar:3.6.10]
		at reactor.core.publisher.Mono.subscribe(Mono.java:4576) ~[reactor-core-3.6.10.jar:3.6.10]
		at org.springframework.http.server.reactive.ServletHttpHandlerAdapter.service(ServletHttpHandlerAdapter.java:199) ~[spring-web-6.1.13.jar:6.1.13]
		at org.apache.catalina.core.ApplicationFilterChain.internalDoFilter(ApplicationFilterChain.java:195) ~[tomcat-embed-core-10.1.30.jar:10.1.30]
		at org.apache.catalina.core.ApplicationFilterChain.doFilter(ApplicationFilterChain.java:140) ~[tomcat-embed-core-10.1.30.jar:10.1.30]
		at org.apache.tomcat.websocket.server.WsFilter.doFilter(WsFilter.java:51) ~[tomcat-embed-websocket-10.1.30.jar:10.1.30]
		at org.apache.catalina.core.ApplicationFilterChain.internalDoFilter(ApplicationFilterChain.java:164) ~[tomcat-embed-core-10.1.30.jar:10.1.30]
		at org.apache.catalina.core.ApplicationFilterChain.doFilter(ApplicationFilterChain.java:140) ~[tomcat-embed-core-10.1.30.jar:10.1.30]
		at org.apache.catalina.core.StandardWrapperValve.invoke(StandardWrapperValve.java:167) ~[tomcat-embed-core-10.1.30.jar:10.1.30]
		at org.apache.catalina.core.StandardContextValve.invoke(StandardContextValve.java:90) ~[tomcat-embed-core-10.1.30.jar:10.1.30]
		at org.apache.catalina.authenticator.AuthenticatorBase.invoke(AuthenticatorBase.java:483) ~[tomcat-embed-core-10.1.30.jar:10.1.30]
		at org.apache.catalina.core.StandardHostValve.invoke(StandardHostValve.java:115) ~[tomcat-embed-core-10.1.30.jar:10.1.30]
		at org.apache.catalina.valves.ErrorReportValve.invoke(ErrorReportValve.java:93) ~[tomcat-embed-core-10.1.30.jar:10.1.30]
		at org.apache.catalina.core.StandardEngineValve.invoke(StandardEngineValve.java:74) ~[tomcat-embed-core-10.1.30.jar:10.1.30]
		at org.apache.catalina.connector.CoyoteAdapter.service(CoyoteAdapter.java:344) ~[tomcat-embed-core-10.1.30.jar:10.1.30]
		at org.apache.coyote.http11.Http11Processor.service(Http11Processor.java:384) ~[tomcat-embed-core-10.1.30.jar:10.1.30]
		at org.apache.coyote.AbstractProcessorLight.process(AbstractProcessorLight.java:63) ~[tomcat-embed-core-10.1.30.jar:10.1.30]
		at org.apache.coyote.AbstractProtocol$ConnectionHandler.process(AbstractProtocol.java:905) ~[tomcat-embed-core-10.1.30.jar:10.1.30]
		at org.apache.tomcat.util.net.NioEndpoint$SocketProcessor.doRun(NioEndpoint.java:1741) ~[tomcat-embed-core-10.1.30.jar:10.1.30]
		at org.apache.tomcat.util.net.SocketProcessorBase.run(SocketProcessorBase.java:52) ~[tomcat-embed-core-10.1.30.jar:10.1.30]
		at org.apache.tomcat.util.threads.ThreadPoolExecutor.runWorker(ThreadPoolExecutor.java:1190) ~[tomcat-embed-core-10.1.30.jar:10.1.30]
		at org.apache.tomcat.util.threads.ThreadPoolExecutor$Worker.run(ThreadPoolExecutor.java:659) ~[tomcat-embed-core-10.1.30.jar:10.1.30]
		at org.apache.tomcat.util.threads.TaskThread$WrappingRunnable.run(TaskThread.java:63) ~[tomcat-embed-core-10.1.30.jar:10.1.30]
		at java.base/java.lang.Thread.run(Thread.java:1575) ~[na:na]

17:24:12:521 ERROR 23996 --- [gateway] [http-nio-8080-exec-3] a.w.r.e.AbstractErrorWebExceptionHandler : [78e96435]  500 Server Error for HTTP GET "/ws"

java.lang.ClassCastException: class org.apache.catalina.connector.ResponseFacade cannot be cast to class reactor.netty.http.server.HttpServerResponse (org.apache.catalina.connector.ResponseFacade and reactor.netty.http.server.HttpServerResponse are in unnamed module of loader 'app')
	at org.springframework.web.reactive.socket.server.upgrade.ReactorNettyRequestUpgradeStrategy.upgrade(ReactorNettyRequestUpgradeStrategy.java:163) ~[spring-webflux-6.1.13.jar:6.1.13]
	Suppressed: reactor.core.publisher.FluxOnAssembly$OnAssemblyException: 
Error has been observed at the following site(s):
	*__checkpoint ⇢ org.springframework.cloud.gateway.filter.WeightCalculatorWebFilter [DefaultWebFilterChain]
	*__checkpoint ⇢ HTTP GET "/ws" [ExceptionHandlingWebHandler]
Original Stack Trace:
		at org.springframework.web.reactive.socket.server.upgrade.ReactorNettyRequestUpgradeStrategy.upgrade(ReactorNettyRequestUpgradeStrategy.java:163) ~[spring-webflux-6.1.13.jar:6.1.13]
		at org.springframework.web.reactive.socket.server.support.HandshakeWebSocketService.lambda$handleRequest$1(HandshakeWebSocketService.java:221) ~[spring-webflux-6.1.13.jar:6.1.13]
		at reactor.core.publisher.FluxFlatMap.trySubscribeScalarMap(FluxFlatMap.java:153) ~[reactor-core-3.6.10.jar:3.6.10]
		at reactor.core.publisher.MonoFlatMap.subscribeOrReturn(MonoFlatMap.java:53) ~[reactor-core-3.6.10.jar:3.6.10]
		at reactor.core.publisher.InternalMonoOperator.subscribe(InternalMonoOperator.java:63) ~[reactor-core-3.6.10.jar:3.6.10]
		at reactor.core.publisher.MonoDefer.subscribe(MonoDefer.java:53) ~[reactor-core-3.6.10.jar:3.6.10]
		at reactor.core.publisher.MonoDefer.subscribe(MonoDefer.java:53) ~[reactor-core-3.6.10.jar:3.6.10]
		at reactor.core.publisher.MonoIgnoreThen$ThenIgnoreMain.subscribeNext(MonoIgnoreThen.java:241) ~[reactor-core-3.6.10.jar:3.6.10]
		at reactor.core.publisher.MonoIgnoreThen$ThenIgnoreMain.onComplete(MonoIgnoreThen.java:204) ~[reactor-core-3.6.10.jar:3.6.10]
		at reactor.core.publisher.FluxPeek$PeekSubscriber.onComplete(FluxPeek.java:260) ~[reactor-core-3.6.10.jar:3.6.10]
		at reactor.core.publisher.FluxMap$MapSubscriber.onComplete(FluxMap.java:144) ~[reactor-core-3.6.10.jar:3.6.10]
		at reactor.core.publisher.MonoNext$NextSubscriber.onComplete(MonoNext.java:102) ~[reactor-core-3.6.10.jar:3.6.10]
		at reactor.core.publisher.MonoNext$NextSubscriber.onNext(MonoNext.java:83) ~[reactor-core-3.6.10.jar:3.6.10]
		at reactor.core.publisher.FluxDematerialize$DematerializeSubscriber.onNext(FluxDematerialize.java:98) ~[reactor-core-3.6.10.jar:3.6.10]
		at reactor.core.publisher.FluxDematerialize$DematerializeSubscriber.onNext(FluxDematerialize.java:44) ~[reactor-core-3.6.10.jar:3.6.10]
		at reactor.core.publisher.FluxFlattenIterable$FlattenIterableSubscriber.drainAsync(FluxFlattenIterable.java:453) ~[reactor-core-3.6.10.jar:3.6.10]
		at reactor.core.publisher.FluxFlattenIterable$FlattenIterableSubscriber.drain(FluxFlattenIterable.java:724) ~[reactor-core-3.6.10.jar:3.6.10]
		at reactor.core.publisher.FluxFlattenIterable$FlattenIterableSubscriber.onNext(FluxFlattenIterable.java:256) ~[reactor-core-3.6.10.jar:3.6.10]
		at reactor.core.publisher.FluxSwitchIfEmpty$SwitchIfEmptySubscriber.onNext(FluxSwitchIfEmpty.java:74) ~[reactor-core-3.6.10.jar:3.6.10]
		at reactor.core.publisher.Operators$BaseFluxToMonoOperator.completePossiblyEmpty(Operators.java:2097) ~[reactor-core-3.6.10.jar:3.6.10]
		at reactor.core.publisher.MonoCollectList$MonoCollectListSubscriber.onComplete(MonoCollectList.java:118) ~[reactor-core-3.6.10.jar:3.6.10]
		at reactor.core.publisher.DrainUtils.postCompleteDrain(DrainUtils.java:132) ~[reactor-core-3.6.10.jar:3.6.10]
		at reactor.core.publisher.DrainUtils.postComplete(DrainUtils.java:187) ~[reactor-core-3.6.10.jar:3.6.10]
		at reactor.core.publisher.FluxMaterialize$MaterializeSubscriber.onComplete(FluxMaterialize.java:141) ~[reactor-core-3.6.10.jar:3.6.10]
		at reactor.core.publisher.Operators$ScalarSubscription.request(Operators.java:2573) ~[reactor-core-3.6.10.jar:3.6.10]
		at reactor.core.publisher.FluxMaterialize$MaterializeSubscriber.request(FluxMaterialize.java:148) ~[reactor-core-3.6.10.jar:3.6.10]
		at reactor.core.publisher.Operators$BaseFluxToMonoOperator.request(Operators.java:2067) ~[reactor-core-3.6.10.jar:3.6.10]
		at reactor.core.publisher.Operators$MultiSubscriptionSubscriber.set(Operators.java:2367) ~[reactor-core-3.6.10.jar:3.6.10]
		at reactor.core.publisher.Operators$MultiSubscriptionSubscriber.onSubscribe(Operators.java:2241) ~[reactor-core-3.6.10.jar:3.6.10]
		at reactor.core.publisher.Operators$BaseFluxToMonoOperator.onSubscribe(Operators.java:2051) ~[reactor-core-3.6.10.jar:3.6.10]
		at reactor.core.publisher.FluxMaterialize$MaterializeSubscriber.onSubscribe(FluxMaterialize.java:103) ~[reactor-core-3.6.10.jar:3.6.10]
		at reactor.core.publisher.FluxJust.subscribe(FluxJust.java:68) ~[reactor-core-3.6.10.jar:3.6.10]
		at reactor.core.publisher.InternalFluxOperator.subscribe(InternalFluxOperator.java:68) ~[reactor-core-3.6.10.jar:3.6.10]
		at reactor.core.publisher.FluxDefer.subscribe(FluxDefer.java:54) ~[reactor-core-3.6.10.jar:3.6.10]
		at reactor.core.publisher.Mono.subscribe(Mono.java:4576) ~[reactor-core-3.6.10.jar:3.6.10]
		at reactor.core.publisher.MonoIgnoreThen$ThenIgnoreMain.subscribeNext(MonoIgnoreThen.java:265) ~[reactor-core-3.6.10.jar:3.6.10]
		at reactor.core.publisher.MonoIgnoreThen.subscribe(MonoIgnoreThen.java:51) ~[reactor-core-3.6.10.jar:3.6.10]
		at reactor.core.publisher.InternalMonoOperator.subscribe(InternalMonoOperator.java:76) ~[reactor-core-3.6.10.jar:3.6.10]
		at reactor.core.publisher.MonoDefer.subscribe(MonoDefer.java:53) ~[reactor-core-3.6.10.jar:3.6.10]
		at reactor.core.publisher.MonoDefer.subscribe(MonoDefer.java:53) ~[reactor-core-3.6.10.jar:3.6.10]
		at reactor.core.publisher.MonoDefer.subscribe(MonoDefer.java:53) ~[reactor-core-3.6.10.jar:3.6.10]
		at reactor.core.publisher.MonoDefer.subscribe(MonoDefer.java:53) ~[reactor-core-3.6.10.jar:3.6.10]
		at reactor.core.publisher.Mono.subscribe(Mono.java:4576) ~[reactor-core-3.6.10.jar:3.6.10]
		at reactor.core.publisher.MonoIgnoreThen$ThenIgnoreMain.subscribeNext(MonoIgnoreThen.java:265) ~[reactor-core-3.6.10.jar:3.6.10]
		at reactor.core.publisher.MonoIgnoreThen.subscribe(MonoIgnoreThen.java:51) ~[reactor-core-3.6.10.jar:3.6.10]
		at reactor.core.publisher.InternalMonoOperator.subscribe(InternalMonoOperator.java:76) ~[reactor-core-3.6.10.jar:3.6.10]
		at reactor.core.publisher.MonoDefer.subscribe(MonoDefer.java:53) ~[reactor-core-3.6.10.jar:3.6.10]
		at reactor.core.publisher.MonoDefer.subscribe(MonoDefer.java:53) ~[reactor-core-3.6.10.jar:3.6.10]
		at reactor.core.publisher.MonoDefer.subscribe(MonoDefer.java:53) ~[reactor-core-3.6.10.jar:3.6.10]
		at reactor.core.publisher.InternalMonoOperator.subscribe(InternalMonoOperator.java:76) ~[reactor-core-3.6.10.jar:3.6.10]
		at reactor.core.publisher.MonoDefer.subscribe(MonoDefer.java:53) ~[reactor-core-3.6.10.jar:3.6.10]
		at reactor.core.publisher.Mono.subscribe(Mono.java:4576) ~[reactor-core-3.6.10.jar:3.6.10]
		at reactor.core.publisher.MonoIgnoreThen$ThenIgnoreMain.subscribeNext(MonoIgnoreThen.java:265) ~[reactor-core-3.6.10.jar:3.6.10]
		at reactor.core.publisher.MonoIgnoreThen.subscribe(MonoIgnoreThen.java:51) ~[reactor-core-3.6.10.jar:3.6.10]
		at reactor.core.publisher.InternalMonoOperator.subscribe(InternalMonoOperator.java:76) ~[reactor-core-3.6.10.jar:3.6.10]
		at reactor.core.publisher.MonoFlatMap$FlatMapMain.onNext(MonoFlatMap.java:165) ~[reactor-core-3.6.10.jar:3.6.10]
		at reactor.core.publisher.FluxOnErrorResume$ResumeSubscriber.onNext(FluxOnErrorResume.java:79) ~[reactor-core-3.6.10.jar:3.6.10]
		at reactor.core.publisher.FluxSwitchIfEmpty$SwitchIfEmptySubscriber.onNext(FluxSwitchIfEmpty.java:74) ~[reactor-core-3.6.10.jar:3.6.10]
		at reactor.core.publisher.MonoNext$NextSubscriber.onNext(MonoNext.java:82) ~[reactor-core-3.6.10.jar:3.6.10]
		at reactor.core.publisher.FluxConcatMapNoPrefetch$FluxConcatMapNoPrefetchSubscriber.innerNext(FluxConcatMapNoPrefetch.java:259) ~[reactor-core-3.6.10.jar:3.6.10]
		at reactor.core.publisher.FluxConcatMap$ConcatMapInner.onNext(FluxConcatMap.java:865) ~[reactor-core-3.6.10.jar:3.6.10]
		at reactor.core.publisher.FluxMap$MapSubscriber.onNext(FluxMap.java:122) ~[reactor-core-3.6.10.jar:3.6.10]
		at reactor.core.publisher.FluxSwitchIfEmpty$SwitchIfEmptySubscriber.onNext(FluxSwitchIfEmpty.java:74) ~[reactor-core-3.6.10.jar:3.6.10]
		at reactor.core.publisher.FluxMap$MapSubscriber.onNext(FluxMap.java:122) ~[reactor-core-3.6.10.jar:3.6.10]
		at reactor.core.publisher.FluxMap$MapSubscriber.onNext(FluxMap.java:122) ~[reactor-core-3.6.10.jar:3.6.10]
		at reactor.core.publisher.MonoNext$NextSubscriber.onNext(MonoNext.java:82) ~[reactor-core-3.6.10.jar:3.6.10]
		at reactor.core.publisher.FluxConcatMapNoPrefetch$FluxConcatMapNoPrefetchSubscriber.innerNext(FluxConcatMapNoPrefetch.java:259) ~[reactor-core-3.6.10.jar:3.6.10]
		at reactor.core.publisher.FluxConcatMap$ConcatMapInner.onNext(FluxConcatMap.java:865) ~[reactor-core-3.6.10.jar:3.6.10]
		at reactor.core.publisher.FluxOnErrorResume$ResumeSubscriber.onNext(FluxOnErrorResume.java:79) ~[reactor-core-3.6.10.jar:3.6.10]
		at reactor.core.publisher.MonoPeekTerminal$MonoTerminalPeekSubscriber.onNext(MonoPeekTerminal.java:180) ~[reactor-core-3.6.10.jar:3.6.10]
		at reactor.core.publisher.MonoFilterWhen$MonoFilterWhenMain.onNext(MonoFilterWhen.java:136) ~[reactor-core-3.6.10.jar:3.6.10]
		at reactor.core.publisher.Operators$ScalarSubscription.request(Operators.java:2571) ~[reactor-core-3.6.10.jar:3.6.10]
		at reactor.core.publisher.MonoFilterWhen$MonoFilterWhenMain.request(MonoFilterWhen.java:183) ~[reactor-core-3.6.10.jar:3.6.10]
		at reactor.core.publisher.MonoPeekTerminal$MonoTerminalPeekSubscriber.request(MonoPeekTerminal.java:139) ~[reactor-core-3.6.10.jar:3.6.10]
		at reactor.core.publisher.Operators$MultiSubscriptionSubscriber.request(Operators.java:2331) ~[reactor-core-3.6.10.jar:3.6.10]
		at reactor.core.publisher.Operators$MultiSubscriptionSubscriber.request(Operators.java:2331) ~[reactor-core-3.6.10.jar:3.6.10]
		at reactor.core.publisher.FluxConcatMapNoPrefetch$FluxConcatMapNoPrefetchSubscriber.request(FluxConcatMapNoPrefetch.java:339) ~[reactor-core-3.6.10.jar:3.6.10]
		at reactor.core.publisher.MonoNext$NextSubscriber.request(MonoNext.java:108) ~[reactor-core-3.6.10.jar:3.6.10]
		at reactor.core.publisher.FluxMap$MapSubscriber.request(FluxMap.java:164) ~[reactor-core-3.6.10.jar:3.6.10]
		at reactor.core.publisher.FluxMap$MapSubscriber.request(FluxMap.java:164) ~[reactor-core-3.6.10.jar:3.6.10]
		at reactor.core.publisher.Operators$MultiSubscriptionSubscriber.request(Operators.java:2331) ~[reactor-core-3.6.10.jar:3.6.10]
		at reactor.core.publisher.FluxMap$MapSubscriber.request(FluxMap.java:164) ~[reactor-core-3.6.10.jar:3.6.10]
		at reactor.core.publisher.Operators$MultiSubscriptionSubscriber.request(Operators.java:2331) ~[reactor-core-3.6.10.jar:3.6.10]
		at reactor.core.publisher.FluxConcatMapNoPrefetch$FluxConcatMapNoPrefetchSubscriber.request(FluxConcatMapNoPrefetch.java:339) ~[reactor-core-3.6.10.jar:3.6.10]
		at reactor.core.publisher.MonoNext$NextSubscriber.request(MonoNext.java:108) ~[reactor-core-3.6.10.jar:3.6.10]
		at reactor.core.publisher.Operators$MultiSubscriptionSubscriber.set(Operators.java:2367) ~[reactor-core-3.6.10.jar:3.6.10]
		at reactor.core.publisher.Operators$MultiSubscriptionSubscriber.onSubscribe(Operators.java:2241) ~[reactor-core-3.6.10.jar:3.6.10]
		at reactor.core.publisher.MonoNext$NextSubscriber.onSubscribe(MonoNext.java:70) ~[reactor-core-3.6.10.jar:3.6.10]
		at reactor.core.publisher.FluxConcatMapNoPrefetch$FluxConcatMapNoPrefetchSubscriber.onSubscribe(FluxConcatMapNoPrefetch.java:164) ~[reactor-core-3.6.10.jar:3.6.10]
		at reactor.core.publisher.FluxIterable.subscribe(FluxIterable.java:201) ~[reactor-core-3.6.10.jar:3.6.10]
		at reactor.core.publisher.FluxIterable.subscribe(FluxIterable.java:83) ~[reactor-core-3.6.10.jar:3.6.10]
		at reactor.core.publisher.InternalMonoOperator.subscribe(InternalMonoOperator.java:76) ~[reactor-core-3.6.10.jar:3.6.10]
		at reactor.core.publisher.MonoDefer.subscribe(MonoDefer.java:53) ~[reactor-core-3.6.10.jar:3.6.10]
		at reactor.core.publisher.InternalMonoOperator.subscribe(InternalMonoOperator.java:76) ~[reactor-core-3.6.10.jar:3.6.10]
		at reactor.core.publisher.MonoDefer.subscribe(MonoDefer.java:53) ~[reactor-core-3.6.10.jar:3.6.10]
		at reactor.core.publisher.Mono.subscribe(Mono.java:4576) ~[reactor-core-3.6.10.jar:3.6.10]
		at reactor.core.publisher.MonoIgnoreThen$ThenIgnoreMain.subscribeNext(MonoIgnoreThen.java:265) ~[reactor-core-3.6.10.jar:3.6.10]
		at reactor.core.publisher.MonoIgnoreThen.subscribe(MonoIgnoreThen.java:51) ~[reactor-core-3.6.10.jar:3.6.10]
		at reactor.core.publisher.Mono.subscribe(Mono.java:4576) ~[reactor-core-3.6.10.jar:3.6.10]
		at org.springframework.http.server.reactive.ServletHttpHandlerAdapter.service(ServletHttpHandlerAdapter.java:199) ~[spring-web-6.1.13.jar:6.1.13]
		at org.apache.catalina.core.ApplicationFilterChain.internalDoFilter(ApplicationFilterChain.java:195) ~[tomcat-embed-core-10.1.30.jar:10.1.30]
		at org.apache.catalina.core.ApplicationFilterChain.doFilter(ApplicationFilterChain.java:140) ~[tomcat-embed-core-10.1.30.jar:10.1.30]
		at org.apache.tomcat.websocket.server.WsFilter.doFilter(WsFilter.java:51) ~[tomcat-embed-websocket-10.1.30.jar:10.1.30]
		at org.apache.catalina.core.ApplicationFilterChain.internalDoFilter(ApplicationFilterChain.java:164) ~[tomcat-embed-core-10.1.30.jar:10.1.30]
		at org.apache.catalina.core.ApplicationFilterChain.doFilter(ApplicationFilterChain.java:140) ~[tomcat-embed-core-10.1.30.jar:10.1.30]
		at org.apache.catalina.core.StandardWrapperValve.invoke(StandardWrapperValve.java:167) ~[tomcat-embed-core-10.1.30.jar:10.1.30]
		at org.apache.catalina.core.StandardContextValve.invoke(StandardContextValve.java:90) ~[tomcat-embed-core-10.1.30.jar:10.1.30]
		at org.apache.catalina.authenticator.AuthenticatorBase.invoke(AuthenticatorBase.java:483) ~[tomcat-embed-core-10.1.30.jar:10.1.30]
		at org.apache.catalina.core.StandardHostValve.invoke(StandardHostValve.java:115) ~[tomcat-embed-core-10.1.30.jar:10.1.30]
		at org.apache.catalina.valves.ErrorReportValve.invoke(ErrorReportValve.java:93) ~[tomcat-embed-core-10.1.30.jar:10.1.30]
		at org.apache.catalina.core.StandardEngineValve.invoke(StandardEngineValve.java:74) ~[tomcat-embed-core-10.1.30.jar:10.1.30]
		at org.apache.catalina.connector.CoyoteAdapter.service(CoyoteAdapter.java:344) ~[tomcat-embed-core-10.1.30.jar:10.1.30]
		at org.apache.coyote.http11.Http11Processor.service(Http11Processor.java:384) ~[tomcat-embed-core-10.1.30.jar:10.1.30]
		at org.apache.coyote.AbstractProcessorLight.process(AbstractProcessorLight.java:63) ~[tomcat-embed-core-10.1.30.jar:10.1.30]
		at org.apache.coyote.AbstractProtocol$ConnectionHandler.process(AbstractProtocol.java:905) ~[tomcat-embed-core-10.1.30.jar:10.1.30]
		at org.apache.tomcat.util.net.NioEndpoint$SocketProcessor.doRun(NioEndpoint.java:1741) ~[tomcat-embed-core-10.1.30.jar:10.1.30]
		at org.apache.tomcat.util.net.SocketProcessorBase.run(SocketProcessorBase.java:52) ~[tomcat-embed-core-10.1.30.jar:10.1.30]
		at org.apache.tomcat.util.threads.ThreadPoolExecutor.runWorker(ThreadPoolExecutor.java:1190) ~[tomcat-embed-core-10.1.30.jar:10.1.30]
		at org.apache.tomcat.util.threads.ThreadPoolExecutor$Worker.run(ThreadPoolExecutor.java:659) ~[tomcat-embed-core-10.1.30.jar:10.1.30]
		at org.apache.tomcat.util.threads.TaskThread$WrappingRunnable.run(TaskThread.java:63) ~[tomcat-embed-core-10.1.30.jar:10.1.30]
		at java.base/java.lang.Thread.run(Thread.java:1575) ~[na:na]

17:27:56:018  WARN 23996 --- [gateway] [Thread-2] c.a.n.common.http.HttpClientBeanHolder   : [HttpClientBeanHolder] Start destroying common HttpClient
17:27:56:018  WARN 23996 --- [gateway] [Thread-5] c.a.nacos.common.notify.NotifyCenter     : [NotifyCenter] Start destroying Publisher
17:27:56:019  WARN 23996 --- [gateway] [Thread-5] c.a.nacos.common.notify.NotifyCenter     : [NotifyCenter] Destruction of the end
17:27:56:019  WARN 23996 --- [gateway] [Thread-2] c.a.n.common.http.HttpClientBeanHolder   : [HttpClientBeanHolder] Destruction of the end
17:27:56:030  INFO 23996 --- [gateway] [SpringApplicationShutdownHook] com.alibaba.druid.pool.DruidDataSource   : {dataSource-0} closing ...
17:27:56:031  INFO 23996 --- [gateway] [SpringApplicationShutdownHook] c.a.c.n.registry.NacosServiceRegistry    : De-registering from Nacos Server now...
17:27:56:031  INFO 23996 --- [gateway] [SpringApplicationShutdownHook] com.alibaba.nacos.client.naming          : [DEREGISTER-SERVICE] public deregistering service gateway with instance: Instance{instanceId='null', ip='192.168.148.1', port=8080, weight=1.0, healthy=true, enabled=true, ephemeral=true, clusterName='DEFAULT', serviceName='null', metadata={}}
17:27:56:039  INFO 23996 --- [gateway] [SpringApplicationShutdownHook] c.a.c.n.registry.NacosServiceRegistry    : De-registration finished.
17:27:56:040  INFO 23996 --- [gateway] [SpringApplicationShutdownHook] com.alibaba.nacos.client.naming          : com.alibaba.nacos.client.naming.cache.ServiceInfoHolder do shutdown begin
17:27:56:040  INFO 23996 --- [gateway] [SpringApplicationShutdownHook] com.alibaba.nacos.client.naming          : com.alibaba.nacos.client.naming.backups.FailoverReactor do shutdown begin
17:27:56:040  INFO 23996 --- [gateway] [SpringApplicationShutdownHook] com.alibaba.nacos.client.naming          : com.alibaba.nacos.client.naming.backups.FailoverReactor do shutdown stop
17:27:56:040  INFO 23996 --- [gateway] [SpringApplicationShutdownHook] com.alibaba.nacos.client.naming          : com.alibaba.nacos.client.naming.cache.ServiceInfoHolder do shutdown stop
17:27:56:040  INFO 23996 --- [gateway] [SpringApplicationShutdownHook] com.alibaba.nacos.client.naming          : com.alibaba.nacos.client.naming.remote.NamingClientProxyDelegate do shutdown begin
17:27:56:040  INFO 23996 --- [gateway] [SpringApplicationShutdownHook] com.alibaba.nacos.client.naming          : com.alibaba.nacos.client.naming.core.ServiceInfoUpdateService do shutdown begin
17:27:56:040  INFO 23996 --- [gateway] [SpringApplicationShutdownHook] com.alibaba.nacos.client.naming          : com.alibaba.nacos.client.naming.core.ServiceInfoUpdateService do shutdown stop
17:27:56:040  INFO 23996 --- [gateway] [SpringApplicationShutdownHook] com.alibaba.nacos.client.naming          : com.alibaba.nacos.client.naming.core.ServerListManager do shutdown begin
17:27:56:040  WARN 23996 --- [gateway] [SpringApplicationShutdownHook] com.alibaba.nacos.client.naming          : [NamingHttpClientManager] Start destroying NacosRestTemplate
17:27:56:040  WARN 23996 --- [gateway] [SpringApplicationShutdownHook] com.alibaba.nacos.client.naming          : [NamingHttpClientManager] Destruction of the end
17:27:56:040  INFO 23996 --- [gateway] [SpringApplicationShutdownHook] com.alibaba.nacos.client.naming          : com.alibaba.nacos.client.naming.core.ServerListManager do shutdown stop
17:27:56:040  INFO 23996 --- [gateway] [SpringApplicationShutdownHook] com.alibaba.nacos.client.naming          : com.alibaba.nacos.client.naming.remote.http.NamingHttpClientProxy do shutdown begin
17:27:56:040  WARN 23996 --- [gateway] [SpringApplicationShutdownHook] com.alibaba.nacos.client.naming          : [NamingHttpClientManager] Start destroying NacosRestTemplate
17:27:56:040  WARN 23996 --- [gateway] [SpringApplicationShutdownHook] com.alibaba.nacos.client.naming          : [NamingHttpClientManager] Destruction of the end
17:27:56:040  INFO 23996 --- [gateway] [SpringApplicationShutdownHook] com.alibaba.nacos.client.naming          : com.alibaba.nacos.client.naming.remote.http.NamingHttpClientProxy do shutdown stop
17:27:56:040  INFO 23996 --- [gateway] [SpringApplicationShutdownHook] com.alibaba.nacos.client.naming          : Shutdown naming grpc client proxy for  uuid->9f0f6cec-4f13-41df-88e5-17b4e91535f9
17:27:56:040  INFO 23996 --- [gateway] [SpringApplicationShutdownHook] com.alibaba.nacos.client.naming          : Shutdown grpc redo service executor java.util.concurrent.ScheduledThreadPoolExecutor@b4c89b6[Running, pool size = 1, active threads = 0, queued tasks = 1, completed tasks = 79]
17:27:56:040  INFO 23996 --- [gateway] [SpringApplicationShutdownHook] com.alibaba.nacos.common.remote.client   : Shutdown rpc client, set status to shutdown
17:27:56:040  INFO 23996 --- [gateway] [SpringApplicationShutdownHook] com.alibaba.nacos.common.remote.client   : Shutdown client event executor java.util.concurrent.ScheduledThreadPoolExecutor@13edc1bc[Running, pool size = 2, active threads = 2, queued tasks = 0, completed tasks = 0]
17:27:56:041  INFO 23996 --- [gateway] [SpringApplicationShutdownHook] com.alibaba.nacos.common.remote.client   : Close current connection 1761211437102_192.168.148.1_12504
17:27:56:043  INFO 23996 --- [gateway] [nacos-grpc-client-executor-192.168.148.100-56] c.a.n.c.remote.client.grpc.GrpcClient    : [1761211437102_192.168.148.1_12504]Ignore complete event,isRunning:false,isAbandon=false
17:27:56:045  INFO 23996 --- [gateway] [SpringApplicationShutdownHook] c.a.n.c.remote.client.grpc.GrpcClient    : Shutdown grpc executor java.util.concurrent.ThreadPoolExecutor@4779df3d[Running, pool size = 4, active threads = 0, queued tasks = 0, completed tasks = 57]
17:27:56:045  INFO 23996 --- [gateway] [SpringApplicationShutdownHook] com.alibaba.nacos.client.naming          : shutdown and remove naming rpc client  for uuid ->9f0f6cec-4f13-41df-88e5-17b4e91535f9
17:27:56:045  INFO 23996 --- [gateway] [SpringApplicationShutdownHook] c.a.n.c.a.r.identify.CredentialWatcher   : [null] CredentialWatcher is stopped
17:27:56:045  INFO 23996 --- [gateway] [SpringApplicationShutdownHook] c.a.n.c.a.r.identify.CredentialService   : [null] CredentialService is freed
17:27:56:045  INFO 23996 --- [gateway] [SpringApplicationShutdownHook] com.alibaba.nacos.client.naming          : com.alibaba.nacos.client.naming.remote.NamingClientProxyDelegate do shutdown stop
17:28:02:381  INFO 4380 --- [gateway] [main] com.qg.gateway.GatewayApplication        : No active profile set, falling back to 1 default profile: "default"
17:28:03:035  INFO 4380 --- [gateway] [main] .s.d.r.c.RepositoryConfigurationDelegate : Multiple Spring Data modules found, entering strict repository configuration mode
17:28:03:038  INFO 4380 --- [gateway] [main] .s.d.r.c.RepositoryConfigurationDelegate : Bootstrapping Spring Data Redis repositories in DEFAULT mode.
17:28:03:058  INFO 4380 --- [gateway] [main] .s.d.r.c.RepositoryConfigurationDelegate : Finished Spring Data repository scanning in 4 ms. Found 0 Redis repository interfaces.
17:28:03:157  WARN 4380 --- [gateway] [main] o.m.s.mapper.ClassPathMapperScanner      : No MyBatis mapper was found in '[com.qg.gateway]' package. Please check your configuration.
17:28:03:199  INFO 4380 --- [gateway] [main] o.s.cloud.context.scope.GenericScope     : BeanFactory id=67d7b1a5-3c5c-3d18-a555-8ee29e13ac1e
17:28:03:305  WARN 4380 --- [gateway] [main] trationDelegate$BeanPostProcessorChecker : Bean 'org.springframework.cloud.client.loadbalancer.LoadBalancerAutoConfiguration$DeferringLoadBalancerInterceptorConfig' of type [org.springframework.cloud.client.loadbalancer.LoadBalancerAutoConfiguration$DeferringLoadBalancerInterceptorConfig] is not eligible for getting processed by all BeanPostProcessors (for example: not eligible for auto-proxying). The currently created BeanPostProcessor [lbRestClientPostProcessor] is declared through a non-static factory method on that class; consider declaring it as static instead.
17:28:03:307  WARN 4380 --- [gateway] [main] trationDelegate$BeanPostProcessorChecker : Bean 'deferringLoadBalancerInterceptor' of type [org.springframework.cloud.client.loadbalancer.DeferringLoadBalancerInterceptor] is not eligible for getting processed by all BeanPostProcessors (for example: not eligible for auto-proxying). Is this bean getting eagerly injected into a currently created BeanPostProcessor [lbRestClientPostProcessor]? Check the corresponding BeanPostProcessor declaration and its dependencies.
17:28:03:308  WARN 4380 --- [gateway] [main] trationDelegate$BeanPostProcessorChecker : Bean 'org.springframework.cloud.client.loadbalancer.reactive.LoadBalancerBeanPostProcessorAutoConfiguration' of type [org.springframework.cloud.client.loadbalancer.reactive.LoadBalancerBeanPostProcessorAutoConfiguration] is not eligible for getting processed by all BeanPostProcessors (for example: not eligible for auto-proxying). The currently created BeanPostProcessor [loadBalancerWebClientBuilderBeanPostProcessor] is declared through a non-static factory method on that class; consider declaring it as static instead.
17:28:03:308  WARN 4380 --- [gateway] [main] trationDelegate$BeanPostProcessorChecker : Bean 'org.springframework.cloud.client.loadbalancer.reactive.LoadBalancerBeanPostProcessorAutoConfiguration$ReactorDeferringLoadBalancerFilterConfig' of type [org.springframework.cloud.client.loadbalancer.reactive.LoadBalancerBeanPostProcessorAutoConfiguration$ReactorDeferringLoadBalancerFilterConfig] is not eligible for getting processed by all BeanPostProcessors (for example: not eligible for auto-proxying). Is this bean getting eagerly injected into a currently created BeanPostProcessor [loadBalancerWebClientBuilderBeanPostProcessor]? Check the corresponding BeanPostProcessor declaration and its dependencies.
17:28:03:309  WARN 4380 --- [gateway] [main] trationDelegate$BeanPostProcessorChecker : Bean 'reactorDeferringLoadBalancerExchangeFilterFunction' of type [org.springframework.cloud.client.loadbalancer.reactive.DeferringLoadBalancerExchangeFilterFunction] is not eligible for getting processed by all BeanPostProcessors (for example: not eligible for auto-proxying). Is this bean getting eagerly injected into a currently created BeanPostProcessor [loadBalancerWebClientBuilderBeanPostProcessor]? Check the corresponding BeanPostProcessor declaration and its dependencies.
17:28:03:441  INFO 4380 --- [gateway] [main] o.s.b.w.embedded.tomcat.TomcatWebServer  : Tomcat initialized with port 8080 (http)
17:28:03:443  INFO 4380 --- [gateway] [main] o.a.catalina.core.AprLifecycleListener   : Loaded Apache Tomcat Native library [2.0.8] using APR version [1.7.4].
17:28:03:446  INFO 4380 --- [gateway] [main] o.a.catalina.core.AprLifecycleListener   : OpenSSL successfully initialized [OpenSSL 3.0.14 4 Jun 2024]
17:28:03:454  INFO 4380 --- [gateway] [main] o.apache.catalina.core.StandardService   : Starting service [Tomcat]
17:28:03:455  INFO 4380 --- [gateway] [main] o.apache.catalina.core.StandardEngine    : Starting Servlet engine: [Apache Tomcat/10.1.30]
17:28:04:818  INFO 4380 --- [gateway] [main] o.s.cloud.commons.util.InetUtils         : Cannot determine local hostname
17:28:07:111  INFO 4380 --- [gateway] [main] o.s.cloud.commons.util.InetUtils         : Cannot determine local hostname
17:28:07:407  INFO 4380 --- [gateway] [main] o.s.c.g.r.RouteDefinitionRouteLocator    : Loaded RoutePredicateFactory [After]
17:28:07:408  INFO 4380 --- [gateway] [main] o.s.c.g.r.RouteDefinitionRouteLocator    : Loaded RoutePredicateFactory [Before]
17:28:07:408  INFO 4380 --- [gateway] [main] o.s.c.g.r.RouteDefinitionRouteLocator    : Loaded RoutePredicateFactory [Between]
17:28:07:409  INFO 4380 --- [gateway] [main] o.s.c.g.r.RouteDefinitionRouteLocator    : Loaded RoutePredicateFactory [Cookie]
17:28:07:410  INFO 4380 --- [gateway] [main] o.s.c.g.r.RouteDefinitionRouteLocator    : Loaded RoutePredicateFactory [Header]
17:28:07:410  INFO 4380 --- [gateway] [main] o.s.c.g.r.RouteDefinitionRouteLocator    : Loaded RoutePredicateFactory [Host]
17:28:07:410  INFO 4380 --- [gateway] [main] o.s.c.g.r.RouteDefinitionRouteLocator    : Loaded RoutePredicateFactory [Method]
17:28:07:410  INFO 4380 --- [gateway] [main] o.s.c.g.r.RouteDefinitionRouteLocator    : Loaded RoutePredicateFactory [Path]
17:28:07:410  INFO 4380 --- [gateway] [main] o.s.c.g.r.RouteDefinitionRouteLocator    : Loaded RoutePredicateFactory [Query]
17:28:07:410  INFO 4380 --- [gateway] [main] o.s.c.g.r.RouteDefinitionRouteLocator    : Loaded RoutePredicateFactory [ReadBody]
17:28:07:410  INFO 4380 --- [gateway] [main] o.s.c.g.r.RouteDefinitionRouteLocator    : Loaded RoutePredicateFactory [RemoteAddr]
17:28:07:410  INFO 4380 --- [gateway] [main] o.s.c.g.r.RouteDefinitionRouteLocator    : Loaded RoutePredicateFactory [XForwardedRemoteAddr]
17:28:07:410  INFO 4380 --- [gateway] [main] o.s.c.g.r.RouteDefinitionRouteLocator    : Loaded RoutePredicateFactory [Weight]
17:28:07:410  INFO 4380 --- [gateway] [main] o.s.c.g.r.RouteDefinitionRouteLocator    : Loaded RoutePredicateFactory [CloudFoundryRouteService]
17:28:08:609  INFO 4380 --- [gateway] [main] o.s.cloud.commons.util.InetUtils         : Cannot determine local hostname
17:28:08:936  WARN 4380 --- [gateway] [main] iguration$LoadBalancerCaffeineWarnLogger : Spring Cloud LoadBalancer is currently working with the default cache. While this cache implementation is useful for development and tests, it's recommended to use Caffeine cache in production.You can switch to using Caffeine cache, by adding it and org.springframework.cache.caffeine.CaffeineCacheManager to the classpath.
17:28:08:995  INFO 4380 --- [gateway] [main] o.s.b.w.embedded.tomcat.TomcatWebServer  : Tomcat started on port 8080 (http)
17:28:10:004  INFO 4380 --- [gateway] [main] o.s.cloud.commons.util.InetUtils         : Cannot determine local hostname
17:28:11:023  INFO 4380 --- [gateway] [main] o.s.cloud.commons.util.InetUtils         : Cannot determine local hostname
17:28:11:027  INFO 4380 --- [gateway] [main] com.alibaba.nacos.client.naming          : initializer namespace from ans.namespace attribute : null
17:28:11:028  INFO 4380 --- [gateway] [main] com.alibaba.nacos.client.naming          : initializer namespace from ALIBABA_ALIWARE_NAMESPACE attribute :null
17:28:11:028  INFO 4380 --- [gateway] [main] com.alibaba.nacos.client.naming          : initializer namespace from namespace attribute :null
17:28:11:032  INFO 4380 --- [gateway] [main] com.alibaba.nacos.client.naming          : FailoverDataSource type is class com.alibaba.nacos.client.naming.backups.datasource.DiskFailoverDataSource
17:28:11:035  INFO 4380 --- [gateway] [main] c.a.n.p.a.s.c.ClientAuthPluginManager    : [ClientAuthPluginManager] Load ClientAuthService com.alibaba.nacos.client.auth.impl.NacosClientAuthServiceImpl success.
17:28:11:035  INFO 4380 --- [gateway] [main] c.a.n.p.a.s.c.ClientAuthPluginManager    : [ClientAuthPluginManager] Load ClientAuthService com.alibaba.nacos.client.auth.ram.RamClientAuthServiceImpl success.
17:28:11:164  INFO 4380 --- [gateway] [main] com.alibaba.nacos.common.remote.client   : [RpcClientFactory] create a new rpc client of df8368d4-2179-4e60-a747-42280c09df4f
17:28:11:165  INFO 4380 --- [gateway] [main] com.alibaba.nacos.client.naming          : Create naming rpc client for uuid->df8368d4-2179-4e60-a747-42280c09df4f
17:28:11:166  INFO 4380 --- [gateway] [main] com.alibaba.nacos.common.remote.client   : [df8368d4-2179-4e60-a747-42280c09df4f] RpcClient init, ServerListFactory = com.alibaba.nacos.client.naming.core.ServerListManager
17:28:11:166  INFO 4380 --- [gateway] [main] com.alibaba.nacos.common.remote.client   : [df8368d4-2179-4e60-a747-42280c09df4f] Registry connection listener to current client:com.alibaba.nacos.client.naming.remote.gprc.redo.NamingGrpcRedoService
17:28:11:166  INFO 4380 --- [gateway] [main] com.alibaba.nacos.common.remote.client   : [df8368d4-2179-4e60-a747-42280c09df4f] Register server push request handler:com.alibaba.nacos.client.naming.remote.gprc.NamingPushRequestHandler
17:28:11:166  INFO 4380 --- [gateway] [main] com.alibaba.nacos.common.remote.client   : [df8368d4-2179-4e60-a747-42280c09df4f] Try to connect to server on start up, server: {serverIp = '192.168.148.100', server main port = 8848}
17:28:11:166  INFO 4380 --- [gateway] [main] c.a.n.c.remote.client.grpc.GrpcClient    : grpc client connection server:192.168.148.100 ip,serverPort:9848,grpcTslConfig:{"sslProvider":"","enableTls":false,"mutualAuthEnable":false,"trustAll":false}
17:28:11:277  INFO 4380 --- [gateway] [main] com.alibaba.nacos.common.remote.client   : [df8368d4-2179-4e60-a747-42280c09df4f] Success to connect to server [192.168.148.100:8848] on start up, connectionId = 1761211691646_192.168.148.1_10022
17:28:11:277  INFO 4380 --- [gateway] [main] com.alibaba.nacos.common.remote.client   : [df8368d4-2179-4e60-a747-42280c09df4f] Register server push request handler:com.alibaba.nacos.common.remote.client.RpcClient$ConnectResetRequestHandler
17:28:11:277  INFO 4380 --- [gateway] [main] com.alibaba.nacos.common.remote.client   : [df8368d4-2179-4e60-a747-42280c09df4f] Register server push request handler:com.alibaba.nacos.common.remote.client.RpcClient$$Lambda/0x000002802452f2c8
17:28:11:277  INFO 4380 --- [gateway] [com.alibaba.nacos.client.remote.worker.0] com.alibaba.nacos.common.remote.client   : [df8368d4-2179-4e60-a747-42280c09df4f] Notify connected event to listeners.
17:28:11:277  INFO 4380 --- [gateway] [com.alibaba.nacos.client.remote.worker.0] com.alibaba.nacos.client.naming          : Grpc connection connect
17:28:11:278  INFO 4380 --- [gateway] [main] com.alibaba.nacos.client.naming          : [REGISTER-SERVICE] public registering service gateway with instance Instance{instanceId='null', ip='192.168.148.1', port=8080, weight=1.0, healthy=true, enabled=true, ephemeral=true, clusterName='DEFAULT', serviceName='null', metadata={IPv6=[2001:0:2851:b9f0:1839:7a7a:48c0:88ca], preserved.register.source=SPRING_CLOUD}}
17:28:11:299  INFO 4380 --- [gateway] [main] c.a.c.n.registry.NacosServiceRegistry    : nacos registry, DEFAULT_GROUP gateway 192.168.148.1:8080 register finished
17:28:11:349  INFO 4380 --- [gateway] [main] com.qg.gateway.GatewayApplication        : Started GatewayApplication in 12.688 seconds (process running for 13.308)
17:28:11:353  INFO 4380 --- [gateway] [main] c.a.nacos.client.config.impl.CacheData   : config listener notify warn timeout millis use default 60000 millis 
17:28:11:353  INFO 4380 --- [gateway] [main] c.a.nacos.client.config.impl.CacheData   : nacos.cache.data.init.snapshot = true 
17:28:11:353  INFO 4380 --- [gateway] [main] c.a.n.client.config.impl.ClientWorker    : [fixed-192.168.148.100_8848] [subscribe] gateway.yaml+DEFAULT_GROUP
17:28:11:358  INFO 4380 --- [gateway] [main] c.a.nacos.client.config.impl.CacheData   : [fixed-192.168.148.100_8848] [add-listener] ok, tenant=, dataId=gateway.yaml, group=DEFAULT_GROUP, cnt=1
17:28:11:358  INFO 4380 --- [gateway] [main] c.a.c.n.refresh.NacosContextRefresher    : [Nacos Config] Listening config: dataId=gateway.yaml, group=DEFAULT_GROUP
17:28:11:358  INFO 4380 --- [gateway] [main] c.a.n.client.config.impl.ClientWorker    : [fixed-192.168.148.100_8848] [subscribe] gateway+DEFAULT_GROUP
17:28:11:358  INFO 4380 --- [gateway] [main] c.a.nacos.client.config.impl.CacheData   : [fixed-192.168.148.100_8848] [add-listener] ok, tenant=, dataId=gateway, group=DEFAULT_GROUP, cnt=1
17:28:11:358  INFO 4380 --- [gateway] [main] c.a.c.n.refresh.NacosContextRefresher    : [Nacos Config] Listening config: dataId=gateway, group=DEFAULT_GROUP
17:28:25:130  INFO 4380 --- [gateway] [boundedElastic-1] com.alibaba.nacos.client.naming          : [SUBSCRIBE-SERVICE] service:alert-service, group:DEFAULT_GROUP, clusters: 
17:28:25:131  INFO 4380 --- [gateway] [boundedElastic-1] com.alibaba.nacos.client.naming          : [GRPC-SUBSCRIBE] service:alert-service, group:DEFAULT_GROUP, cluster: 
17:28:25:143  INFO 4380 --- [gateway] [boundedElastic-1] com.alibaba.nacos.client.naming          : init new ips(1) service: DEFAULT_GROUP@@alert-service -> [{"ip":"192.168.148.1","port":8085,"weight":1.0,"healthy":true,"enabled":true,"ephemeral":true,"clusterName":"DEFAULT","serviceName":"DEFAULT_GROUP@@alert-service","metadata":{"preserved.register.source":"SPRING_CLOUD"},"instanceHeartBeatInterval":5000,"instanceHeartBeatTimeOut":15000,"ipDeleteTimeout":30000}]
17:28:25:145  INFO 4380 --- [gateway] [boundedElastic-1] com.alibaba.nacos.client.naming          : current ips:(1) service: DEFAULT_GROUP@@alert-service -> [{"ip":"192.168.148.1","port":8085,"weight":1.0,"healthy":true,"enabled":true,"ephemeral":true,"clusterName":"DEFAULT","serviceName":"DEFAULT_GROUP@@alert-service","metadata":{"preserved.register.source":"SPRING_CLOUD"},"instanceHeartBeatInterval":5000,"instanceHeartBeatTimeOut":15000,"ipDeleteTimeout":30000}]
17:28:25:182 ERROR 4380 --- [gateway] [boundedElastic-1] a.w.r.e.AbstractErrorWebExceptionHandler : [789dc264]  500 Server Error for HTTP GET "/ws"

java.lang.ClassCastException: class org.apache.catalina.connector.ResponseFacade cannot be cast to class reactor.netty.http.server.HttpServerResponse (org.apache.catalina.connector.ResponseFacade and reactor.netty.http.server.HttpServerResponse are in unnamed module of loader 'app')
	at org.springframework.web.reactive.socket.server.upgrade.ReactorNettyRequestUpgradeStrategy.upgrade(ReactorNettyRequestUpgradeStrategy.java:163) ~[spring-webflux-6.1.13.jar:6.1.13]
	Suppressed: reactor.core.publisher.FluxOnAssembly$OnAssemblyException: 
Error has been observed at the following site(s):
	*__checkpoint ⇢ org.springframework.cloud.gateway.filter.WeightCalculatorWebFilter [DefaultWebFilterChain]
	*__checkpoint ⇢ HTTP GET "/ws" [ExceptionHandlingWebHandler]
Original Stack Trace:
		at org.springframework.web.reactive.socket.server.upgrade.ReactorNettyRequestUpgradeStrategy.upgrade(ReactorNettyRequestUpgradeStrategy.java:163) ~[spring-webflux-6.1.13.jar:6.1.13]
		at org.springframework.web.reactive.socket.server.support.HandshakeWebSocketService.lambda$handleRequest$1(HandshakeWebSocketService.java:221) ~[spring-webflux-6.1.13.jar:6.1.13]
		at reactor.core.publisher.FluxFlatMap.trySubscribeScalarMap(FluxFlatMap.java:153) ~[reactor-core-3.6.10.jar:3.6.10]
		at reactor.core.publisher.MonoFlatMap.subscribeOrReturn(MonoFlatMap.java:53) ~[reactor-core-3.6.10.jar:3.6.10]
		at reactor.core.publisher.InternalMonoOperator.subscribe(InternalMonoOperator.java:63) ~[reactor-core-3.6.10.jar:3.6.10]
		at reactor.core.publisher.MonoDefer.subscribe(MonoDefer.java:53) ~[reactor-core-3.6.10.jar:3.6.10]
		at reactor.core.publisher.MonoDefer.subscribe(MonoDefer.java:53) ~[reactor-core-3.6.10.jar:3.6.10]
		at reactor.core.publisher.MonoIgnoreThen$ThenIgnoreMain.subscribeNext(MonoIgnoreThen.java:241) ~[reactor-core-3.6.10.jar:3.6.10]
		at reactor.core.publisher.MonoIgnoreThen$ThenIgnoreMain.onComplete(MonoIgnoreThen.java:204) ~[reactor-core-3.6.10.jar:3.6.10]
		at reactor.core.publisher.FluxPeek$PeekSubscriber.onComplete(FluxPeek.java:260) ~[reactor-core-3.6.10.jar:3.6.10]
		at reactor.core.publisher.FluxMap$MapSubscriber.onComplete(FluxMap.java:144) ~[reactor-core-3.6.10.jar:3.6.10]
		at reactor.core.publisher.MonoNext$NextSubscriber.onComplete(MonoNext.java:102) ~[reactor-core-3.6.10.jar:3.6.10]
		at reactor.core.publisher.MonoNext$NextSubscriber.onNext(MonoNext.java:83) ~[reactor-core-3.6.10.jar:3.6.10]
		at reactor.core.publisher.FluxDematerialize$DematerializeSubscriber.onNext(FluxDematerialize.java:98) ~[reactor-core-3.6.10.jar:3.6.10]
		at reactor.core.publisher.FluxDematerialize$DematerializeSubscriber.onNext(FluxDematerialize.java:44) ~[reactor-core-3.6.10.jar:3.6.10]
		at reactor.core.publisher.FluxFlattenIterable$FlattenIterableSubscriber.drainAsync(FluxFlattenIterable.java:453) ~[reactor-core-3.6.10.jar:3.6.10]
		at reactor.core.publisher.FluxFlattenIterable$FlattenIterableSubscriber.drain(FluxFlattenIterable.java:724) ~[reactor-core-3.6.10.jar:3.6.10]
		at reactor.core.publisher.FluxFlattenIterable$FlattenIterableSubscriber.onNext(FluxFlattenIterable.java:256) ~[reactor-core-3.6.10.jar:3.6.10]
		at reactor.core.publisher.FluxSwitchIfEmpty$SwitchIfEmptySubscriber.onNext(FluxSwitchIfEmpty.java:74) ~[reactor-core-3.6.10.jar:3.6.10]
		at reactor.core.publisher.MonoFlatMap$FlatMapMain.secondComplete(MonoFlatMap.java:245) ~[reactor-core-3.6.10.jar:3.6.10]
		at reactor.core.publisher.MonoFlatMap$FlatMapInner.onNext(MonoFlatMap.java:305) ~[reactor-core-3.6.10.jar:3.6.10]
		at reactor.core.publisher.MonoIgnoreThen$ThenIgnoreMain.complete(MonoIgnoreThen.java:294) ~[reactor-core-3.6.10.jar:3.6.10]
		at reactor.core.publisher.MonoIgnoreThen$ThenIgnoreMain.onNext(MonoIgnoreThen.java:188) ~[reactor-core-3.6.10.jar:3.6.10]
		at reactor.core.publisher.MonoIgnoreThen$ThenIgnoreMain.subscribeNext(MonoIgnoreThen.java:237) ~[reactor-core-3.6.10.jar:3.6.10]
		at reactor.core.publisher.MonoIgnoreThen$ThenIgnoreMain.onComplete(MonoIgnoreThen.java:204) ~[reactor-core-3.6.10.jar:3.6.10]
		at reactor.core.publisher.MonoIgnoreElements$IgnoreElementsSubscriber.onComplete(MonoIgnoreElements.java:89) ~[reactor-core-3.6.10.jar:3.6.10]
		at reactor.core.publisher.FluxPeek$PeekSubscriber.onComplete(FluxPeek.java:260) ~[reactor-core-3.6.10.jar:3.6.10]
		at reactor.core.publisher.FluxDematerialize$DematerializeSubscriber.onComplete(FluxDematerialize.java:121) ~[reactor-core-3.6.10.jar:3.6.10]
		at reactor.core.publisher.FluxDematerialize$DematerializeSubscriber.onNext(FluxDematerialize.java:91) ~[reactor-core-3.6.10.jar:3.6.10]
		at reactor.core.publisher.FluxDematerialize$DematerializeSubscriber.onNext(FluxDematerialize.java:44) ~[reactor-core-3.6.10.jar:3.6.10]
		at reactor.core.publisher.FluxIterable$IterableSubscription.fastPath(FluxIterable.java:402) ~[reactor-core-3.6.10.jar:3.6.10]
		at reactor.core.publisher.FluxIterable$IterableSubscription.request(FluxIterable.java:291) ~[reactor-core-3.6.10.jar:3.6.10]
		at reactor.core.publisher.FluxDematerialize$DematerializeSubscriber.request(FluxDematerialize.java:127) ~[reactor-core-3.6.10.jar:3.6.10]
		at reactor.core.publisher.FluxPeek$PeekSubscriber.request(FluxPeek.java:138) ~[reactor-core-3.6.10.jar:3.6.10]
		at reactor.core.publisher.MonoIgnoreElements$IgnoreElementsSubscriber.onSubscribe(MonoIgnoreElements.java:72) ~[reactor-core-3.6.10.jar:3.6.10]
		at reactor.core.publisher.FluxPeek$PeekSubscriber.onSubscribe(FluxPeek.java:171) ~[reactor-core-3.6.10.jar:3.6.10]
		at reactor.core.publisher.FluxDematerialize$DematerializeSubscriber.onSubscribe(FluxDematerialize.java:77) ~[reactor-core-3.6.10.jar:3.6.10]
		at reactor.core.publisher.FluxIterable.subscribe(FluxIterable.java:201) ~[reactor-core-3.6.10.jar:3.6.10]
		at reactor.core.publisher.FluxIterable.subscribe(FluxIterable.java:83) ~[reactor-core-3.6.10.jar:3.6.10]
		at reactor.core.publisher.Mono.subscribe(Mono.java:4576) ~[reactor-core-3.6.10.jar:3.6.10]
		at reactor.core.publisher.MonoIgnoreThen$ThenIgnoreMain.subscribeNext(MonoIgnoreThen.java:265) ~[reactor-core-3.6.10.jar:3.6.10]
		at reactor.core.publisher.MonoIgnoreThen.subscribe(MonoIgnoreThen.java:51) ~[reactor-core-3.6.10.jar:3.6.10]
		at reactor.core.publisher.MonoFlatMap$FlatMapMain.onNext(MonoFlatMap.java:165) ~[reactor-core-3.6.10.jar:3.6.10]
		at reactor.core.publisher.Operators$BaseFluxToMonoOperator.completePossiblyEmpty(Operators.java:2097) ~[reactor-core-3.6.10.jar:3.6.10]
		at reactor.core.publisher.MonoCollectList$MonoCollectListSubscriber.onComplete(MonoCollectList.java:118) ~[reactor-core-3.6.10.jar:3.6.10]
		at reactor.core.publisher.DrainUtils.postCompleteDrain(DrainUtils.java:132) ~[reactor-core-3.6.10.jar:3.6.10]
		at reactor.core.publisher.DrainUtils.postComplete(DrainUtils.java:187) ~[reactor-core-3.6.10.jar:3.6.10]
		at reactor.core.publisher.FluxMaterialize$MaterializeSubscriber.onComplete(FluxMaterialize.java:141) ~[reactor-core-3.6.10.jar:3.6.10]
		at reactor.core.publisher.FluxLimitRequest$FluxLimitRequestSubscriber.onNext(FluxLimitRequest.java:104) ~[reactor-core-3.6.10.jar:3.6.10]
		at reactor.core.publisher.FluxOnErrorResume$ResumeSubscriber.onNext(FluxOnErrorResume.java:79) ~[reactor-core-3.6.10.jar:3.6.10]
		at reactor.core.publisher.SerializedSubscriber.onNext(SerializedSubscriber.java:99) ~[reactor-core-3.6.10.jar:3.6.10]
		at reactor.core.publisher.FluxTimeout$TimeoutMainSubscriber.onNext(FluxTimeout.java:181) ~[reactor-core-3.6.10.jar:3.6.10]
		at reactor.core.publisher.Operators$BaseFluxToMonoOperator.completePossiblyEmpty(Operators.java:2097) ~[reactor-core-3.6.10.jar:3.6.10]
		at reactor.core.publisher.MonoCollectList$MonoCollectListSubscriber.onComplete(MonoCollectList.java:118) ~[reactor-core-3.6.10.jar:3.6.10]
		at org.springframework.cloud.commons.publisher.FluxFirstNonEmptyEmitting$FirstNonEmptyEmittingSubscriber.onComplete(FluxFirstNonEmptyEmitting.java:325) ~[spring-cloud-commons-4.1.4.jar:4.1.4]
		at reactor.core.publisher.FluxSubscribeOn$SubscribeOnSubscriber.onComplete(FluxSubscribeOn.java:166) ~[reactor-core-3.6.10.jar:3.6.10]
		at reactor.core.publisher.FluxIterable$IterableSubscription.fastPath(FluxIterable.java:424) ~[reactor-core-3.6.10.jar:3.6.10]
		at reactor.core.publisher.FluxIterable$IterableSubscription.request(FluxIterable.java:291) ~[reactor-core-3.6.10.jar:3.6.10]
		at reactor.core.publisher.FluxSubscribeOn$SubscribeOnSubscriber.requestUpstream(FluxSubscribeOn.java:131) ~[reactor-core-3.6.10.jar:3.6.10]
		at reactor.core.publisher.FluxSubscribeOn$SubscribeOnSubscriber.onSubscribe(FluxSubscribeOn.java:124) ~[reactor-core-3.6.10.jar:3.6.10]
		at reactor.core.publisher.FluxIterable.subscribe(FluxIterable.java:201) ~[reactor-core-3.6.10.jar:3.6.10]
		at reactor.core.publisher.FluxIterable.subscribe(FluxIterable.java:83) ~[reactor-core-3.6.10.jar:3.6.10]
		at reactor.core.publisher.Flux.subscribe(Flux.java:8848) ~[reactor-core-3.6.10.jar:3.6.10]
		at reactor.core.publisher.FluxFlatMap.trySubscribeScalarMap(FluxFlatMap.java:202) ~[reactor-core-3.6.10.jar:3.6.10]
		at reactor.core.publisher.MonoFlatMapMany.subscribeOrReturn(MonoFlatMapMany.java:49) ~[reactor-core-3.6.10.jar:3.6.10]
		at reactor.core.publisher.Flux.subscribe(Flux.java:8833) ~[reactor-core-3.6.10.jar:3.6.10]
		at reactor.core.publisher.FluxFlatMap.trySubscribeScalarMap(FluxFlatMap.java:202) ~[reactor-core-3.6.10.jar:3.6.10]
		at reactor.core.publisher.MonoFlatMapMany.subscribeOrReturn(MonoFlatMapMany.java:49) ~[reactor-core-3.6.10.jar:3.6.10]
		at reactor.core.publisher.FluxFromMonoOperator.subscribe(FluxFromMonoOperator.java:77) ~[reactor-core-3.6.10.jar:3.6.10]
		at reactor.core.publisher.FluxSubscribeOn$SubscribeOnSubscriber.run(FluxSubscribeOn.java:194) ~[reactor-core-3.6.10.jar:3.6.10]
		at reactor.core.scheduler.WorkerTask.call(WorkerTask.java:84) ~[reactor-core-3.6.10.jar:3.6.10]
		at reactor.core.scheduler.WorkerTask.call(WorkerTask.java:37) ~[reactor-core-3.6.10.jar:3.6.10]
		at java.base/java.util.concurrent.FutureTask.run(FutureTask.java:317) ~[na:na]
		at java.base/java.util.concurrent.ScheduledThreadPoolExecutor$ScheduledFutureTask.run(ScheduledThreadPoolExecutor.java:304) ~[na:na]
		at java.base/java.util.concurrent.ThreadPoolExecutor.runWorker(ThreadPoolExecutor.java:1144) ~[na:na]
		at java.base/java.util.concurrent.ThreadPoolExecutor$Worker.run(ThreadPoolExecutor.java:642) ~[na:na]
		at java.base/java.lang.Thread.run(Thread.java:1575) ~[na:na]

17:28:25:711  INFO 4380 --- [gateway] [nacos-grpc-client-executor-192.168.148.100-10] com.alibaba.nacos.common.remote.client   : [df8368d4-2179-4e60-a747-42280c09df4f] Receive server push request, request = NotifySubscriberRequest, requestId = 6
17:28:25:711  INFO 4380 --- [gateway] [nacos-grpc-client-executor-192.168.148.100-10] com.alibaba.nacos.common.remote.client   : [df8368d4-2179-4e60-a747-42280c09df4f] Ack server push request, request = NotifySubscriberRequest, requestId = 6
17:28:25:931 ERROR 4380 --- [gateway] [http-nio-8080-exec-4] a.w.r.e.AbstractErrorWebExceptionHandler : [75893a5f]  500 Server Error for HTTP GET "/ws"

java.lang.ClassCastException: class org.apache.catalina.connector.ResponseFacade cannot be cast to class reactor.netty.http.server.HttpServerResponse (org.apache.catalina.connector.ResponseFacade and reactor.netty.http.server.HttpServerResponse are in unnamed module of loader 'app')
	at org.springframework.web.reactive.socket.server.upgrade.ReactorNettyRequestUpgradeStrategy.upgrade(ReactorNettyRequestUpgradeStrategy.java:163) ~[spring-webflux-6.1.13.jar:6.1.13]
	Suppressed: reactor.core.publisher.FluxOnAssembly$OnAssemblyException: 
Error has been observed at the following site(s):
	*__checkpoint ⇢ org.springframework.cloud.gateway.filter.WeightCalculatorWebFilter [DefaultWebFilterChain]
	*__checkpoint ⇢ HTTP GET "/ws" [ExceptionHandlingWebHandler]
Original Stack Trace:
		at org.springframework.web.reactive.socket.server.upgrade.ReactorNettyRequestUpgradeStrategy.upgrade(ReactorNettyRequestUpgradeStrategy.java:163) ~[spring-webflux-6.1.13.jar:6.1.13]
		at org.springframework.web.reactive.socket.server.support.HandshakeWebSocketService.lambda$handleRequest$1(HandshakeWebSocketService.java:221) ~[spring-webflux-6.1.13.jar:6.1.13]
		at reactor.core.publisher.FluxFlatMap.trySubscribeScalarMap(FluxFlatMap.java:153) ~[reactor-core-3.6.10.jar:3.6.10]
		at reactor.core.publisher.MonoFlatMap.subscribeOrReturn(MonoFlatMap.java:53) ~[reactor-core-3.6.10.jar:3.6.10]
		at reactor.core.publisher.InternalMonoOperator.subscribe(InternalMonoOperator.java:63) ~[reactor-core-3.6.10.jar:3.6.10]
		at reactor.core.publisher.MonoDefer.subscribe(MonoDefer.java:53) ~[reactor-core-3.6.10.jar:3.6.10]
		at reactor.core.publisher.MonoDefer.subscribe(MonoDefer.java:53) ~[reactor-core-3.6.10.jar:3.6.10]
		at reactor.core.publisher.MonoIgnoreThen$ThenIgnoreMain.subscribeNext(MonoIgnoreThen.java:241) ~[reactor-core-3.6.10.jar:3.6.10]
		at reactor.core.publisher.MonoIgnoreThen$ThenIgnoreMain.onComplete(MonoIgnoreThen.java:204) ~[reactor-core-3.6.10.jar:3.6.10]
		at reactor.core.publisher.FluxPeek$PeekSubscriber.onComplete(FluxPeek.java:260) ~[reactor-core-3.6.10.jar:3.6.10]
		at reactor.core.publisher.FluxMap$MapSubscriber.onComplete(FluxMap.java:144) ~[reactor-core-3.6.10.jar:3.6.10]
		at reactor.core.publisher.MonoNext$NextSubscriber.onComplete(MonoNext.java:102) ~[reactor-core-3.6.10.jar:3.6.10]
		at reactor.core.publisher.MonoNext$NextSubscriber.onNext(MonoNext.java:83) ~[reactor-core-3.6.10.jar:3.6.10]
		at reactor.core.publisher.FluxDematerialize$DematerializeSubscriber.onNext(FluxDematerialize.java:98) ~[reactor-core-3.6.10.jar:3.6.10]
		at reactor.core.publisher.FluxDematerialize$DematerializeSubscriber.onNext(FluxDematerialize.java:44) ~[reactor-core-3.6.10.jar:3.6.10]
		at reactor.core.publisher.FluxFlattenIterable$FlattenIterableSubscriber.drainAsync(FluxFlattenIterable.java:453) ~[reactor-core-3.6.10.jar:3.6.10]
		at reactor.core.publisher.FluxFlattenIterable$FlattenIterableSubscriber.drain(FluxFlattenIterable.java:724) ~[reactor-core-3.6.10.jar:3.6.10]
		at reactor.core.publisher.FluxFlattenIterable$FlattenIterableSubscriber.onNext(FluxFlattenIterable.java:256) ~[reactor-core-3.6.10.jar:3.6.10]
		at reactor.core.publisher.FluxSwitchIfEmpty$SwitchIfEmptySubscriber.onNext(FluxSwitchIfEmpty.java:74) ~[reactor-core-3.6.10.jar:3.6.10]
		at reactor.core.publisher.Operators$BaseFluxToMonoOperator.completePossiblyEmpty(Operators.java:2097) ~[reactor-core-3.6.10.jar:3.6.10]
		at reactor.core.publisher.MonoCollectList$MonoCollectListSubscriber.onComplete(MonoCollectList.java:118) ~[reactor-core-3.6.10.jar:3.6.10]
		at reactor.core.publisher.DrainUtils.postCompleteDrain(DrainUtils.java:132) ~[reactor-core-3.6.10.jar:3.6.10]
		at reactor.core.publisher.DrainUtils.postComplete(DrainUtils.java:187) ~[reactor-core-3.6.10.jar:3.6.10]
		at reactor.core.publisher.FluxMaterialize$MaterializeSubscriber.onComplete(FluxMaterialize.java:141) ~[reactor-core-3.6.10.jar:3.6.10]
		at reactor.core.publisher.Operators$ScalarSubscription.request(Operators.java:2573) ~[reactor-core-3.6.10.jar:3.6.10]
		at reactor.core.publisher.FluxMaterialize$MaterializeSubscriber.request(FluxMaterialize.java:148) ~[reactor-core-3.6.10.jar:3.6.10]
		at reactor.core.publisher.Operators$BaseFluxToMonoOperator.request(Operators.java:2067) ~[reactor-core-3.6.10.jar:3.6.10]
		at reactor.core.publisher.Operators$MultiSubscriptionSubscriber.set(Operators.java:2367) ~[reactor-core-3.6.10.jar:3.6.10]
		at reactor.core.publisher.Operators$MultiSubscriptionSubscriber.onSubscribe(Operators.java:2241) ~[reactor-core-3.6.10.jar:3.6.10]
		at reactor.core.publisher.Operators$BaseFluxToMonoOperator.onSubscribe(Operators.java:2051) ~[reactor-core-3.6.10.jar:3.6.10]
		at reactor.core.publisher.FluxMaterialize$MaterializeSubscriber.onSubscribe(FluxMaterialize.java:103) ~[reactor-core-3.6.10.jar:3.6.10]
		at reactor.core.publisher.FluxJust.subscribe(FluxJust.java:68) ~[reactor-core-3.6.10.jar:3.6.10]
		at reactor.core.publisher.InternalFluxOperator.subscribe(InternalFluxOperator.java:68) ~[reactor-core-3.6.10.jar:3.6.10]
		at reactor.core.publisher.FluxDefer.subscribe(FluxDefer.java:54) ~[reactor-core-3.6.10.jar:3.6.10]
		at reactor.core.publisher.Mono.subscribe(Mono.java:4576) ~[reactor-core-3.6.10.jar:3.6.10]
		at reactor.core.publisher.MonoIgnoreThen$ThenIgnoreMain.subscribeNext(MonoIgnoreThen.java:265) ~[reactor-core-3.6.10.jar:3.6.10]
		at reactor.core.publisher.MonoIgnoreThen.subscribe(MonoIgnoreThen.java:51) ~[reactor-core-3.6.10.jar:3.6.10]
		at reactor.core.publisher.InternalMonoOperator.subscribe(InternalMonoOperator.java:76) ~[reactor-core-3.6.10.jar:3.6.10]
		at reactor.core.publisher.MonoDefer.subscribe(MonoDefer.java:53) ~[reactor-core-3.6.10.jar:3.6.10]
		at reactor.core.publisher.MonoDefer.subscribe(MonoDefer.java:53) ~[reactor-core-3.6.10.jar:3.6.10]
		at reactor.core.publisher.MonoDefer.subscribe(MonoDefer.java:53) ~[reactor-core-3.6.10.jar:3.6.10]
		at reactor.core.publisher.MonoDefer.subscribe(MonoDefer.java:53) ~[reactor-core-3.6.10.jar:3.6.10]
		at reactor.core.publisher.Mono.subscribe(Mono.java:4576) ~[reactor-core-3.6.10.jar:3.6.10]
		at reactor.core.publisher.MonoIgnoreThen$ThenIgnoreMain.subscribeNext(MonoIgnoreThen.java:265) ~[reactor-core-3.6.10.jar:3.6.10]
		at reactor.core.publisher.MonoIgnoreThen.subscribe(MonoIgnoreThen.java:51) ~[reactor-core-3.6.10.jar:3.6.10]
		at reactor.core.publisher.InternalMonoOperator.subscribe(InternalMonoOperator.java:76) ~[reactor-core-3.6.10.jar:3.6.10]
		at reactor.core.publisher.MonoDefer.subscribe(MonoDefer.java:53) ~[reactor-core-3.6.10.jar:3.6.10]
		at reactor.core.publisher.MonoDefer.subscribe(MonoDefer.java:53) ~[reactor-core-3.6.10.jar:3.6.10]
		at reactor.core.publisher.MonoDefer.subscribe(MonoDefer.java:53) ~[reactor-core-3.6.10.jar:3.6.10]
		at reactor.core.publisher.InternalMonoOperator.subscribe(InternalMonoOperator.java:76) ~[reactor-core-3.6.10.jar:3.6.10]
		at reactor.core.publisher.MonoDefer.subscribe(MonoDefer.java:53) ~[reactor-core-3.6.10.jar:3.6.10]
		at reactor.core.publisher.Mono.subscribe(Mono.java:4576) ~[reactor-core-3.6.10.jar:3.6.10]
		at reactor.core.publisher.MonoIgnoreThen$ThenIgnoreMain.subscribeNext(MonoIgnoreThen.java:265) ~[reactor-core-3.6.10.jar:3.6.10]
		at reactor.core.publisher.MonoIgnoreThen.subscribe(MonoIgnoreThen.java:51) ~[reactor-core-3.6.10.jar:3.6.10]
		at reactor.core.publisher.InternalMonoOperator.subscribe(InternalMonoOperator.java:76) ~[reactor-core-3.6.10.jar:3.6.10]
		at reactor.core.publisher.MonoFlatMap$FlatMapMain.onNext(MonoFlatMap.java:165) ~[reactor-core-3.6.10.jar:3.6.10]
		at reactor.core.publisher.FluxOnErrorResume$ResumeSubscriber.onNext(FluxOnErrorResume.java:79) ~[reactor-core-3.6.10.jar:3.6.10]
		at reactor.core.publisher.FluxSwitchIfEmpty$SwitchIfEmptySubscriber.onNext(FluxSwitchIfEmpty.java:74) ~[reactor-core-3.6.10.jar:3.6.10]
		at reactor.core.publisher.MonoNext$NextSubscriber.onNext(MonoNext.java:82) ~[reactor-core-3.6.10.jar:3.6.10]
		at reactor.core.publisher.FluxConcatMapNoPrefetch$FluxConcatMapNoPrefetchSubscriber.innerNext(FluxConcatMapNoPrefetch.java:259) ~[reactor-core-3.6.10.jar:3.6.10]
		at reactor.core.publisher.FluxConcatMap$ConcatMapInner.onNext(FluxConcatMap.java:865) ~[reactor-core-3.6.10.jar:3.6.10]
		at reactor.core.publisher.FluxMap$MapSubscriber.onNext(FluxMap.java:122) ~[reactor-core-3.6.10.jar:3.6.10]
		at reactor.core.publisher.FluxSwitchIfEmpty$SwitchIfEmptySubscriber.onNext(FluxSwitchIfEmpty.java:74) ~[reactor-core-3.6.10.jar:3.6.10]
		at reactor.core.publisher.FluxMap$MapSubscriber.onNext(FluxMap.java:122) ~[reactor-core-3.6.10.jar:3.6.10]
		at reactor.core.publisher.FluxMap$MapSubscriber.onNext(FluxMap.java:122) ~[reactor-core-3.6.10.jar:3.6.10]
		at reactor.core.publisher.MonoNext$NextSubscriber.onNext(MonoNext.java:82) ~[reactor-core-3.6.10.jar:3.6.10]
		at reactor.core.publisher.FluxConcatMapNoPrefetch$FluxConcatMapNoPrefetchSubscriber.innerNext(FluxConcatMapNoPrefetch.java:259) ~[reactor-core-3.6.10.jar:3.6.10]
		at reactor.core.publisher.FluxConcatMap$ConcatMapInner.onNext(FluxConcatMap.java:865) ~[reactor-core-3.6.10.jar:3.6.10]
		at reactor.core.publisher.FluxOnErrorResume$ResumeSubscriber.onNext(FluxOnErrorResume.java:79) ~[reactor-core-3.6.10.jar:3.6.10]
		at reactor.core.publisher.MonoPeekTerminal$MonoTerminalPeekSubscriber.onNext(MonoPeekTerminal.java:180) ~[reactor-core-3.6.10.jar:3.6.10]
		at reactor.core.publisher.MonoFilterWhen$MonoFilterWhenMain.onNext(MonoFilterWhen.java:136) ~[reactor-core-3.6.10.jar:3.6.10]
		at reactor.core.publisher.Operators$ScalarSubscription.request(Operators.java:2571) ~[reactor-core-3.6.10.jar:3.6.10]
		at reactor.core.publisher.MonoFilterWhen$MonoFilterWhenMain.request(MonoFilterWhen.java:183) ~[reactor-core-3.6.10.jar:3.6.10]
		at reactor.core.publisher.MonoPeekTerminal$MonoTerminalPeekSubscriber.request(MonoPeekTerminal.java:139) ~[reactor-core-3.6.10.jar:3.6.10]
		at reactor.core.publisher.Operators$MultiSubscriptionSubscriber.set(Operators.java:2367) ~[reactor-core-3.6.10.jar:3.6.10]
		at reactor.core.publisher.FluxOnErrorResume$ResumeSubscriber.onSubscribe(FluxOnErrorResume.java:74) ~[reactor-core-3.6.10.jar:3.6.10]
		at reactor.core.publisher.MonoPeekTerminal$MonoTerminalPeekSubscriber.onSubscribe(MonoPeekTerminal.java:152) ~[reactor-core-3.6.10.jar:3.6.10]
		at reactor.core.publisher.MonoFilterWhen$MonoFilterWhenMain.onSubscribe(MonoFilterWhen.java:100) ~[reactor-core-3.6.10.jar:3.6.10]
		at reactor.core.publisher.MonoJust.subscribe(MonoJust.java:55) ~[reactor-core-3.6.10.jar:3.6.10]
		at reactor.core.publisher.Mono.subscribe(Mono.java:4576) ~[reactor-core-3.6.10.jar:3.6.10]
		at reactor.core.publisher.FluxConcatMapNoPrefetch$FluxConcatMapNoPrefetchSubscriber.onNext(FluxConcatMapNoPrefetch.java:207) ~[reactor-core-3.6.10.jar:3.6.10]
		at reactor.core.publisher.FluxDematerialize$DematerializeSubscriber.onNext(FluxDematerialize.java:98) ~[reactor-core-3.6.10.jar:3.6.10]
		at reactor.core.publisher.FluxDematerialize$DematerializeSubscriber.onNext(FluxDematerialize.java:44) ~[reactor-core-3.6.10.jar:3.6.10]
		at reactor.core.publisher.FluxIterable$IterableSubscription.slowPath(FluxIterable.java:335) ~[reactor-core-3.6.10.jar:3.6.10]
		at reactor.core.publisher.FluxIterable$IterableSubscription.request(FluxIterable.java:294) ~[reactor-core-3.6.10.jar:3.6.10]
		at reactor.core.publisher.FluxDematerialize$DematerializeSubscriber.request(FluxDematerialize.java:127) ~[reactor-core-3.6.10.jar:3.6.10]
		at reactor.core.publisher.FluxConcatMapNoPrefetch$FluxConcatMapNoPrefetchSubscriber.innerComplete(FluxConcatMapNoPrefetch.java:275) ~[reactor-core-3.6.10.jar:3.6.10]
		at reactor.core.publisher.FluxConcatMap$ConcatMapInner.onComplete(FluxConcatMap.java:889) ~[reactor-core-3.6.10.jar:3.6.10]
		at reactor.core.publisher.Operators$MultiSubscriptionSubscriber.onComplete(Operators.java:2231) ~[reactor-core-3.6.10.jar:3.6.10]
		at reactor.core.publisher.MonoPeekTerminal$MonoTerminalPeekSubscriber.onComplete(MonoPeekTerminal.java:299) ~[reactor-core-3.6.10.jar:3.6.10]
		at reactor.core.publisher.MonoFilterWhen$MonoFilterWhenMain.onNext(MonoFilterWhen.java:141) ~[reactor-core-3.6.10.jar:3.6.10]
		at reactor.core.publisher.Operators$ScalarSubscription.request(Operators.java:2571) ~[reactor-core-3.6.10.jar:3.6.10]
		at reactor.core.publisher.MonoFilterWhen$MonoFilterWhenMain.request(MonoFilterWhen.java:183) ~[reactor-core-3.6.10.jar:3.6.10]
		at reactor.core.publisher.MonoPeekTerminal$MonoTerminalPeekSubscriber.request(MonoPeekTerminal.java:139) ~[reactor-core-3.6.10.jar:3.6.10]
		at reactor.core.publisher.Operators$MultiSubscriptionSubscriber.request(Operators.java:2331) ~[reactor-core-3.6.10.jar:3.6.10]
		at reactor.core.publisher.Operators$MultiSubscriptionSubscriber.request(Operators.java:2331) ~[reactor-core-3.6.10.jar:3.6.10]
		at reactor.core.publisher.FluxConcatMapNoPrefetch$FluxConcatMapNoPrefetchSubscriber.request(FluxConcatMapNoPrefetch.java:339) ~[reactor-core-3.6.10.jar:3.6.10]
		at reactor.core.publisher.MonoNext$NextSubscriber.request(MonoNext.java:108) ~[reactor-core-3.6.10.jar:3.6.10]
		at reactor.core.publisher.FluxMap$MapSubscriber.request(FluxMap.java:164) ~[reactor-core-3.6.10.jar:3.6.10]
		at reactor.core.publisher.FluxMap$MapSubscriber.request(FluxMap.java:164) ~[reactor-core-3.6.10.jar:3.6.10]
		at reactor.core.publisher.Operators$MultiSubscriptionSubscriber.request(Operators.java:2331) ~[reactor-core-3.6.10.jar:3.6.10]
		at reactor.core.publisher.FluxMap$MapSubscriber.request(FluxMap.java:164) ~[reactor-core-3.6.10.jar:3.6.10]
		at reactor.core.publisher.Operators$MultiSubscriptionSubscriber.request(Operators.java:2331) ~[reactor-core-3.6.10.jar:3.6.10]
		at reactor.core.publisher.FluxConcatMapNoPrefetch$FluxConcatMapNoPrefetchSubscriber.request(FluxConcatMapNoPrefetch.java:339) ~[reactor-core-3.6.10.jar:3.6.10]
		at reactor.core.publisher.MonoNext$NextSubscriber.request(MonoNext.java:108) ~[reactor-core-3.6.10.jar:3.6.10]
		at reactor.core.publisher.Operators$MultiSubscriptionSubscriber.set(Operators.java:2367) ~[reactor-core-3.6.10.jar:3.6.10]
		at reactor.core.publisher.Operators$MultiSubscriptionSubscriber.onSubscribe(Operators.java:2241) ~[reactor-core-3.6.10.jar:3.6.10]
		at reactor.core.publisher.MonoNext$NextSubscriber.onSubscribe(MonoNext.java:70) ~[reactor-core-3.6.10.jar:3.6.10]
		at reactor.core.publisher.FluxConcatMapNoPrefetch$FluxConcatMapNoPrefetchSubscriber.onSubscribe(FluxConcatMapNoPrefetch.java:164) ~[reactor-core-3.6.10.jar:3.6.10]
		at reactor.core.publisher.FluxIterable.subscribe(FluxIterable.java:201) ~[reactor-core-3.6.10.jar:3.6.10]
		at reactor.core.publisher.FluxIterable.subscribe(FluxIterable.java:83) ~[reactor-core-3.6.10.jar:3.6.10]
		at reactor.core.publisher.InternalMonoOperator.subscribe(InternalMonoOperator.java:76) ~[reactor-core-3.6.10.jar:3.6.10]
		at reactor.core.publisher.MonoDefer.subscribe(MonoDefer.java:53) ~[reactor-core-3.6.10.jar:3.6.10]
		at reactor.core.publisher.InternalMonoOperator.subscribe(InternalMonoOperator.java:76) ~[reactor-core-3.6.10.jar:3.6.10]
		at reactor.core.publisher.MonoDefer.subscribe(MonoDefer.java:53) ~[reactor-core-3.6.10.jar:3.6.10]
		at reactor.core.publisher.Mono.subscribe(Mono.java:4576) ~[reactor-core-3.6.10.jar:3.6.10]
		at reactor.core.publisher.MonoIgnoreThen$ThenIgnoreMain.subscribeNext(MonoIgnoreThen.java:265) ~[reactor-core-3.6.10.jar:3.6.10]
		at reactor.core.publisher.MonoIgnoreThen.subscribe(MonoIgnoreThen.java:51) ~[reactor-core-3.6.10.jar:3.6.10]
		at reactor.core.publisher.Mono.subscribe(Mono.java:4576) ~[reactor-core-3.6.10.jar:3.6.10]
		at org.springframework.http.server.reactive.ServletHttpHandlerAdapter.service(ServletHttpHandlerAdapter.java:199) ~[spring-web-6.1.13.jar:6.1.13]
		at org.apache.catalina.core.ApplicationFilterChain.internalDoFilter(ApplicationFilterChain.java:195) ~[tomcat-embed-core-10.1.30.jar:10.1.30]
		at org.apache.catalina.core.ApplicationFilterChain.doFilter(ApplicationFilterChain.java:140) ~[tomcat-embed-core-10.1.30.jar:10.1.30]
		at org.apache.tomcat.websocket.server.WsFilter.doFilter(WsFilter.java:51) ~[tomcat-embed-websocket-10.1.30.jar:10.1.30]
		at org.apache.catalina.core.ApplicationFilterChain.internalDoFilter(ApplicationFilterChain.java:164) ~[tomcat-embed-core-10.1.30.jar:10.1.30]
		at org.apache.catalina.core.ApplicationFilterChain.doFilter(ApplicationFilterChain.java:140) ~[tomcat-embed-core-10.1.30.jar:10.1.30]
		at org.apache.catalina.core.StandardWrapperValve.invoke(StandardWrapperValve.java:167) ~[tomcat-embed-core-10.1.30.jar:10.1.30]
		at org.apache.catalina.core.StandardContextValve.invoke(StandardContextValve.java:90) ~[tomcat-embed-core-10.1.30.jar:10.1.30]
		at org.apache.catalina.authenticator.AuthenticatorBase.invoke(AuthenticatorBase.java:483) ~[tomcat-embed-core-10.1.30.jar:10.1.30]
		at org.apache.catalina.core.StandardHostValve.invoke(StandardHostValve.java:115) ~[tomcat-embed-core-10.1.30.jar:10.1.30]
		at org.apache.catalina.valves.ErrorReportValve.invoke(ErrorReportValve.java:93) ~[tomcat-embed-core-10.1.30.jar:10.1.30]
		at org.apache.catalina.core.StandardEngineValve.invoke(StandardEngineValve.java:74) ~[tomcat-embed-core-10.1.30.jar:10.1.30]
		at org.apache.catalina.connector.CoyoteAdapter.service(CoyoteAdapter.java:344) ~[tomcat-embed-core-10.1.30.jar:10.1.30]
		at org.apache.coyote.http11.Http11Processor.service(Http11Processor.java:384) ~[tomcat-embed-core-10.1.30.jar:10.1.30]
		at org.apache.coyote.AbstractProcessorLight.process(AbstractProcessorLight.java:63) ~[tomcat-embed-core-10.1.30.jar:10.1.30]
		at org.apache.coyote.AbstractProtocol$ConnectionHandler.process(AbstractProtocol.java:905) ~[tomcat-embed-core-10.1.30.jar:10.1.30]
		at org.apache.tomcat.util.net.NioEndpoint$SocketProcessor.doRun(NioEndpoint.java:1741) ~[tomcat-embed-core-10.1.30.jar:10.1.30]
		at org.apache.tomcat.util.net.SocketProcessorBase.run(SocketProcessorBase.java:52) ~[tomcat-embed-core-10.1.30.jar:10.1.30]
		at org.apache.tomcat.util.threads.ThreadPoolExecutor.runWorker(ThreadPoolExecutor.java:1190) ~[tomcat-embed-core-10.1.30.jar:10.1.30]
		at org.apache.tomcat.util.threads.ThreadPoolExecutor$Worker.run(ThreadPoolExecutor.java:659) ~[tomcat-embed-core-10.1.30.jar:10.1.30]
		at org.apache.tomcat.util.threads.TaskThread$WrappingRunnable.run(TaskThread.java:63) ~[tomcat-embed-core-10.1.30.jar:10.1.30]
		at java.base/java.lang.Thread.run(Thread.java:1575) ~[na:na]

17:31:03:542  WARN 4380 --- [gateway] [Thread-5] c.a.nacos.common.notify.NotifyCenter     : [NotifyCenter] Start destroying Publisher
17:31:03:542  WARN 4380 --- [gateway] [Thread-2] c.a.n.common.http.HttpClientBeanHolder   : [HttpClientBeanHolder] Start destroying common HttpClient
17:31:03:542  WARN 4380 --- [gateway] [Thread-5] c.a.nacos.common.notify.NotifyCenter     : [NotifyCenter] Destruction of the end
17:31:03:542  WARN 4380 --- [gateway] [Thread-2] c.a.n.common.http.HttpClientBeanHolder   : [HttpClientBeanHolder] Destruction of the end
17:31:03:568  INFO 4380 --- [gateway] [SpringApplicationShutdownHook] com.alibaba.druid.pool.DruidDataSource   : {dataSource-0} closing ...
17:31:03:571  INFO 4380 --- [gateway] [SpringApplicationShutdownHook] c.a.c.n.registry.NacosServiceRegistry    : De-registering from Nacos Server now...
17:31:03:571  INFO 4380 --- [gateway] [SpringApplicationShutdownHook] com.alibaba.nacos.client.naming          : [DEREGISTER-SERVICE] public deregistering service gateway with instance: Instance{instanceId='null', ip='192.168.148.1', port=8080, weight=1.0, healthy=true, enabled=true, ephemeral=true, clusterName='DEFAULT', serviceName='null', metadata={}}
17:31:03:578  INFO 4380 --- [gateway] [SpringApplicationShutdownHook] c.a.c.n.registry.NacosServiceRegistry    : De-registration finished.
17:31:03:578  INFO 4380 --- [gateway] [SpringApplicationShutdownHook] com.alibaba.nacos.client.naming          : com.alibaba.nacos.client.naming.cache.ServiceInfoHolder do shutdown begin
17:31:03:578  INFO 4380 --- [gateway] [SpringApplicationShutdownHook] com.alibaba.nacos.client.naming          : com.alibaba.nacos.client.naming.backups.FailoverReactor do shutdown begin
17:31:03:578  INFO 4380 --- [gateway] [SpringApplicationShutdownHook] com.alibaba.nacos.client.naming          : com.alibaba.nacos.client.naming.backups.FailoverReactor do shutdown stop
17:31:03:578  INFO 4380 --- [gateway] [SpringApplicationShutdownHook] com.alibaba.nacos.client.naming          : com.alibaba.nacos.client.naming.cache.ServiceInfoHolder do shutdown stop
17:31:03:578  INFO 4380 --- [gateway] [SpringApplicationShutdownHook] com.alibaba.nacos.client.naming          : com.alibaba.nacos.client.naming.remote.NamingClientProxyDelegate do shutdown begin
17:31:03:578  INFO 4380 --- [gateway] [SpringApplicationShutdownHook] com.alibaba.nacos.client.naming          : com.alibaba.nacos.client.naming.core.ServiceInfoUpdateService do shutdown begin
17:31:03:578  INFO 4380 --- [gateway] [SpringApplicationShutdownHook] com.alibaba.nacos.client.naming          : com.alibaba.nacos.client.naming.core.ServiceInfoUpdateService do shutdown stop
17:31:03:578  INFO 4380 --- [gateway] [SpringApplicationShutdownHook] com.alibaba.nacos.client.naming          : com.alibaba.nacos.client.naming.core.ServerListManager do shutdown begin
17:31:03:578  WARN 4380 --- [gateway] [SpringApplicationShutdownHook] com.alibaba.nacos.client.naming          : [NamingHttpClientManager] Start destroying NacosRestTemplate
17:31:03:578  WARN 4380 --- [gateway] [SpringApplicationShutdownHook] com.alibaba.nacos.client.naming          : [NamingHttpClientManager] Destruction of the end
17:31:03:578  INFO 4380 --- [gateway] [SpringApplicationShutdownHook] com.alibaba.nacos.client.naming          : com.alibaba.nacos.client.naming.core.ServerListManager do shutdown stop
17:31:03:578  INFO 4380 --- [gateway] [SpringApplicationShutdownHook] com.alibaba.nacos.client.naming          : com.alibaba.nacos.client.naming.remote.http.NamingHttpClientProxy do shutdown begin
17:31:03:578  WARN 4380 --- [gateway] [SpringApplicationShutdownHook] com.alibaba.nacos.client.naming          : [NamingHttpClientManager] Start destroying NacosRestTemplate
17:31:03:578  WARN 4380 --- [gateway] [SpringApplicationShutdownHook] com.alibaba.nacos.client.naming          : [NamingHttpClientManager] Destruction of the end
17:31:03:578  INFO 4380 --- [gateway] [SpringApplicationShutdownHook] com.alibaba.nacos.client.naming          : com.alibaba.nacos.client.naming.remote.http.NamingHttpClientProxy do shutdown stop
17:31:03:578  INFO 4380 --- [gateway] [SpringApplicationShutdownHook] com.alibaba.nacos.client.naming          : Shutdown naming grpc client proxy for  uuid->df8368d4-2179-4e60-a747-42280c09df4f
17:31:03:578  INFO 4380 --- [gateway] [SpringApplicationShutdownHook] com.alibaba.nacos.client.naming          : Shutdown grpc redo service executor java.util.concurrent.ScheduledThreadPoolExecutor@5fe4848[Running, pool size = 1, active threads = 0, queued tasks = 1, completed tasks = 57]
17:31:03:578  INFO 4380 --- [gateway] [SpringApplicationShutdownHook] com.alibaba.nacos.common.remote.client   : Shutdown rpc client, set status to shutdown
17:31:03:578  INFO 4380 --- [gateway] [SpringApplicationShutdownHook] com.alibaba.nacos.common.remote.client   : Shutdown client event executor java.util.concurrent.ScheduledThreadPoolExecutor@3a6409ec[Running, pool size = 2, active threads = 2, queued tasks = 0, completed tasks = 0]
17:31:03:578  INFO 4380 --- [gateway] [SpringApplicationShutdownHook] com.alibaba.nacos.common.remote.client   : Close current connection 1761211691646_192.168.148.1_10022
17:31:03:583  INFO 4380 --- [gateway] [nacos-grpc-client-executor-192.168.148.100-42] c.a.n.c.remote.client.grpc.GrpcClient    : [1761211691646_192.168.148.1_10022]Ignore complete event,isRunning:false,isAbandon=false
17:31:03:583  INFO 4380 --- [gateway] [SpringApplicationShutdownHook] c.a.n.c.remote.client.grpc.GrpcClient    : Shutdown grpc executor java.util.concurrent.ThreadPoolExecutor@2446be5f[Running, pool size = 4, active threads = 0, queued tasks = 0, completed tasks = 43]
17:31:03:583  INFO 4380 --- [gateway] [SpringApplicationShutdownHook] com.alibaba.nacos.client.naming          : shutdown and remove naming rpc client  for uuid ->df8368d4-2179-4e60-a747-42280c09df4f
17:31:03:583  INFO 4380 --- [gateway] [SpringApplicationShutdownHook] c.a.n.c.a.r.identify.CredentialWatcher   : [null] CredentialWatcher is stopped
17:31:03:583  INFO 4380 --- [gateway] [SpringApplicationShutdownHook] c.a.n.c.a.r.identify.CredentialService   : [null] CredentialService is freed
17:31:03:583  INFO 4380 --- [gateway] [SpringApplicationShutdownHook] com.alibaba.nacos.client.naming          : com.alibaba.nacos.client.naming.remote.NamingClientProxyDelegate do shutdown stop
17:31:12:981  INFO 3400 --- [gateway] [main] com.qg.gateway.GatewayApplication        : No active profile set, falling back to 1 default profile: "default"
17:31:13:605  INFO 3400 --- [gateway] [main] .s.d.r.c.RepositoryConfigurationDelegate : Multiple Spring Data modules found, entering strict repository configuration mode
17:31:13:609  INFO 3400 --- [gateway] [main] .s.d.r.c.RepositoryConfigurationDelegate : Bootstrapping Spring Data Redis repositories in DEFAULT mode.
17:31:13:633  INFO 3400 --- [gateway] [main] .s.d.r.c.RepositoryConfigurationDelegate : Finished Spring Data repository scanning in 5 ms. Found 0 Redis repository interfaces.
17:31:13:804  WARN 3400 --- [gateway] [main] o.m.s.mapper.ClassPathMapperScanner      : No MyBatis mapper was found in '[com.qg.gateway]' package. Please check your configuration.
17:31:13:868  INFO 3400 --- [gateway] [main] o.s.cloud.context.scope.GenericScope     : BeanFactory id=67d7b1a5-3c5c-3d18-a555-8ee29e13ac1e
17:31:13:981  WARN 3400 --- [gateway] [main] trationDelegate$BeanPostProcessorChecker : Bean 'org.springframework.cloud.client.loadbalancer.LoadBalancerAutoConfiguration$DeferringLoadBalancerInterceptorConfig' of type [org.springframework.cloud.client.loadbalancer.LoadBalancerAutoConfiguration$DeferringLoadBalancerInterceptorConfig] is not eligible for getting processed by all BeanPostProcessors (for example: not eligible for auto-proxying). The currently created BeanPostProcessor [lbRestClientPostProcessor] is declared through a non-static factory method on that class; consider declaring it as static instead.
17:31:13:983  WARN 3400 --- [gateway] [main] trationDelegate$BeanPostProcessorChecker : Bean 'deferringLoadBalancerInterceptor' of type [org.springframework.cloud.client.loadbalancer.DeferringLoadBalancerInterceptor] is not eligible for getting processed by all BeanPostProcessors (for example: not eligible for auto-proxying). Is this bean getting eagerly injected into a currently created BeanPostProcessor [lbRestClientPostProcessor]? Check the corresponding BeanPostProcessor declaration and its dependencies.
17:31:13:984  WARN 3400 --- [gateway] [main] trationDelegate$BeanPostProcessorChecker : Bean 'org.springframework.cloud.client.loadbalancer.reactive.LoadBalancerBeanPostProcessorAutoConfiguration' of type [org.springframework.cloud.client.loadbalancer.reactive.LoadBalancerBeanPostProcessorAutoConfiguration] is not eligible for getting processed by all BeanPostProcessors (for example: not eligible for auto-proxying). The currently created BeanPostProcessor [loadBalancerWebClientBuilderBeanPostProcessor] is declared through a non-static factory method on that class; consider declaring it as static instead.
17:31:13:984  WARN 3400 --- [gateway] [main] trationDelegate$BeanPostProcessorChecker : Bean 'org.springframework.cloud.client.loadbalancer.reactive.LoadBalancerBeanPostProcessorAutoConfiguration$ReactorDeferringLoadBalancerFilterConfig' of type [org.springframework.cloud.client.loadbalancer.reactive.LoadBalancerBeanPostProcessorAutoConfiguration$ReactorDeferringLoadBalancerFilterConfig] is not eligible for getting processed by all BeanPostProcessors (for example: not eligible for auto-proxying). Is this bean getting eagerly injected into a currently created BeanPostProcessor [loadBalancerWebClientBuilderBeanPostProcessor]? Check the corresponding BeanPostProcessor declaration and its dependencies.
17:31:13:985  WARN 3400 --- [gateway] [main] trationDelegate$BeanPostProcessorChecker : Bean 'reactorDeferringLoadBalancerExchangeFilterFunction' of type [org.springframework.cloud.client.loadbalancer.reactive.DeferringLoadBalancerExchangeFilterFunction] is not eligible for getting processed by all BeanPostProcessors (for example: not eligible for auto-proxying). Is this bean getting eagerly injected into a currently created BeanPostProcessor [loadBalancerWebClientBuilderBeanPostProcessor]? Check the corresponding BeanPostProcessor declaration and its dependencies.
17:31:14:114  INFO 3400 --- [gateway] [main] o.s.b.w.embedded.tomcat.TomcatWebServer  : Tomcat initialized with port 8080 (http)
17:31:14:117  INFO 3400 --- [gateway] [main] o.a.catalina.core.AprLifecycleListener   : Loaded Apache Tomcat Native library [2.0.8] using APR version [1.7.4].
17:31:14:121  INFO 3400 --- [gateway] [main] o.a.catalina.core.AprLifecycleListener   : OpenSSL successfully initialized [OpenSSL 3.0.14 4 Jun 2024]
17:31:14:131  INFO 3400 --- [gateway] [main] o.apache.catalina.core.StandardService   : Starting service [Tomcat]
17:31:14:131  INFO 3400 --- [gateway] [main] o.apache.catalina.core.StandardEngine    : Starting Servlet engine: [Apache Tomcat/10.1.30]
17:31:15:471  INFO 3400 --- [gateway] [main] o.s.cloud.commons.util.InetUtils         : Cannot determine local hostname
17:31:17:738  INFO 3400 --- [gateway] [main] o.s.cloud.commons.util.InetUtils         : Cannot determine local hostname
17:31:18:023  INFO 3400 --- [gateway] [main] o.s.c.g.r.RouteDefinitionRouteLocator    : Loaded RoutePredicateFactory [After]
17:31:18:023  INFO 3400 --- [gateway] [main] o.s.c.g.r.RouteDefinitionRouteLocator    : Loaded RoutePredicateFactory [Before]
17:31:18:024  INFO 3400 --- [gateway] [main] o.s.c.g.r.RouteDefinitionRouteLocator    : Loaded RoutePredicateFactory [Between]
17:31:18:024  INFO 3400 --- [gateway] [main] o.s.c.g.r.RouteDefinitionRouteLocator    : Loaded RoutePredicateFactory [Cookie]
17:31:18:024  INFO 3400 --- [gateway] [main] o.s.c.g.r.RouteDefinitionRouteLocator    : Loaded RoutePredicateFactory [Header]
17:31:18:024  INFO 3400 --- [gateway] [main] o.s.c.g.r.RouteDefinitionRouteLocator    : Loaded RoutePredicateFactory [Host]
17:31:18:024  INFO 3400 --- [gateway] [main] o.s.c.g.r.RouteDefinitionRouteLocator    : Loaded RoutePredicateFactory [Method]
17:31:18:024  INFO 3400 --- [gateway] [main] o.s.c.g.r.RouteDefinitionRouteLocator    : Loaded RoutePredicateFactory [Path]
17:31:18:024  INFO 3400 --- [gateway] [main] o.s.c.g.r.RouteDefinitionRouteLocator    : Loaded RoutePredicateFactory [Query]
17:31:18:024  INFO 3400 --- [gateway] [main] o.s.c.g.r.RouteDefinitionRouteLocator    : Loaded RoutePredicateFactory [ReadBody]
17:31:18:024  INFO 3400 --- [gateway] [main] o.s.c.g.r.RouteDefinitionRouteLocator    : Loaded RoutePredicateFactory [RemoteAddr]
17:31:18:024  INFO 3400 --- [gateway] [main] o.s.c.g.r.RouteDefinitionRouteLocator    : Loaded RoutePredicateFactory [XForwardedRemoteAddr]
17:31:18:024  INFO 3400 --- [gateway] [main] o.s.c.g.r.RouteDefinitionRouteLocator    : Loaded RoutePredicateFactory [Weight]
17:31:18:024  INFO 3400 --- [gateway] [main] o.s.c.g.r.RouteDefinitionRouteLocator    : Loaded RoutePredicateFactory [CloudFoundryRouteService]
17:31:19:199  INFO 3400 --- [gateway] [main] o.s.cloud.commons.util.InetUtils         : Cannot determine local hostname
17:31:19:498  WARN 3400 --- [gateway] [main] iguration$LoadBalancerCaffeineWarnLogger : Spring Cloud LoadBalancer is currently working with the default cache. While this cache implementation is useful for development and tests, it's recommended to use Caffeine cache in production.You can switch to using Caffeine cache, by adding it and org.springframework.cache.caffeine.CaffeineCacheManager to the classpath.
17:31:19:582  INFO 3400 --- [gateway] [main] o.s.b.w.embedded.tomcat.TomcatWebServer  : Tomcat started on port 8080 (http)
17:31:20:597  INFO 3400 --- [gateway] [main] o.s.cloud.commons.util.InetUtils         : Cannot determine local hostname
17:31:21:603  INFO 3400 --- [gateway] [main] o.s.cloud.commons.util.InetUtils         : Cannot determine local hostname
17:31:21:606  INFO 3400 --- [gateway] [main] com.alibaba.nacos.client.naming          : initializer namespace from ans.namespace attribute : null
17:31:21:607  INFO 3400 --- [gateway] [main] com.alibaba.nacos.client.naming          : initializer namespace from ALIBABA_ALIWARE_NAMESPACE attribute :null
17:31:21:607  INFO 3400 --- [gateway] [main] com.alibaba.nacos.client.naming          : initializer namespace from namespace attribute :null
17:31:21:611  INFO 3400 --- [gateway] [main] com.alibaba.nacos.client.naming          : FailoverDataSource type is class com.alibaba.nacos.client.naming.backups.datasource.DiskFailoverDataSource
17:31:21:613  INFO 3400 --- [gateway] [main] c.a.n.p.a.s.c.ClientAuthPluginManager    : [ClientAuthPluginManager] Load ClientAuthService com.alibaba.nacos.client.auth.impl.NacosClientAuthServiceImpl success.
17:31:21:613  INFO 3400 --- [gateway] [main] c.a.n.p.a.s.c.ClientAuthPluginManager    : [ClientAuthPluginManager] Load ClientAuthService com.alibaba.nacos.client.auth.ram.RamClientAuthServiceImpl success.
17:31:21:748  INFO 3400 --- [gateway] [main] com.alibaba.nacos.common.remote.client   : [RpcClientFactory] create a new rpc client of 0dd3df37-9a7e-4675-bcf0-c0b7c3d2b281
17:31:21:749  INFO 3400 --- [gateway] [main] com.alibaba.nacos.client.naming          : Create naming rpc client for uuid->0dd3df37-9a7e-4675-bcf0-c0b7c3d2b281
17:31:21:749  INFO 3400 --- [gateway] [main] com.alibaba.nacos.common.remote.client   : [0dd3df37-9a7e-4675-bcf0-c0b7c3d2b281] RpcClient init, ServerListFactory = com.alibaba.nacos.client.naming.core.ServerListManager
17:31:21:749  INFO 3400 --- [gateway] [main] com.alibaba.nacos.common.remote.client   : [0dd3df37-9a7e-4675-bcf0-c0b7c3d2b281] Registry connection listener to current client:com.alibaba.nacos.client.naming.remote.gprc.redo.NamingGrpcRedoService
17:31:21:749  INFO 3400 --- [gateway] [main] com.alibaba.nacos.common.remote.client   : [0dd3df37-9a7e-4675-bcf0-c0b7c3d2b281] Register server push request handler:com.alibaba.nacos.client.naming.remote.gprc.NamingPushRequestHandler
17:31:21:750  INFO 3400 --- [gateway] [main] com.alibaba.nacos.common.remote.client   : [0dd3df37-9a7e-4675-bcf0-c0b7c3d2b281] Try to connect to server on start up, server: {serverIp = '192.168.148.100', server main port = 8848}
17:31:21:750  INFO 3400 --- [gateway] [main] c.a.n.c.remote.client.grpc.GrpcClient    : grpc client connection server:192.168.148.100 ip,serverPort:9848,grpcTslConfig:{"sslProvider":"","enableTls":false,"mutualAuthEnable":false,"trustAll":false}
17:31:21:868  INFO 3400 --- [gateway] [main] com.alibaba.nacos.common.remote.client   : [0dd3df37-9a7e-4675-bcf0-c0b7c3d2b281] Success to connect to server [192.168.148.100:8848] on start up, connectionId = 1761211882234_192.168.148.1_3188
17:31:21:868  INFO 3400 --- [gateway] [main] com.alibaba.nacos.common.remote.client   : [0dd3df37-9a7e-4675-bcf0-c0b7c3d2b281] Register server push request handler:com.alibaba.nacos.common.remote.client.RpcClient$ConnectResetRequestHandler
17:31:21:868  INFO 3400 --- [gateway] [main] com.alibaba.nacos.common.remote.client   : [0dd3df37-9a7e-4675-bcf0-c0b7c3d2b281] Register server push request handler:com.alibaba.nacos.common.remote.client.RpcClient$$Lambda/0x0000014a01530a70
17:31:21:868  INFO 3400 --- [gateway] [com.alibaba.nacos.client.remote.worker.0] com.alibaba.nacos.common.remote.client   : [0dd3df37-9a7e-4675-bcf0-c0b7c3d2b281] Notify connected event to listeners.
17:31:21:868  INFO 3400 --- [gateway] [com.alibaba.nacos.client.remote.worker.0] com.alibaba.nacos.client.naming          : Grpc connection connect
17:31:21:869  INFO 3400 --- [gateway] [main] com.alibaba.nacos.client.naming          : [REGISTER-SERVICE] public registering service gateway with instance Instance{instanceId='null', ip='192.168.148.1', port=8080, weight=1.0, healthy=true, enabled=true, ephemeral=true, clusterName='DEFAULT', serviceName='null', metadata={IPv6=[2001:0:2851:b9f0:1839:7a7a:48c0:88ca], preserved.register.source=SPRING_CLOUD}}
17:31:21:880  INFO 3400 --- [gateway] [main] c.a.c.n.registry.NacosServiceRegistry    : nacos registry, DEFAULT_GROUP gateway 192.168.148.1:8080 register finished
17:31:21:924  INFO 3400 --- [gateway] [main] com.qg.gateway.GatewayApplication        : Started GatewayApplication in 12.781 seconds (process running for 13.394)
17:31:21:928  INFO 3400 --- [gateway] [main] c.a.nacos.client.config.impl.CacheData   : config listener notify warn timeout millis use default 60000 millis 
17:31:21:928  INFO 3400 --- [gateway] [main] c.a.nacos.client.config.impl.CacheData   : nacos.cache.data.init.snapshot = true 
17:31:21:928  INFO 3400 --- [gateway] [main] c.a.n.client.config.impl.ClientWorker    : [fixed-192.168.148.100_8848] [subscribe] gateway.yaml+DEFAULT_GROUP
17:31:21:933  INFO 3400 --- [gateway] [main] c.a.nacos.client.config.impl.CacheData   : [fixed-192.168.148.100_8848] [add-listener] ok, tenant=, dataId=gateway.yaml, group=DEFAULT_GROUP, cnt=1
17:31:21:933  INFO 3400 --- [gateway] [main] c.a.c.n.refresh.NacosContextRefresher    : [Nacos Config] Listening config: dataId=gateway.yaml, group=DEFAULT_GROUP
17:31:21:934  INFO 3400 --- [gateway] [main] c.a.n.client.config.impl.ClientWorker    : [fixed-192.168.148.100_8848] [subscribe] gateway+DEFAULT_GROUP
17:31:21:934  INFO 3400 --- [gateway] [main] c.a.nacos.client.config.impl.CacheData   : [fixed-192.168.148.100_8848] [add-listener] ok, tenant=, dataId=gateway, group=DEFAULT_GROUP, cnt=1
17:31:21:934  INFO 3400 --- [gateway] [main] c.a.c.n.refresh.NacosContextRefresher    : [Nacos Config] Listening config: dataId=gateway, group=DEFAULT_GROUP
17:31:29:939  INFO 3400 --- [gateway] [boundedElastic-1] com.alibaba.nacos.client.naming          : [SUBSCRIBE-SERVICE] service:alert-service, group:DEFAULT_GROUP, clusters: 
17:31:29:939  INFO 3400 --- [gateway] [boundedElastic-1] com.alibaba.nacos.client.naming          : [GRPC-SUBSCRIBE] service:alert-service, group:DEFAULT_GROUP, cluster: 
17:31:29:953  INFO 3400 --- [gateway] [boundedElastic-1] com.alibaba.nacos.client.naming          : init new ips(1) service: DEFAULT_GROUP@@alert-service -> [{"ip":"192.168.148.1","port":8085,"weight":1.0,"healthy":true,"enabled":true,"ephemeral":true,"clusterName":"DEFAULT","serviceName":"DEFAULT_GROUP@@alert-service","metadata":{"preserved.register.source":"SPRING_CLOUD"},"instanceHeartBeatInterval":5000,"instanceHeartBeatTimeOut":15000,"ipDeleteTimeout":30000}]
17:31:29:954  INFO 3400 --- [gateway] [boundedElastic-1] com.alibaba.nacos.client.naming          : current ips:(1) service: DEFAULT_GROUP@@alert-service -> [{"ip":"192.168.148.1","port":8085,"weight":1.0,"healthy":true,"enabled":true,"ephemeral":true,"clusterName":"DEFAULT","serviceName":"DEFAULT_GROUP@@alert-service","metadata":{"preserved.register.source":"SPRING_CLOUD"},"instanceHeartBeatInterval":5000,"instanceHeartBeatTimeOut":15000,"ipDeleteTimeout":30000}]
17:31:29:985 ERROR 3400 --- [gateway] [boundedElastic-1] a.w.r.e.AbstractErrorWebExceptionHandler : [24ba8a58]  500 Server Error for HTTP GET "/ws"

java.lang.ClassCastException: class org.apache.catalina.connector.ResponseFacade cannot be cast to class reactor.netty.http.server.HttpServerResponse (org.apache.catalina.connector.ResponseFacade and reactor.netty.http.server.HttpServerResponse are in unnamed module of loader 'app')
	at org.springframework.web.reactive.socket.server.upgrade.ReactorNettyRequestUpgradeStrategy.upgrade(ReactorNettyRequestUpgradeStrategy.java:163) ~[spring-webflux-6.1.13.jar:6.1.13]
	Suppressed: reactor.core.publisher.FluxOnAssembly$OnAssemblyException: 
Error has been observed at the following site(s):
	*__checkpoint ⇢ org.springframework.cloud.gateway.filter.WeightCalculatorWebFilter [DefaultWebFilterChain]
	*__checkpoint ⇢ HTTP GET "/ws" [ExceptionHandlingWebHandler]
Original Stack Trace:
		at org.springframework.web.reactive.socket.server.upgrade.ReactorNettyRequestUpgradeStrategy.upgrade(ReactorNettyRequestUpgradeStrategy.java:163) ~[spring-webflux-6.1.13.jar:6.1.13]
		at org.springframework.web.reactive.socket.server.support.HandshakeWebSocketService.lambda$handleRequest$1(HandshakeWebSocketService.java:221) ~[spring-webflux-6.1.13.jar:6.1.13]
		at reactor.core.publisher.FluxFlatMap.trySubscribeScalarMap(FluxFlatMap.java:153) ~[reactor-core-3.6.10.jar:3.6.10]
		at reactor.core.publisher.MonoFlatMap.subscribeOrReturn(MonoFlatMap.java:53) ~[reactor-core-3.6.10.jar:3.6.10]
		at reactor.core.publisher.InternalMonoOperator.subscribe(InternalMonoOperator.java:63) ~[reactor-core-3.6.10.jar:3.6.10]
		at reactor.core.publisher.MonoDefer.subscribe(MonoDefer.java:53) ~[reactor-core-3.6.10.jar:3.6.10]
		at reactor.core.publisher.MonoDefer.subscribe(MonoDefer.java:53) ~[reactor-core-3.6.10.jar:3.6.10]
		at reactor.core.publisher.MonoIgnoreThen$ThenIgnoreMain.subscribeNext(MonoIgnoreThen.java:241) ~[reactor-core-3.6.10.jar:3.6.10]
		at reactor.core.publisher.MonoIgnoreThen$ThenIgnoreMain.onComplete(MonoIgnoreThen.java:204) ~[reactor-core-3.6.10.jar:3.6.10]
		at reactor.core.publisher.FluxPeek$PeekSubscriber.onComplete(FluxPeek.java:260) ~[reactor-core-3.6.10.jar:3.6.10]
		at reactor.core.publisher.FluxMap$MapSubscriber.onComplete(FluxMap.java:144) ~[reactor-core-3.6.10.jar:3.6.10]
		at reactor.core.publisher.MonoNext$NextSubscriber.onComplete(MonoNext.java:102) ~[reactor-core-3.6.10.jar:3.6.10]
		at reactor.core.publisher.MonoNext$NextSubscriber.onNext(MonoNext.java:83) ~[reactor-core-3.6.10.jar:3.6.10]
		at reactor.core.publisher.FluxDematerialize$DematerializeSubscriber.onNext(FluxDematerialize.java:98) ~[reactor-core-3.6.10.jar:3.6.10]
		at reactor.core.publisher.FluxDematerialize$DematerializeSubscriber.onNext(FluxDematerialize.java:44) ~[reactor-core-3.6.10.jar:3.6.10]
		at reactor.core.publisher.FluxFlattenIterable$FlattenIterableSubscriber.drainAsync(FluxFlattenIterable.java:453) ~[reactor-core-3.6.10.jar:3.6.10]
		at reactor.core.publisher.FluxFlattenIterable$FlattenIterableSubscriber.drain(FluxFlattenIterable.java:724) ~[reactor-core-3.6.10.jar:3.6.10]
		at reactor.core.publisher.FluxFlattenIterable$FlattenIterableSubscriber.onNext(FluxFlattenIterable.java:256) ~[reactor-core-3.6.10.jar:3.6.10]
		at reactor.core.publisher.FluxSwitchIfEmpty$SwitchIfEmptySubscriber.onNext(FluxSwitchIfEmpty.java:74) ~[reactor-core-3.6.10.jar:3.6.10]
		at reactor.core.publisher.MonoFlatMap$FlatMapMain.secondComplete(MonoFlatMap.java:245) ~[reactor-core-3.6.10.jar:3.6.10]
		at reactor.core.publisher.MonoFlatMap$FlatMapInner.onNext(MonoFlatMap.java:305) ~[reactor-core-3.6.10.jar:3.6.10]
		at reactor.core.publisher.MonoIgnoreThen$ThenIgnoreMain.complete(MonoIgnoreThen.java:294) ~[reactor-core-3.6.10.jar:3.6.10]
		at reactor.core.publisher.MonoIgnoreThen$ThenIgnoreMain.onNext(MonoIgnoreThen.java:188) ~[reactor-core-3.6.10.jar:3.6.10]
		at reactor.core.publisher.MonoIgnoreThen$ThenIgnoreMain.subscribeNext(MonoIgnoreThen.java:237) ~[reactor-core-3.6.10.jar:3.6.10]
		at reactor.core.publisher.MonoIgnoreThen$ThenIgnoreMain.onComplete(MonoIgnoreThen.java:204) ~[reactor-core-3.6.10.jar:3.6.10]
		at reactor.core.publisher.MonoIgnoreElements$IgnoreElementsSubscriber.onComplete(MonoIgnoreElements.java:89) ~[reactor-core-3.6.10.jar:3.6.10]
		at reactor.core.publisher.FluxPeek$PeekSubscriber.onComplete(FluxPeek.java:260) ~[reactor-core-3.6.10.jar:3.6.10]
		at reactor.core.publisher.FluxDematerialize$DematerializeSubscriber.onComplete(FluxDematerialize.java:121) ~[reactor-core-3.6.10.jar:3.6.10]
		at reactor.core.publisher.FluxDematerialize$DematerializeSubscriber.onNext(FluxDematerialize.java:91) ~[reactor-core-3.6.10.jar:3.6.10]
		at reactor.core.publisher.FluxDematerialize$DematerializeSubscriber.onNext(FluxDematerialize.java:44) ~[reactor-core-3.6.10.jar:3.6.10]
		at reactor.core.publisher.FluxIterable$IterableSubscription.fastPath(FluxIterable.java:402) ~[reactor-core-3.6.10.jar:3.6.10]
		at reactor.core.publisher.FluxIterable$IterableSubscription.request(FluxIterable.java:291) ~[reactor-core-3.6.10.jar:3.6.10]
		at reactor.core.publisher.FluxDematerialize$DematerializeSubscriber.request(FluxDematerialize.java:127) ~[reactor-core-3.6.10.jar:3.6.10]
		at reactor.core.publisher.FluxPeek$PeekSubscriber.request(FluxPeek.java:138) ~[reactor-core-3.6.10.jar:3.6.10]
		at reactor.core.publisher.MonoIgnoreElements$IgnoreElementsSubscriber.onSubscribe(MonoIgnoreElements.java:72) ~[reactor-core-3.6.10.jar:3.6.10]
		at reactor.core.publisher.FluxPeek$PeekSubscriber.onSubscribe(FluxPeek.java:171) ~[reactor-core-3.6.10.jar:3.6.10]
		at reactor.core.publisher.FluxDematerialize$DematerializeSubscriber.onSubscribe(FluxDematerialize.java:77) ~[reactor-core-3.6.10.jar:3.6.10]
		at reactor.core.publisher.FluxIterable.subscribe(FluxIterable.java:201) ~[reactor-core-3.6.10.jar:3.6.10]
		at reactor.core.publisher.FluxIterable.subscribe(FluxIterable.java:83) ~[reactor-core-3.6.10.jar:3.6.10]
		at reactor.core.publisher.Mono.subscribe(Mono.java:4576) ~[reactor-core-3.6.10.jar:3.6.10]
		at reactor.core.publisher.MonoIgnoreThen$ThenIgnoreMain.subscribeNext(MonoIgnoreThen.java:265) ~[reactor-core-3.6.10.jar:3.6.10]
		at reactor.core.publisher.MonoIgnoreThen.subscribe(MonoIgnoreThen.java:51) ~[reactor-core-3.6.10.jar:3.6.10]
		at reactor.core.publisher.MonoFlatMap$FlatMapMain.onNext(MonoFlatMap.java:165) ~[reactor-core-3.6.10.jar:3.6.10]
		at reactor.core.publisher.Operators$BaseFluxToMonoOperator.completePossiblyEmpty(Operators.java:2097) ~[reactor-core-3.6.10.jar:3.6.10]
		at reactor.core.publisher.MonoCollectList$MonoCollectListSubscriber.onComplete(MonoCollectList.java:118) ~[reactor-core-3.6.10.jar:3.6.10]
		at reactor.core.publisher.DrainUtils.postCompleteDrain(DrainUtils.java:132) ~[reactor-core-3.6.10.jar:3.6.10]
		at reactor.core.publisher.DrainUtils.postComplete(DrainUtils.java:187) ~[reactor-core-3.6.10.jar:3.6.10]
		at reactor.core.publisher.FluxMaterialize$MaterializeSubscriber.onComplete(FluxMaterialize.java:141) ~[reactor-core-3.6.10.jar:3.6.10]
		at reactor.core.publisher.FluxLimitRequest$FluxLimitRequestSubscriber.onNext(FluxLimitRequest.java:104) ~[reactor-core-3.6.10.jar:3.6.10]
		at reactor.core.publisher.FluxOnErrorResume$ResumeSubscriber.onNext(FluxOnErrorResume.java:79) ~[reactor-core-3.6.10.jar:3.6.10]
		at reactor.core.publisher.SerializedSubscriber.onNext(SerializedSubscriber.java:99) ~[reactor-core-3.6.10.jar:3.6.10]
		at reactor.core.publisher.FluxTimeout$TimeoutMainSubscriber.onNext(FluxTimeout.java:181) ~[reactor-core-3.6.10.jar:3.6.10]
		at reactor.core.publisher.Operators$BaseFluxToMonoOperator.completePossiblyEmpty(Operators.java:2097) ~[reactor-core-3.6.10.jar:3.6.10]
		at reactor.core.publisher.MonoCollectList$MonoCollectListSubscriber.onComplete(MonoCollectList.java:118) ~[reactor-core-3.6.10.jar:3.6.10]
		at org.springframework.cloud.commons.publisher.FluxFirstNonEmptyEmitting$FirstNonEmptyEmittingSubscriber.onComplete(FluxFirstNonEmptyEmitting.java:325) ~[spring-cloud-commons-4.1.4.jar:4.1.4]
		at reactor.core.publisher.FluxSubscribeOn$SubscribeOnSubscriber.onComplete(FluxSubscribeOn.java:166) ~[reactor-core-3.6.10.jar:3.6.10]
		at reactor.core.publisher.FluxIterable$IterableSubscription.fastPath(FluxIterable.java:424) ~[reactor-core-3.6.10.jar:3.6.10]
		at reactor.core.publisher.FluxIterable$IterableSubscription.request(FluxIterable.java:291) ~[reactor-core-3.6.10.jar:3.6.10]
		at reactor.core.publisher.FluxSubscribeOn$SubscribeOnSubscriber.requestUpstream(FluxSubscribeOn.java:131) ~[reactor-core-3.6.10.jar:3.6.10]
		at reactor.core.publisher.FluxSubscribeOn$SubscribeOnSubscriber.onSubscribe(FluxSubscribeOn.java:124) ~[reactor-core-3.6.10.jar:3.6.10]
		at reactor.core.publisher.FluxIterable.subscribe(FluxIterable.java:201) ~[reactor-core-3.6.10.jar:3.6.10]
		at reactor.core.publisher.FluxIterable.subscribe(FluxIterable.java:83) ~[reactor-core-3.6.10.jar:3.6.10]
		at reactor.core.publisher.Flux.subscribe(Flux.java:8848) ~[reactor-core-3.6.10.jar:3.6.10]
		at reactor.core.publisher.FluxFlatMap.trySubscribeScalarMap(FluxFlatMap.java:202) ~[reactor-core-3.6.10.jar:3.6.10]
		at reactor.core.publisher.MonoFlatMapMany.subscribeOrReturn(MonoFlatMapMany.java:49) ~[reactor-core-3.6.10.jar:3.6.10]
		at reactor.core.publisher.Flux.subscribe(Flux.java:8833) ~[reactor-core-3.6.10.jar:3.6.10]
		at reactor.core.publisher.FluxFlatMap.trySubscribeScalarMap(FluxFlatMap.java:202) ~[reactor-core-3.6.10.jar:3.6.10]
		at reactor.core.publisher.MonoFlatMapMany.subscribeOrReturn(MonoFlatMapMany.java:49) ~[reactor-core-3.6.10.jar:3.6.10]
		at reactor.core.publisher.FluxFromMonoOperator.subscribe(FluxFromMonoOperator.java:77) ~[reactor-core-3.6.10.jar:3.6.10]
		at reactor.core.publisher.FluxSubscribeOn$SubscribeOnSubscriber.run(FluxSubscribeOn.java:194) ~[reactor-core-3.6.10.jar:3.6.10]
		at reactor.core.scheduler.WorkerTask.call(WorkerTask.java:84) ~[reactor-core-3.6.10.jar:3.6.10]
		at reactor.core.scheduler.WorkerTask.call(WorkerTask.java:37) ~[reactor-core-3.6.10.jar:3.6.10]
		at java.base/java.util.concurrent.FutureTask.run(FutureTask.java:317) ~[na:na]
		at java.base/java.util.concurrent.ScheduledThreadPoolExecutor$ScheduledFutureTask.run(ScheduledThreadPoolExecutor.java:304) ~[na:na]
		at java.base/java.util.concurrent.ThreadPoolExecutor.runWorker(ThreadPoolExecutor.java:1144) ~[na:na]
		at java.base/java.util.concurrent.ThreadPoolExecutor$Worker.run(ThreadPoolExecutor.java:642) ~[na:na]
		at java.base/java.lang.Thread.run(Thread.java:1575) ~[na:na]

17:31:30:466  INFO 3400 --- [gateway] [nacos-grpc-client-executor-192.168.148.100-9] com.alibaba.nacos.common.remote.client   : [0dd3df37-9a7e-4675-bcf0-c0b7c3d2b281] Receive server push request, request = NotifySubscriberRequest, requestId = 7
17:31:30:466  INFO 3400 --- [gateway] [nacos-grpc-client-executor-192.168.148.100-9] com.alibaba.nacos.common.remote.client   : [0dd3df37-9a7e-4675-bcf0-c0b7c3d2b281] Ack server push request, request = NotifySubscriberRequest, requestId = 7
17:31:30:642 ERROR 3400 --- [gateway] [http-nio-8080-exec-4] a.w.r.e.AbstractErrorWebExceptionHandler : [56dfb05b]  500 Server Error for HTTP GET "/ws"

java.lang.ClassCastException: class org.apache.catalina.connector.ResponseFacade cannot be cast to class reactor.netty.http.server.HttpServerResponse (org.apache.catalina.connector.ResponseFacade and reactor.netty.http.server.HttpServerResponse are in unnamed module of loader 'app')
	at org.springframework.web.reactive.socket.server.upgrade.ReactorNettyRequestUpgradeStrategy.upgrade(ReactorNettyRequestUpgradeStrategy.java:163) ~[spring-webflux-6.1.13.jar:6.1.13]
	Suppressed: reactor.core.publisher.FluxOnAssembly$OnAssemblyException: 
Error has been observed at the following site(s):
	*__checkpoint ⇢ org.springframework.cloud.gateway.filter.WeightCalculatorWebFilter [DefaultWebFilterChain]
	*__checkpoint ⇢ HTTP GET "/ws" [ExceptionHandlingWebHandler]
Original Stack Trace:
		at org.springframework.web.reactive.socket.server.upgrade.ReactorNettyRequestUpgradeStrategy.upgrade(ReactorNettyRequestUpgradeStrategy.java:163) ~[spring-webflux-6.1.13.jar:6.1.13]
		at org.springframework.web.reactive.socket.server.support.HandshakeWebSocketService.lambda$handleRequest$1(HandshakeWebSocketService.java:221) ~[spring-webflux-6.1.13.jar:6.1.13]
		at reactor.core.publisher.FluxFlatMap.trySubscribeScalarMap(FluxFlatMap.java:153) ~[reactor-core-3.6.10.jar:3.6.10]
		at reactor.core.publisher.MonoFlatMap.subscribeOrReturn(MonoFlatMap.java:53) ~[reactor-core-3.6.10.jar:3.6.10]
		at reactor.core.publisher.InternalMonoOperator.subscribe(InternalMonoOperator.java:63) ~[reactor-core-3.6.10.jar:3.6.10]
		at reactor.core.publisher.MonoDefer.subscribe(MonoDefer.java:53) ~[reactor-core-3.6.10.jar:3.6.10]
		at reactor.core.publisher.MonoDefer.subscribe(MonoDefer.java:53) ~[reactor-core-3.6.10.jar:3.6.10]
		at reactor.core.publisher.MonoIgnoreThen$ThenIgnoreMain.subscribeNext(MonoIgnoreThen.java:241) ~[reactor-core-3.6.10.jar:3.6.10]
		at reactor.core.publisher.MonoIgnoreThen$ThenIgnoreMain.onComplete(MonoIgnoreThen.java:204) ~[reactor-core-3.6.10.jar:3.6.10]
		at reactor.core.publisher.FluxPeek$PeekSubscriber.onComplete(FluxPeek.java:260) ~[reactor-core-3.6.10.jar:3.6.10]
		at reactor.core.publisher.FluxMap$MapSubscriber.onComplete(FluxMap.java:144) ~[reactor-core-3.6.10.jar:3.6.10]
		at reactor.core.publisher.MonoNext$NextSubscriber.onComplete(MonoNext.java:102) ~[reactor-core-3.6.10.jar:3.6.10]
		at reactor.core.publisher.MonoNext$NextSubscriber.onNext(MonoNext.java:83) ~[reactor-core-3.6.10.jar:3.6.10]
		at reactor.core.publisher.FluxDematerialize$DematerializeSubscriber.onNext(FluxDematerialize.java:98) ~[reactor-core-3.6.10.jar:3.6.10]
		at reactor.core.publisher.FluxDematerialize$DematerializeSubscriber.onNext(FluxDematerialize.java:44) ~[reactor-core-3.6.10.jar:3.6.10]
		at reactor.core.publisher.FluxFlattenIterable$FlattenIterableSubscriber.drainAsync(FluxFlattenIterable.java:453) ~[reactor-core-3.6.10.jar:3.6.10]
		at reactor.core.publisher.FluxFlattenIterable$FlattenIterableSubscriber.drain(FluxFlattenIterable.java:724) ~[reactor-core-3.6.10.jar:3.6.10]
		at reactor.core.publisher.FluxFlattenIterable$FlattenIterableSubscriber.onNext(FluxFlattenIterable.java:256) ~[reactor-core-3.6.10.jar:3.6.10]
		at reactor.core.publisher.FluxSwitchIfEmpty$SwitchIfEmptySubscriber.onNext(FluxSwitchIfEmpty.java:74) ~[reactor-core-3.6.10.jar:3.6.10]
		at reactor.core.publisher.Operators$BaseFluxToMonoOperator.completePossiblyEmpty(Operators.java:2097) ~[reactor-core-3.6.10.jar:3.6.10]
		at reactor.core.publisher.MonoCollectList$MonoCollectListSubscriber.onComplete(MonoCollectList.java:118) ~[reactor-core-3.6.10.jar:3.6.10]
		at reactor.core.publisher.DrainUtils.postCompleteDrain(DrainUtils.java:132) ~[reactor-core-3.6.10.jar:3.6.10]
		at reactor.core.publisher.DrainUtils.postComplete(DrainUtils.java:187) ~[reactor-core-3.6.10.jar:3.6.10]
		at reactor.core.publisher.FluxMaterialize$MaterializeSubscriber.onComplete(FluxMaterialize.java:141) ~[reactor-core-3.6.10.jar:3.6.10]
		at reactor.core.publisher.Operators$ScalarSubscription.request(Operators.java:2573) ~[reactor-core-3.6.10.jar:3.6.10]
		at reactor.core.publisher.FluxMaterialize$MaterializeSubscriber.request(FluxMaterialize.java:148) ~[reactor-core-3.6.10.jar:3.6.10]
		at reactor.core.publisher.Operators$BaseFluxToMonoOperator.request(Operators.java:2067) ~[reactor-core-3.6.10.jar:3.6.10]
		at reactor.core.publisher.Operators$MultiSubscriptionSubscriber.set(Operators.java:2367) ~[reactor-core-3.6.10.jar:3.6.10]
		at reactor.core.publisher.Operators$MultiSubscriptionSubscriber.onSubscribe(Operators.java:2241) ~[reactor-core-3.6.10.jar:3.6.10]
		at reactor.core.publisher.Operators$BaseFluxToMonoOperator.onSubscribe(Operators.java:2051) ~[reactor-core-3.6.10.jar:3.6.10]
		at reactor.core.publisher.FluxMaterialize$MaterializeSubscriber.onSubscribe(FluxMaterialize.java:103) ~[reactor-core-3.6.10.jar:3.6.10]
		at reactor.core.publisher.FluxJust.subscribe(FluxJust.java:68) ~[reactor-core-3.6.10.jar:3.6.10]
		at reactor.core.publisher.InternalFluxOperator.subscribe(InternalFluxOperator.java:68) ~[reactor-core-3.6.10.jar:3.6.10]
		at reactor.core.publisher.FluxDefer.subscribe(FluxDefer.java:54) ~[reactor-core-3.6.10.jar:3.6.10]
		at reactor.core.publisher.Mono.subscribe(Mono.java:4576) ~[reactor-core-3.6.10.jar:3.6.10]
		at reactor.core.publisher.MonoIgnoreThen$ThenIgnoreMain.subscribeNext(MonoIgnoreThen.java:265) ~[reactor-core-3.6.10.jar:3.6.10]
		at reactor.core.publisher.MonoIgnoreThen.subscribe(MonoIgnoreThen.java:51) ~[reactor-core-3.6.10.jar:3.6.10]
		at reactor.core.publisher.InternalMonoOperator.subscribe(InternalMonoOperator.java:76) ~[reactor-core-3.6.10.jar:3.6.10]
		at reactor.core.publisher.MonoDefer.subscribe(MonoDefer.java:53) ~[reactor-core-3.6.10.jar:3.6.10]
		at reactor.core.publisher.MonoDefer.subscribe(MonoDefer.java:53) ~[reactor-core-3.6.10.jar:3.6.10]
		at reactor.core.publisher.MonoDefer.subscribe(MonoDefer.java:53) ~[reactor-core-3.6.10.jar:3.6.10]
		at reactor.core.publisher.MonoDefer.subscribe(MonoDefer.java:53) ~[reactor-core-3.6.10.jar:3.6.10]
		at reactor.core.publisher.Mono.subscribe(Mono.java:4576) ~[reactor-core-3.6.10.jar:3.6.10]
		at reactor.core.publisher.MonoIgnoreThen$ThenIgnoreMain.subscribeNext(MonoIgnoreThen.java:265) ~[reactor-core-3.6.10.jar:3.6.10]
		at reactor.core.publisher.MonoIgnoreThen.subscribe(MonoIgnoreThen.java:51) ~[reactor-core-3.6.10.jar:3.6.10]
		at reactor.core.publisher.InternalMonoOperator.subscribe(InternalMonoOperator.java:76) ~[reactor-core-3.6.10.jar:3.6.10]
		at reactor.core.publisher.MonoDefer.subscribe(MonoDefer.java:53) ~[reactor-core-3.6.10.jar:3.6.10]
		at reactor.core.publisher.MonoDefer.subscribe(MonoDefer.java:53) ~[reactor-core-3.6.10.jar:3.6.10]
		at reactor.core.publisher.MonoDefer.subscribe(MonoDefer.java:53) ~[reactor-core-3.6.10.jar:3.6.10]
		at reactor.core.publisher.InternalMonoOperator.subscribe(InternalMonoOperator.java:76) ~[reactor-core-3.6.10.jar:3.6.10]
		at reactor.core.publisher.MonoDefer.subscribe(MonoDefer.java:53) ~[reactor-core-3.6.10.jar:3.6.10]
		at reactor.core.publisher.Mono.subscribe(Mono.java:4576) ~[reactor-core-3.6.10.jar:3.6.10]
		at reactor.core.publisher.MonoIgnoreThen$ThenIgnoreMain.subscribeNext(MonoIgnoreThen.java:265) ~[reactor-core-3.6.10.jar:3.6.10]
		at reactor.core.publisher.MonoIgnoreThen.subscribe(MonoIgnoreThen.java:51) ~[reactor-core-3.6.10.jar:3.6.10]
		at reactor.core.publisher.InternalMonoOperator.subscribe(InternalMonoOperator.java:76) ~[reactor-core-3.6.10.jar:3.6.10]
		at reactor.core.publisher.MonoFlatMap$FlatMapMain.onNext(MonoFlatMap.java:165) ~[reactor-core-3.6.10.jar:3.6.10]
		at reactor.core.publisher.FluxOnErrorResume$ResumeSubscriber.onNext(FluxOnErrorResume.java:79) ~[reactor-core-3.6.10.jar:3.6.10]
		at reactor.core.publisher.FluxSwitchIfEmpty$SwitchIfEmptySubscriber.onNext(FluxSwitchIfEmpty.java:74) ~[reactor-core-3.6.10.jar:3.6.10]
		at reactor.core.publisher.MonoNext$NextSubscriber.onNext(MonoNext.java:82) ~[reactor-core-3.6.10.jar:3.6.10]
		at reactor.core.publisher.FluxConcatMapNoPrefetch$FluxConcatMapNoPrefetchSubscriber.innerNext(FluxConcatMapNoPrefetch.java:259) ~[reactor-core-3.6.10.jar:3.6.10]
		at reactor.core.publisher.FluxConcatMap$ConcatMapInner.onNext(FluxConcatMap.java:865) ~[reactor-core-3.6.10.jar:3.6.10]
		at reactor.core.publisher.FluxMap$MapSubscriber.onNext(FluxMap.java:122) ~[reactor-core-3.6.10.jar:3.6.10]
		at reactor.core.publisher.FluxSwitchIfEmpty$SwitchIfEmptySubscriber.onNext(FluxSwitchIfEmpty.java:74) ~[reactor-core-3.6.10.jar:3.6.10]
		at reactor.core.publisher.FluxMap$MapSubscriber.onNext(FluxMap.java:122) ~[reactor-core-3.6.10.jar:3.6.10]
		at reactor.core.publisher.FluxMap$MapSubscriber.onNext(FluxMap.java:122) ~[reactor-core-3.6.10.jar:3.6.10]
		at reactor.core.publisher.MonoNext$NextSubscriber.onNext(MonoNext.java:82) ~[reactor-core-3.6.10.jar:3.6.10]
		at reactor.core.publisher.FluxConcatMapNoPrefetch$FluxConcatMapNoPrefetchSubscriber.innerNext(FluxConcatMapNoPrefetch.java:259) ~[reactor-core-3.6.10.jar:3.6.10]
		at reactor.core.publisher.FluxConcatMap$ConcatMapInner.onNext(FluxConcatMap.java:865) ~[reactor-core-3.6.10.jar:3.6.10]
		at reactor.core.publisher.FluxOnErrorResume$ResumeSubscriber.onNext(FluxOnErrorResume.java:79) ~[reactor-core-3.6.10.jar:3.6.10]
		at reactor.core.publisher.MonoPeekTerminal$MonoTerminalPeekSubscriber.onNext(MonoPeekTerminal.java:180) ~[reactor-core-3.6.10.jar:3.6.10]
		at reactor.core.publisher.MonoFilterWhen$MonoFilterWhenMain.onNext(MonoFilterWhen.java:136) ~[reactor-core-3.6.10.jar:3.6.10]
		at reactor.core.publisher.Operators$ScalarSubscription.request(Operators.java:2571) ~[reactor-core-3.6.10.jar:3.6.10]
		at reactor.core.publisher.MonoFilterWhen$MonoFilterWhenMain.request(MonoFilterWhen.java:183) ~[reactor-core-3.6.10.jar:3.6.10]
		at reactor.core.publisher.MonoPeekTerminal$MonoTerminalPeekSubscriber.request(MonoPeekTerminal.java:139) ~[reactor-core-3.6.10.jar:3.6.10]
		at reactor.core.publisher.Operators$MultiSubscriptionSubscriber.set(Operators.java:2367) ~[reactor-core-3.6.10.jar:3.6.10]
		at reactor.core.publisher.FluxOnErrorResume$ResumeSubscriber.onSubscribe(FluxOnErrorResume.java:74) ~[reactor-core-3.6.10.jar:3.6.10]
		at reactor.core.publisher.MonoPeekTerminal$MonoTerminalPeekSubscriber.onSubscribe(MonoPeekTerminal.java:152) ~[reactor-core-3.6.10.jar:3.6.10]
		at reactor.core.publisher.MonoFilterWhen$MonoFilterWhenMain.onSubscribe(MonoFilterWhen.java:100) ~[reactor-core-3.6.10.jar:3.6.10]
		at reactor.core.publisher.MonoJust.subscribe(MonoJust.java:55) ~[reactor-core-3.6.10.jar:3.6.10]
		at reactor.core.publisher.Mono.subscribe(Mono.java:4576) ~[reactor-core-3.6.10.jar:3.6.10]
		at reactor.core.publisher.FluxConcatMapNoPrefetch$FluxConcatMapNoPrefetchSubscriber.onNext(FluxConcatMapNoPrefetch.java:207) ~[reactor-core-3.6.10.jar:3.6.10]
		at reactor.core.publisher.FluxDematerialize$DematerializeSubscriber.onNext(FluxDematerialize.java:98) ~[reactor-core-3.6.10.jar:3.6.10]
		at reactor.core.publisher.FluxDematerialize$DematerializeSubscriber.onNext(FluxDematerialize.java:44) ~[reactor-core-3.6.10.jar:3.6.10]
		at reactor.core.publisher.FluxIterable$IterableSubscription.slowPath(FluxIterable.java:335) ~[reactor-core-3.6.10.jar:3.6.10]
		at reactor.core.publisher.FluxIterable$IterableSubscription.request(FluxIterable.java:294) ~[reactor-core-3.6.10.jar:3.6.10]
		at reactor.core.publisher.FluxDematerialize$DematerializeSubscriber.request(FluxDematerialize.java:127) ~[reactor-core-3.6.10.jar:3.6.10]
		at reactor.core.publisher.FluxConcatMapNoPrefetch$FluxConcatMapNoPrefetchSubscriber.innerComplete(FluxConcatMapNoPrefetch.java:275) ~[reactor-core-3.6.10.jar:3.6.10]
		at reactor.core.publisher.FluxConcatMap$ConcatMapInner.onComplete(FluxConcatMap.java:889) ~[reactor-core-3.6.10.jar:3.6.10]
		at reactor.core.publisher.Operators$MultiSubscriptionSubscriber.onComplete(Operators.java:2231) ~[reactor-core-3.6.10.jar:3.6.10]
		at reactor.core.publisher.MonoPeekTerminal$MonoTerminalPeekSubscriber.onComplete(MonoPeekTerminal.java:299) ~[reactor-core-3.6.10.jar:3.6.10]
		at reactor.core.publisher.MonoFilterWhen$MonoFilterWhenMain.onNext(MonoFilterWhen.java:141) ~[reactor-core-3.6.10.jar:3.6.10]
		at reactor.core.publisher.Operators$ScalarSubscription.request(Operators.java:2571) ~[reactor-core-3.6.10.jar:3.6.10]
		at reactor.core.publisher.MonoFilterWhen$MonoFilterWhenMain.request(MonoFilterWhen.java:183) ~[reactor-core-3.6.10.jar:3.6.10]
		at reactor.core.publisher.MonoPeekTerminal$MonoTerminalPeekSubscriber.request(MonoPeekTerminal.java:139) ~[reactor-core-3.6.10.jar:3.6.10]
		at reactor.core.publisher.Operators$MultiSubscriptionSubscriber.request(Operators.java:2331) ~[reactor-core-3.6.10.jar:3.6.10]
		at reactor.core.publisher.Operators$MultiSubscriptionSubscriber.request(Operators.java:2331) ~[reactor-core-3.6.10.jar:3.6.10]
		at reactor.core.publisher.FluxConcatMapNoPrefetch$FluxConcatMapNoPrefetchSubscriber.request(FluxConcatMapNoPrefetch.java:339) ~[reactor-core-3.6.10.jar:3.6.10]
		at reactor.core.publisher.MonoNext$NextSubscriber.request(MonoNext.java:108) ~[reactor-core-3.6.10.jar:3.6.10]
		at reactor.core.publisher.FluxMap$MapSubscriber.request(FluxMap.java:164) ~[reactor-core-3.6.10.jar:3.6.10]
		at reactor.core.publisher.FluxMap$MapSubscriber.request(FluxMap.java:164) ~[reactor-core-3.6.10.jar:3.6.10]
		at reactor.core.publisher.Operators$MultiSubscriptionSubscriber.request(Operators.java:2331) ~[reactor-core-3.6.10.jar:3.6.10]
		at reactor.core.publisher.FluxMap$MapSubscriber.request(FluxMap.java:164) ~[reactor-core-3.6.10.jar:3.6.10]
		at reactor.core.publisher.Operators$MultiSubscriptionSubscriber.request(Operators.java:2331) ~[reactor-core-3.6.10.jar:3.6.10]
		at reactor.core.publisher.FluxConcatMapNoPrefetch$FluxConcatMapNoPrefetchSubscriber.request(FluxConcatMapNoPrefetch.java:339) ~[reactor-core-3.6.10.jar:3.6.10]
		at reactor.core.publisher.MonoNext$NextSubscriber.request(MonoNext.java:108) ~[reactor-core-3.6.10.jar:3.6.10]
		at reactor.core.publisher.Operators$MultiSubscriptionSubscriber.set(Operators.java:2367) ~[reactor-core-3.6.10.jar:3.6.10]
		at reactor.core.publisher.Operators$MultiSubscriptionSubscriber.onSubscribe(Operators.java:2241) ~[reactor-core-3.6.10.jar:3.6.10]
		at reactor.core.publisher.MonoNext$NextSubscriber.onSubscribe(MonoNext.java:70) ~[reactor-core-3.6.10.jar:3.6.10]
		at reactor.core.publisher.FluxConcatMapNoPrefetch$FluxConcatMapNoPrefetchSubscriber.onSubscribe(FluxConcatMapNoPrefetch.java:164) ~[reactor-core-3.6.10.jar:3.6.10]
		at reactor.core.publisher.FluxIterable.subscribe(FluxIterable.java:201) ~[reactor-core-3.6.10.jar:3.6.10]
		at reactor.core.publisher.FluxIterable.subscribe(FluxIterable.java:83) ~[reactor-core-3.6.10.jar:3.6.10]
		at reactor.core.publisher.InternalMonoOperator.subscribe(InternalMonoOperator.java:76) ~[reactor-core-3.6.10.jar:3.6.10]
		at reactor.core.publisher.MonoDefer.subscribe(MonoDefer.java:53) ~[reactor-core-3.6.10.jar:3.6.10]
		at reactor.core.publisher.InternalMonoOperator.subscribe(InternalMonoOperator.java:76) ~[reactor-core-3.6.10.jar:3.6.10]
		at reactor.core.publisher.MonoDefer.subscribe(MonoDefer.java:53) ~[reactor-core-3.6.10.jar:3.6.10]
		at reactor.core.publisher.Mono.subscribe(Mono.java:4576) ~[reactor-core-3.6.10.jar:3.6.10]
		at reactor.core.publisher.MonoIgnoreThen$ThenIgnoreMain.subscribeNext(MonoIgnoreThen.java:265) ~[reactor-core-3.6.10.jar:3.6.10]
		at reactor.core.publisher.MonoIgnoreThen.subscribe(MonoIgnoreThen.java:51) ~[reactor-core-3.6.10.jar:3.6.10]
		at reactor.core.publisher.Mono.subscribe(Mono.java:4576) ~[reactor-core-3.6.10.jar:3.6.10]
		at org.springframework.http.server.reactive.ServletHttpHandlerAdapter.service(ServletHttpHandlerAdapter.java:199) ~[spring-web-6.1.13.jar:6.1.13]
		at org.apache.catalina.core.ApplicationFilterChain.internalDoFilter(ApplicationFilterChain.java:195) ~[tomcat-embed-core-10.1.30.jar:10.1.30]
		at org.apache.catalina.core.ApplicationFilterChain.doFilter(ApplicationFilterChain.java:140) ~[tomcat-embed-core-10.1.30.jar:10.1.30]
		at org.apache.tomcat.websocket.server.WsFilter.doFilter(WsFilter.java:51) ~[tomcat-embed-websocket-10.1.30.jar:10.1.30]
		at org.apache.catalina.core.ApplicationFilterChain.internalDoFilter(ApplicationFilterChain.java:164) ~[tomcat-embed-core-10.1.30.jar:10.1.30]
		at org.apache.catalina.core.ApplicationFilterChain.doFilter(ApplicationFilterChain.java:140) ~[tomcat-embed-core-10.1.30.jar:10.1.30]
		at org.apache.catalina.core.StandardWrapperValve.invoke(StandardWrapperValve.java:167) ~[tomcat-embed-core-10.1.30.jar:10.1.30]
		at org.apache.catalina.core.StandardContextValve.invoke(StandardContextValve.java:90) ~[tomcat-embed-core-10.1.30.jar:10.1.30]
		at org.apache.catalina.authenticator.AuthenticatorBase.invoke(AuthenticatorBase.java:483) ~[tomcat-embed-core-10.1.30.jar:10.1.30]
		at org.apache.catalina.core.StandardHostValve.invoke(StandardHostValve.java:115) ~[tomcat-embed-core-10.1.30.jar:10.1.30]
		at org.apache.catalina.valves.ErrorReportValve.invoke(ErrorReportValve.java:93) ~[tomcat-embed-core-10.1.30.jar:10.1.30]
		at org.apache.catalina.core.StandardEngineValve.invoke(StandardEngineValve.java:74) ~[tomcat-embed-core-10.1.30.jar:10.1.30]
		at org.apache.catalina.connector.CoyoteAdapter.service(CoyoteAdapter.java:344) ~[tomcat-embed-core-10.1.30.jar:10.1.30]
		at org.apache.coyote.http11.Http11Processor.service(Http11Processor.java:384) ~[tomcat-embed-core-10.1.30.jar:10.1.30]
		at org.apache.coyote.AbstractProcessorLight.process(AbstractProcessorLight.java:63) ~[tomcat-embed-core-10.1.30.jar:10.1.30]
		at org.apache.coyote.AbstractProtocol$ConnectionHandler.process(AbstractProtocol.java:905) ~[tomcat-embed-core-10.1.30.jar:10.1.30]
		at org.apache.tomcat.util.net.NioEndpoint$SocketProcessor.doRun(NioEndpoint.java:1741) ~[tomcat-embed-core-10.1.30.jar:10.1.30]
		at org.apache.tomcat.util.net.SocketProcessorBase.run(SocketProcessorBase.java:52) ~[tomcat-embed-core-10.1.30.jar:10.1.30]
		at org.apache.tomcat.util.threads.ThreadPoolExecutor.runWorker(ThreadPoolExecutor.java:1190) ~[tomcat-embed-core-10.1.30.jar:10.1.30]
		at org.apache.tomcat.util.threads.ThreadPoolExecutor$Worker.run(ThreadPoolExecutor.java:659) ~[tomcat-embed-core-10.1.30.jar:10.1.30]
		at org.apache.tomcat.util.threads.TaskThread$WrappingRunnable.run(TaskThread.java:63) ~[tomcat-embed-core-10.1.30.jar:10.1.30]
		at java.base/java.lang.Thread.run(Thread.java:1575) ~[na:na]

17:31:31:068 ERROR 3400 --- [gateway] [http-nio-8080-exec-3] a.w.r.e.AbstractErrorWebExceptionHandler : [2bb26815]  500 Server Error for HTTP GET "/ws"

java.lang.ClassCastException: class org.apache.catalina.connector.ResponseFacade cannot be cast to class reactor.netty.http.server.HttpServerResponse (org.apache.catalina.connector.ResponseFacade and reactor.netty.http.server.HttpServerResponse are in unnamed module of loader 'app')
	at org.springframework.web.reactive.socket.server.upgrade.ReactorNettyRequestUpgradeStrategy.upgrade(ReactorNettyRequestUpgradeStrategy.java:163) ~[spring-webflux-6.1.13.jar:6.1.13]
	Suppressed: reactor.core.publisher.FluxOnAssembly$OnAssemblyException: 
Error has been observed at the following site(s):
	*__checkpoint ⇢ org.springframework.cloud.gateway.filter.WeightCalculatorWebFilter [DefaultWebFilterChain]
	*__checkpoint ⇢ HTTP GET "/ws" [ExceptionHandlingWebHandler]
Original Stack Trace:
		at org.springframework.web.reactive.socket.server.upgrade.ReactorNettyRequestUpgradeStrategy.upgrade(ReactorNettyRequestUpgradeStrategy.java:163) ~[spring-webflux-6.1.13.jar:6.1.13]
		at org.springframework.web.reactive.socket.server.support.HandshakeWebSocketService.lambda$handleRequest$1(HandshakeWebSocketService.java:221) ~[spring-webflux-6.1.13.jar:6.1.13]
		at reactor.core.publisher.FluxFlatMap.trySubscribeScalarMap(FluxFlatMap.java:153) ~[reactor-core-3.6.10.jar:3.6.10]
		at reactor.core.publisher.MonoFlatMap.subscribeOrReturn(MonoFlatMap.java:53) ~[reactor-core-3.6.10.jar:3.6.10]
		at reactor.core.publisher.InternalMonoOperator.subscribe(InternalMonoOperator.java:63) ~[reactor-core-3.6.10.jar:3.6.10]
		at reactor.core.publisher.MonoDefer.subscribe(MonoDefer.java:53) ~[reactor-core-3.6.10.jar:3.6.10]
		at reactor.core.publisher.MonoDefer.subscribe(MonoDefer.java:53) ~[reactor-core-3.6.10.jar:3.6.10]
		at reactor.core.publisher.MonoIgnoreThen$ThenIgnoreMain.subscribeNext(MonoIgnoreThen.java:241) ~[reactor-core-3.6.10.jar:3.6.10]
		at reactor.core.publisher.MonoIgnoreThen$ThenIgnoreMain.onComplete(MonoIgnoreThen.java:204) ~[reactor-core-3.6.10.jar:3.6.10]
		at reactor.core.publisher.FluxPeek$PeekSubscriber.onComplete(FluxPeek.java:260) ~[reactor-core-3.6.10.jar:3.6.10]
		at reactor.core.publisher.FluxMap$MapSubscriber.onComplete(FluxMap.java:144) ~[reactor-core-3.6.10.jar:3.6.10]
		at reactor.core.publisher.MonoNext$NextSubscriber.onComplete(MonoNext.java:102) ~[reactor-core-3.6.10.jar:3.6.10]
		at reactor.core.publisher.MonoNext$NextSubscriber.onNext(MonoNext.java:83) ~[reactor-core-3.6.10.jar:3.6.10]
		at reactor.core.publisher.FluxDematerialize$DematerializeSubscriber.onNext(FluxDematerialize.java:98) ~[reactor-core-3.6.10.jar:3.6.10]
		at reactor.core.publisher.FluxDematerialize$DematerializeSubscriber.onNext(FluxDematerialize.java:44) ~[reactor-core-3.6.10.jar:3.6.10]
		at reactor.core.publisher.FluxFlattenIterable$FlattenIterableSubscriber.drainAsync(FluxFlattenIterable.java:453) ~[reactor-core-3.6.10.jar:3.6.10]
		at reactor.core.publisher.FluxFlattenIterable$FlattenIterableSubscriber.drain(FluxFlattenIterable.java:724) ~[reactor-core-3.6.10.jar:3.6.10]
		at reactor.core.publisher.FluxFlattenIterable$FlattenIterableSubscriber.onNext(FluxFlattenIterable.java:256) ~[reactor-core-3.6.10.jar:3.6.10]
		at reactor.core.publisher.FluxSwitchIfEmpty$SwitchIfEmptySubscriber.onNext(FluxSwitchIfEmpty.java:74) ~[reactor-core-3.6.10.jar:3.6.10]
		at reactor.core.publisher.Operators$BaseFluxToMonoOperator.completePossiblyEmpty(Operators.java:2097) ~[reactor-core-3.6.10.jar:3.6.10]
		at reactor.core.publisher.MonoCollectList$MonoCollectListSubscriber.onComplete(MonoCollectList.java:118) ~[reactor-core-3.6.10.jar:3.6.10]
		at reactor.core.publisher.DrainUtils.postCompleteDrain(DrainUtils.java:132) ~[reactor-core-3.6.10.jar:3.6.10]
		at reactor.core.publisher.DrainUtils.postComplete(DrainUtils.java:187) ~[reactor-core-3.6.10.jar:3.6.10]
		at reactor.core.publisher.FluxMaterialize$MaterializeSubscriber.onComplete(FluxMaterialize.java:141) ~[reactor-core-3.6.10.jar:3.6.10]
		at reactor.core.publisher.Operators$ScalarSubscription.request(Operators.java:2573) ~[reactor-core-3.6.10.jar:3.6.10]
		at reactor.core.publisher.FluxMaterialize$MaterializeSubscriber.request(FluxMaterialize.java:148) ~[reactor-core-3.6.10.jar:3.6.10]
		at reactor.core.publisher.Operators$BaseFluxToMonoOperator.request(Operators.java:2067) ~[reactor-core-3.6.10.jar:3.6.10]
		at reactor.core.publisher.Operators$MultiSubscriptionSubscriber.set(Operators.java:2367) ~[reactor-core-3.6.10.jar:3.6.10]
		at reactor.core.publisher.Operators$MultiSubscriptionSubscriber.onSubscribe(Operators.java:2241) ~[reactor-core-3.6.10.jar:3.6.10]
		at reactor.core.publisher.Operators$BaseFluxToMonoOperator.onSubscribe(Operators.java:2051) ~[reactor-core-3.6.10.jar:3.6.10]
		at reactor.core.publisher.FluxMaterialize$MaterializeSubscriber.onSubscribe(FluxMaterialize.java:103) ~[reactor-core-3.6.10.jar:3.6.10]
		at reactor.core.publisher.FluxJust.subscribe(FluxJust.java:68) ~[reactor-core-3.6.10.jar:3.6.10]
		at reactor.core.publisher.InternalFluxOperator.subscribe(InternalFluxOperator.java:68) ~[reactor-core-3.6.10.jar:3.6.10]
		at reactor.core.publisher.FluxDefer.subscribe(FluxDefer.java:54) ~[reactor-core-3.6.10.jar:3.6.10]
		at reactor.core.publisher.Mono.subscribe(Mono.java:4576) ~[reactor-core-3.6.10.jar:3.6.10]
		at reactor.core.publisher.MonoIgnoreThen$ThenIgnoreMain.subscribeNext(MonoIgnoreThen.java:265) ~[reactor-core-3.6.10.jar:3.6.10]
		at reactor.core.publisher.MonoIgnoreThen.subscribe(MonoIgnoreThen.java:51) ~[reactor-core-3.6.10.jar:3.6.10]
		at reactor.core.publisher.InternalMonoOperator.subscribe(InternalMonoOperator.java:76) ~[reactor-core-3.6.10.jar:3.6.10]
		at reactor.core.publisher.MonoDefer.subscribe(MonoDefer.java:53) ~[reactor-core-3.6.10.jar:3.6.10]
		at reactor.core.publisher.MonoDefer.subscribe(MonoDefer.java:53) ~[reactor-core-3.6.10.jar:3.6.10]
		at reactor.core.publisher.MonoDefer.subscribe(MonoDefer.java:53) ~[reactor-core-3.6.10.jar:3.6.10]
		at reactor.core.publisher.MonoDefer.subscribe(MonoDefer.java:53) ~[reactor-core-3.6.10.jar:3.6.10]
		at reactor.core.publisher.Mono.subscribe(Mono.java:4576) ~[reactor-core-3.6.10.jar:3.6.10]
		at reactor.core.publisher.MonoIgnoreThen$ThenIgnoreMain.subscribeNext(MonoIgnoreThen.java:265) ~[reactor-core-3.6.10.jar:3.6.10]
		at reactor.core.publisher.MonoIgnoreThen.subscribe(MonoIgnoreThen.java:51) ~[reactor-core-3.6.10.jar:3.6.10]
		at reactor.core.publisher.InternalMonoOperator.subscribe(InternalMonoOperator.java:76) ~[reactor-core-3.6.10.jar:3.6.10]
		at reactor.core.publisher.MonoDefer.subscribe(MonoDefer.java:53) ~[reactor-core-3.6.10.jar:3.6.10]
		at reactor.core.publisher.MonoDefer.subscribe(MonoDefer.java:53) ~[reactor-core-3.6.10.jar:3.6.10]
		at reactor.core.publisher.MonoDefer.subscribe(MonoDefer.java:53) ~[reactor-core-3.6.10.jar:3.6.10]
		at reactor.core.publisher.InternalMonoOperator.subscribe(InternalMonoOperator.java:76) ~[reactor-core-3.6.10.jar:3.6.10]
		at reactor.core.publisher.MonoDefer.subscribe(MonoDefer.java:53) ~[reactor-core-3.6.10.jar:3.6.10]
		at reactor.core.publisher.Mono.subscribe(Mono.java:4576) ~[reactor-core-3.6.10.jar:3.6.10]
		at reactor.core.publisher.MonoIgnoreThen$ThenIgnoreMain.subscribeNext(MonoIgnoreThen.java:265) ~[reactor-core-3.6.10.jar:3.6.10]
		at reactor.core.publisher.MonoIgnoreThen.subscribe(MonoIgnoreThen.java:51) ~[reactor-core-3.6.10.jar:3.6.10]
		at reactor.core.publisher.InternalMonoOperator.subscribe(InternalMonoOperator.java:76) ~[reactor-core-3.6.10.jar:3.6.10]
		at reactor.core.publisher.MonoFlatMap$FlatMapMain.onNext(MonoFlatMap.java:165) ~[reactor-core-3.6.10.jar:3.6.10]
		at reactor.core.publisher.FluxOnErrorResume$ResumeSubscriber.onNext(FluxOnErrorResume.java:79) ~[reactor-core-3.6.10.jar:3.6.10]
		at reactor.core.publisher.FluxSwitchIfEmpty$SwitchIfEmptySubscriber.onNext(FluxSwitchIfEmpty.java:74) ~[reactor-core-3.6.10.jar:3.6.10]
		at reactor.core.publisher.MonoNext$NextSubscriber.onNext(MonoNext.java:82) ~[reactor-core-3.6.10.jar:3.6.10]
		at reactor.core.publisher.FluxConcatMapNoPrefetch$FluxConcatMapNoPrefetchSubscriber.innerNext(FluxConcatMapNoPrefetch.java:259) ~[reactor-core-3.6.10.jar:3.6.10]
		at reactor.core.publisher.FluxConcatMap$ConcatMapInner.onNext(FluxConcatMap.java:865) ~[reactor-core-3.6.10.jar:3.6.10]
		at reactor.core.publisher.FluxMap$MapSubscriber.onNext(FluxMap.java:122) ~[reactor-core-3.6.10.jar:3.6.10]
		at reactor.core.publisher.FluxSwitchIfEmpty$SwitchIfEmptySubscriber.onNext(FluxSwitchIfEmpty.java:74) ~[reactor-core-3.6.10.jar:3.6.10]
		at reactor.core.publisher.FluxMap$MapSubscriber.onNext(FluxMap.java:122) ~[reactor-core-3.6.10.jar:3.6.10]
		at reactor.core.publisher.FluxMap$MapSubscriber.onNext(FluxMap.java:122) ~[reactor-core-3.6.10.jar:3.6.10]
		at reactor.core.publisher.MonoNext$NextSubscriber.onNext(MonoNext.java:82) ~[reactor-core-3.6.10.jar:3.6.10]
		at reactor.core.publisher.FluxConcatMapNoPrefetch$FluxConcatMapNoPrefetchSubscriber.innerNext(FluxConcatMapNoPrefetch.java:259) ~[reactor-core-3.6.10.jar:3.6.10]
		at reactor.core.publisher.FluxConcatMap$ConcatMapInner.onNext(FluxConcatMap.java:865) ~[reactor-core-3.6.10.jar:3.6.10]
		at reactor.core.publisher.FluxOnErrorResume$ResumeSubscriber.onNext(FluxOnErrorResume.java:79) ~[reactor-core-3.6.10.jar:3.6.10]
		at reactor.core.publisher.MonoPeekTerminal$MonoTerminalPeekSubscriber.onNext(MonoPeekTerminal.java:180) ~[reactor-core-3.6.10.jar:3.6.10]
		at reactor.core.publisher.MonoFilterWhen$MonoFilterWhenMain.onNext(MonoFilterWhen.java:136) ~[reactor-core-3.6.10.jar:3.6.10]
		at reactor.core.publisher.Operators$ScalarSubscription.request(Operators.java:2571) ~[reactor-core-3.6.10.jar:3.6.10]
		at reactor.core.publisher.MonoFilterWhen$MonoFilterWhenMain.request(MonoFilterWhen.java:183) ~[reactor-core-3.6.10.jar:3.6.10]
		at reactor.core.publisher.MonoPeekTerminal$MonoTerminalPeekSubscriber.request(MonoPeekTerminal.java:139) ~[reactor-core-3.6.10.jar:3.6.10]
		at reactor.core.publisher.Operators$MultiSubscriptionSubscriber.set(Operators.java:2367) ~[reactor-core-3.6.10.jar:3.6.10]
		at reactor.core.publisher.FluxOnErrorResume$ResumeSubscriber.onSubscribe(FluxOnErrorResume.java:74) ~[reactor-core-3.6.10.jar:3.6.10]
		at reactor.core.publisher.MonoPeekTerminal$MonoTerminalPeekSubscriber.onSubscribe(MonoPeekTerminal.java:152) ~[reactor-core-3.6.10.jar:3.6.10]
		at reactor.core.publisher.MonoFilterWhen$MonoFilterWhenMain.onSubscribe(MonoFilterWhen.java:100) ~[reactor-core-3.6.10.jar:3.6.10]
		at reactor.core.publisher.MonoJust.subscribe(MonoJust.java:55) ~[reactor-core-3.6.10.jar:3.6.10]
		at reactor.core.publisher.Mono.subscribe(Mono.java:4576) ~[reactor-core-3.6.10.jar:3.6.10]
		at reactor.core.publisher.FluxConcatMapNoPrefetch$FluxConcatMapNoPrefetchSubscriber.onNext(FluxConcatMapNoPrefetch.java:207) ~[reactor-core-3.6.10.jar:3.6.10]
		at reactor.core.publisher.FluxDematerialize$DematerializeSubscriber.onNext(FluxDematerialize.java:98) ~[reactor-core-3.6.10.jar:3.6.10]
		at reactor.core.publisher.FluxDematerialize$DematerializeSubscriber.onNext(FluxDematerialize.java:44) ~[reactor-core-3.6.10.jar:3.6.10]
		at reactor.core.publisher.FluxIterable$IterableSubscription.slowPath(FluxIterable.java:335) ~[reactor-core-3.6.10.jar:3.6.10]
		at reactor.core.publisher.FluxIterable$IterableSubscription.request(FluxIterable.java:294) ~[reactor-core-3.6.10.jar:3.6.10]
		at reactor.core.publisher.FluxDematerialize$DematerializeSubscriber.request(FluxDematerialize.java:127) ~[reactor-core-3.6.10.jar:3.6.10]
		at reactor.core.publisher.FluxConcatMapNoPrefetch$FluxConcatMapNoPrefetchSubscriber.innerComplete(FluxConcatMapNoPrefetch.java:275) ~[reactor-core-3.6.10.jar:3.6.10]
		at reactor.core.publisher.FluxConcatMap$ConcatMapInner.onComplete(FluxConcatMap.java:889) ~[reactor-core-3.6.10.jar:3.6.10]
		at reactor.core.publisher.Operators$MultiSubscriptionSubscriber.onComplete(Operators.java:2231) ~[reactor-core-3.6.10.jar:3.6.10]
		at reactor.core.publisher.MonoPeekTerminal$MonoTerminalPeekSubscriber.onComplete(MonoPeekTerminal.java:299) ~[reactor-core-3.6.10.jar:3.6.10]
		at reactor.core.publisher.MonoFilterWhen$MonoFilterWhenMain.onNext(MonoFilterWhen.java:141) ~[reactor-core-3.6.10.jar:3.6.10]
		at reactor.core.publisher.Operators$ScalarSubscription.request(Operators.java:2571) ~[reactor-core-3.6.10.jar:3.6.10]
		at reactor.core.publisher.MonoFilterWhen$MonoFilterWhenMain.request(MonoFilterWhen.java:183) ~[reactor-core-3.6.10.jar:3.6.10]
		at reactor.core.publisher.MonoPeekTerminal$MonoTerminalPeekSubscriber.request(MonoPeekTerminal.java:139) ~[reactor-core-3.6.10.jar:3.6.10]
		at reactor.core.publisher.Operators$MultiSubscriptionSubscriber.request(Operators.java:2331) ~[reactor-core-3.6.10.jar:3.6.10]
		at reactor.core.publisher.Operators$MultiSubscriptionSubscriber.request(Operators.java:2331) ~[reactor-core-3.6.10.jar:3.6.10]
		at reactor.core.publisher.FluxConcatMapNoPrefetch$FluxConcatMapNoPrefetchSubscriber.request(FluxConcatMapNoPrefetch.java:339) ~[reactor-core-3.6.10.jar:3.6.10]
		at reactor.core.publisher.MonoNext$NextSubscriber.request(MonoNext.java:108) ~[reactor-core-3.6.10.jar:3.6.10]
		at reactor.core.publisher.FluxMap$MapSubscriber.request(FluxMap.java:164) ~[reactor-core-3.6.10.jar:3.6.10]
		at reactor.core.publisher.FluxMap$MapSubscriber.request(FluxMap.java:164) ~[reactor-core-3.6.10.jar:3.6.10]
		at reactor.core.publisher.Operators$MultiSubscriptionSubscriber.request(Operators.java:2331) ~[reactor-core-3.6.10.jar:3.6.10]
		at reactor.core.publisher.FluxMap$MapSubscriber.request(FluxMap.java:164) ~[reactor-core-3.6.10.jar:3.6.10]
		at reactor.core.publisher.Operators$MultiSubscriptionSubscriber.request(Operators.java:2331) ~[reactor-core-3.6.10.jar:3.6.10]
		at reactor.core.publisher.FluxConcatMapNoPrefetch$FluxConcatMapNoPrefetchSubscriber.request(FluxConcatMapNoPrefetch.java:339) ~[reactor-core-3.6.10.jar:3.6.10]
		at reactor.core.publisher.MonoNext$NextSubscriber.request(MonoNext.java:108) ~[reactor-core-3.6.10.jar:3.6.10]
		at reactor.core.publisher.Operators$MultiSubscriptionSubscriber.set(Operators.java:2367) ~[reactor-core-3.6.10.jar:3.6.10]
		at reactor.core.publisher.Operators$MultiSubscriptionSubscriber.onSubscribe(Operators.java:2241) ~[reactor-core-3.6.10.jar:3.6.10]
		at reactor.core.publisher.MonoNext$NextSubscriber.onSubscribe(MonoNext.java:70) ~[reactor-core-3.6.10.jar:3.6.10]
		at reactor.core.publisher.FluxConcatMapNoPrefetch$FluxConcatMapNoPrefetchSubscriber.onSubscribe(FluxConcatMapNoPrefetch.java:164) ~[reactor-core-3.6.10.jar:3.6.10]
		at reactor.core.publisher.FluxIterable.subscribe(FluxIterable.java:201) ~[reactor-core-3.6.10.jar:3.6.10]
		at reactor.core.publisher.FluxIterable.subscribe(FluxIterable.java:83) ~[reactor-core-3.6.10.jar:3.6.10]
		at reactor.core.publisher.InternalMonoOperator.subscribe(InternalMonoOperator.java:76) ~[reactor-core-3.6.10.jar:3.6.10]
		at reactor.core.publisher.MonoDefer.subscribe(MonoDefer.java:53) ~[reactor-core-3.6.10.jar:3.6.10]
		at reactor.core.publisher.InternalMonoOperator.subscribe(InternalMonoOperator.java:76) ~[reactor-core-3.6.10.jar:3.6.10]
		at reactor.core.publisher.MonoDefer.subscribe(MonoDefer.java:53) ~[reactor-core-3.6.10.jar:3.6.10]
		at reactor.core.publisher.Mono.subscribe(Mono.java:4576) ~[reactor-core-3.6.10.jar:3.6.10]
		at reactor.core.publisher.MonoIgnoreThen$ThenIgnoreMain.subscribeNext(MonoIgnoreThen.java:265) ~[reactor-core-3.6.10.jar:3.6.10]
		at reactor.core.publisher.MonoIgnoreThen.subscribe(MonoIgnoreThen.java:51) ~[reactor-core-3.6.10.jar:3.6.10]
		at reactor.core.publisher.Mono.subscribe(Mono.java:4576) ~[reactor-core-3.6.10.jar:3.6.10]
		at org.springframework.http.server.reactive.ServletHttpHandlerAdapter.service(ServletHttpHandlerAdapter.java:199) ~[spring-web-6.1.13.jar:6.1.13]
		at org.apache.catalina.core.ApplicationFilterChain.internalDoFilter(ApplicationFilterChain.java:195) ~[tomcat-embed-core-10.1.30.jar:10.1.30]
		at org.apache.catalina.core.ApplicationFilterChain.doFilter(ApplicationFilterChain.java:140) ~[tomcat-embed-core-10.1.30.jar:10.1.30]
		at org.apache.tomcat.websocket.server.WsFilter.doFilter(WsFilter.java:51) ~[tomcat-embed-websocket-10.1.30.jar:10.1.30]
		at org.apache.catalina.core.ApplicationFilterChain.internalDoFilter(ApplicationFilterChain.java:164) ~[tomcat-embed-core-10.1.30.jar:10.1.30]
		at org.apache.catalina.core.ApplicationFilterChain.doFilter(ApplicationFilterChain.java:140) ~[tomcat-embed-core-10.1.30.jar:10.1.30]
		at org.apache.catalina.core.StandardWrapperValve.invoke(StandardWrapperValve.java:167) ~[tomcat-embed-core-10.1.30.jar:10.1.30]
		at org.apache.catalina.core.StandardContextValve.invoke(StandardContextValve.java:90) ~[tomcat-embed-core-10.1.30.jar:10.1.30]
		at org.apache.catalina.authenticator.AuthenticatorBase.invoke(AuthenticatorBase.java:483) ~[tomcat-embed-core-10.1.30.jar:10.1.30]
		at org.apache.catalina.core.StandardHostValve.invoke(StandardHostValve.java:115) ~[tomcat-embed-core-10.1.30.jar:10.1.30]
		at org.apache.catalina.valves.ErrorReportValve.invoke(ErrorReportValve.java:93) ~[tomcat-embed-core-10.1.30.jar:10.1.30]
		at org.apache.catalina.core.StandardEngineValve.invoke(StandardEngineValve.java:74) ~[tomcat-embed-core-10.1.30.jar:10.1.30]
		at org.apache.catalina.connector.CoyoteAdapter.service(CoyoteAdapter.java:344) ~[tomcat-embed-core-10.1.30.jar:10.1.30]
		at org.apache.coyote.http11.Http11Processor.service(Http11Processor.java:384) ~[tomcat-embed-core-10.1.30.jar:10.1.30]
		at org.apache.coyote.AbstractProcessorLight.process(AbstractProcessorLight.java:63) ~[tomcat-embed-core-10.1.30.jar:10.1.30]
		at org.apache.coyote.AbstractProtocol$ConnectionHandler.process(AbstractProtocol.java:905) ~[tomcat-embed-core-10.1.30.jar:10.1.30]
		at org.apache.tomcat.util.net.NioEndpoint$SocketProcessor.doRun(NioEndpoint.java:1741) ~[tomcat-embed-core-10.1.30.jar:10.1.30]
		at org.apache.tomcat.util.net.SocketProcessorBase.run(SocketProcessorBase.java:52) ~[tomcat-embed-core-10.1.30.jar:10.1.30]
		at org.apache.tomcat.util.threads.ThreadPoolExecutor.runWorker(ThreadPoolExecutor.java:1190) ~[tomcat-embed-core-10.1.30.jar:10.1.30]
		at org.apache.tomcat.util.threads.ThreadPoolExecutor$Worker.run(ThreadPoolExecutor.java:659) ~[tomcat-embed-core-10.1.30.jar:10.1.30]
		at org.apache.tomcat.util.threads.TaskThread$WrappingRunnable.run(TaskThread.java:63) ~[tomcat-embed-core-10.1.30.jar:10.1.30]
		at java.base/java.lang.Thread.run(Thread.java:1575) ~[na:na]

17:33:45:268  WARN 3400 --- [gateway] [Thread-2] c.a.n.common.http.HttpClientBeanHolder   : [HttpClientBeanHolder] Start destroying common HttpClient
17:33:45:268  WARN 3400 --- [gateway] [Thread-5] c.a.nacos.common.notify.NotifyCenter     : [NotifyCenter] Start destroying Publisher
17:33:45:269  WARN 3400 --- [gateway] [Thread-5] c.a.nacos.common.notify.NotifyCenter     : [NotifyCenter] Destruction of the end
17:33:45:269  WARN 3400 --- [gateway] [Thread-2] c.a.n.common.http.HttpClientBeanHolder   : [HttpClientBeanHolder] Destruction of the end
17:33:45:286  INFO 3400 --- [gateway] [SpringApplicationShutdownHook] com.alibaba.druid.pool.DruidDataSource   : {dataSource-0} closing ...
17:33:45:287  INFO 3400 --- [gateway] [SpringApplicationShutdownHook] c.a.c.n.registry.NacosServiceRegistry    : De-registering from Nacos Server now...
17:33:45:287  INFO 3400 --- [gateway] [SpringApplicationShutdownHook] com.alibaba.nacos.client.naming          : [DEREGISTER-SERVICE] public deregistering service gateway with instance: Instance{instanceId='null', ip='192.168.148.1', port=8080, weight=1.0, healthy=true, enabled=true, ephemeral=true, clusterName='DEFAULT', serviceName='null', metadata={}}
17:33:45:296  INFO 3400 --- [gateway] [SpringApplicationShutdownHook] c.a.c.n.registry.NacosServiceRegistry    : De-registration finished.
17:33:45:297  INFO 3400 --- [gateway] [SpringApplicationShutdownHook] com.alibaba.nacos.client.naming          : com.alibaba.nacos.client.naming.cache.ServiceInfoHolder do shutdown begin
17:33:45:297  INFO 3400 --- [gateway] [SpringApplicationShutdownHook] com.alibaba.nacos.client.naming          : com.alibaba.nacos.client.naming.backups.FailoverReactor do shutdown begin
17:33:45:297  INFO 3400 --- [gateway] [SpringApplicationShutdownHook] com.alibaba.nacos.client.naming          : com.alibaba.nacos.client.naming.backups.FailoverReactor do shutdown stop
17:33:45:297  INFO 3400 --- [gateway] [SpringApplicationShutdownHook] com.alibaba.nacos.client.naming          : com.alibaba.nacos.client.naming.cache.ServiceInfoHolder do shutdown stop
17:33:45:297  INFO 3400 --- [gateway] [SpringApplicationShutdownHook] com.alibaba.nacos.client.naming          : com.alibaba.nacos.client.naming.remote.NamingClientProxyDelegate do shutdown begin
17:33:45:297  INFO 3400 --- [gateway] [SpringApplicationShutdownHook] com.alibaba.nacos.client.naming          : com.alibaba.nacos.client.naming.core.ServiceInfoUpdateService do shutdown begin
17:33:45:297  INFO 3400 --- [gateway] [SpringApplicationShutdownHook] com.alibaba.nacos.client.naming          : com.alibaba.nacos.client.naming.core.ServiceInfoUpdateService do shutdown stop
17:33:45:297  INFO 3400 --- [gateway] [SpringApplicationShutdownHook] com.alibaba.nacos.client.naming          : com.alibaba.nacos.client.naming.core.ServerListManager do shutdown begin
17:33:45:297  WARN 3400 --- [gateway] [SpringApplicationShutdownHook] com.alibaba.nacos.client.naming          : [NamingHttpClientManager] Start destroying NacosRestTemplate
17:33:45:297  WARN 3400 --- [gateway] [SpringApplicationShutdownHook] com.alibaba.nacos.client.naming          : [NamingHttpClientManager] Destruction of the end
17:33:45:297  INFO 3400 --- [gateway] [SpringApplicationShutdownHook] com.alibaba.nacos.client.naming          : com.alibaba.nacos.client.naming.core.ServerListManager do shutdown stop
17:33:45:297  INFO 3400 --- [gateway] [SpringApplicationShutdownHook] com.alibaba.nacos.client.naming          : com.alibaba.nacos.client.naming.remote.http.NamingHttpClientProxy do shutdown begin
17:33:45:297  WARN 3400 --- [gateway] [SpringApplicationShutdownHook] com.alibaba.nacos.client.naming          : [NamingHttpClientManager] Start destroying NacosRestTemplate
17:33:45:297  WARN 3400 --- [gateway] [SpringApplicationShutdownHook] com.alibaba.nacos.client.naming          : [NamingHttpClientManager] Destruction of the end
17:33:45:297  INFO 3400 --- [gateway] [SpringApplicationShutdownHook] com.alibaba.nacos.client.naming          : com.alibaba.nacos.client.naming.remote.http.NamingHttpClientProxy do shutdown stop
17:33:45:297  INFO 3400 --- [gateway] [SpringApplicationShutdownHook] com.alibaba.nacos.client.naming          : Shutdown naming grpc client proxy for  uuid->0dd3df37-9a7e-4675-bcf0-c0b7c3d2b281
17:33:45:297  INFO 3400 --- [gateway] [SpringApplicationShutdownHook] com.alibaba.nacos.client.naming          : Shutdown grpc redo service executor java.util.concurrent.ScheduledThreadPoolExecutor@22a8c837[Running, pool size = 1, active threads = 0, queued tasks = 1, completed tasks = 47]
17:33:45:298  INFO 3400 --- [gateway] [SpringApplicationShutdownHook] com.alibaba.nacos.common.remote.client   : Shutdown rpc client, set status to shutdown
17:33:45:298  INFO 3400 --- [gateway] [SpringApplicationShutdownHook] com.alibaba.nacos.common.remote.client   : Shutdown client event executor java.util.concurrent.ScheduledThreadPoolExecutor@1e37cb10[Running, pool size = 2, active threads = 2, queued tasks = 0, completed tasks = 0]
17:33:45:298  INFO 3400 --- [gateway] [SpringApplicationShutdownHook] com.alibaba.nacos.common.remote.client   : Close current connection 1761211882234_192.168.148.1_3188
17:33:45:301  INFO 3400 --- [gateway] [SpringApplicationShutdownHook] c.a.n.c.remote.client.grpc.GrpcClient    : Shutdown grpc executor java.util.concurrent.ThreadPoolExecutor@1f7b1d6a[Running, pool size = 4, active threads = 0, queued tasks = 0, completed tasks = 40]
17:33:45:301  INFO 3400 --- [gateway] [SpringApplicationShutdownHook] com.alibaba.nacos.client.naming          : shutdown and remove naming rpc client  for uuid ->0dd3df37-9a7e-4675-bcf0-c0b7c3d2b281
17:33:45:301  INFO 3400 --- [gateway] [SpringApplicationShutdownHook] c.a.n.c.a.r.identify.CredentialWatcher   : [null] CredentialWatcher is stopped
17:33:45:301  INFO 3400 --- [gateway] [SpringApplicationShutdownHook] c.a.n.c.a.r.identify.CredentialService   : [null] CredentialService is freed
17:33:45:301  INFO 3400 --- [gateway] [SpringApplicationShutdownHook] com.alibaba.nacos.client.naming          : com.alibaba.nacos.client.naming.remote.NamingClientProxyDelegate do shutdown stop
17:33:53:496  INFO 3524 --- [gateway] [main] com.qg.gateway.GatewayApplication        : No active profile set, falling back to 1 default profile: "default"
17:33:54:030  INFO 3524 --- [gateway] [main] .s.d.r.c.RepositoryConfigurationDelegate : Multiple Spring Data modules found, entering strict repository configuration mode
17:33:54:032  INFO 3524 --- [gateway] [main] .s.d.r.c.RepositoryConfigurationDelegate : Bootstrapping Spring Data Redis repositories in DEFAULT mode.
17:33:54:048  INFO 3524 --- [gateway] [main] .s.d.r.c.RepositoryConfigurationDelegate : Finished Spring Data repository scanning in 5 ms. Found 0 Redis repository interfaces.
17:33:54:170  WARN 3524 --- [gateway] [main] o.m.s.mapper.ClassPathMapperScanner      : No MyBatis mapper was found in '[com.qg.gateway]' package. Please check your configuration.
17:33:54:217  INFO 3524 --- [gateway] [main] o.s.cloud.context.scope.GenericScope     : BeanFactory id=67d7b1a5-3c5c-3d18-a555-8ee29e13ac1e
17:33:54:330  WARN 3524 --- [gateway] [main] trationDelegate$BeanPostProcessorChecker : Bean 'org.springframework.cloud.client.loadbalancer.LoadBalancerAutoConfiguration$DeferringLoadBalancerInterceptorConfig' of type [org.springframework.cloud.client.loadbalancer.LoadBalancerAutoConfiguration$DeferringLoadBalancerInterceptorConfig] is not eligible for getting processed by all BeanPostProcessors (for example: not eligible for auto-proxying). The currently created BeanPostProcessor [lbRestClientPostProcessor] is declared through a non-static factory method on that class; consider declaring it as static instead.
17:33:54:332  WARN 3524 --- [gateway] [main] trationDelegate$BeanPostProcessorChecker : Bean 'deferringLoadBalancerInterceptor' of type [org.springframework.cloud.client.loadbalancer.DeferringLoadBalancerInterceptor] is not eligible for getting processed by all BeanPostProcessors (for example: not eligible for auto-proxying). Is this bean getting eagerly injected into a currently created BeanPostProcessor [lbRestClientPostProcessor]? Check the corresponding BeanPostProcessor declaration and its dependencies.
17:33:54:332  WARN 3524 --- [gateway] [main] trationDelegate$BeanPostProcessorChecker : Bean 'org.springframework.cloud.client.loadbalancer.reactive.LoadBalancerBeanPostProcessorAutoConfiguration' of type [org.springframework.cloud.client.loadbalancer.reactive.LoadBalancerBeanPostProcessorAutoConfiguration] is not eligible for getting processed by all BeanPostProcessors (for example: not eligible for auto-proxying). The currently created BeanPostProcessor [loadBalancerWebClientBuilderBeanPostProcessor] is declared through a non-static factory method on that class; consider declaring it as static instead.
17:33:54:333  WARN 3524 --- [gateway] [main] trationDelegate$BeanPostProcessorChecker : Bean 'org.springframework.cloud.client.loadbalancer.reactive.LoadBalancerBeanPostProcessorAutoConfiguration$ReactorDeferringLoadBalancerFilterConfig' of type [org.springframework.cloud.client.loadbalancer.reactive.LoadBalancerBeanPostProcessorAutoConfiguration$ReactorDeferringLoadBalancerFilterConfig] is not eligible for getting processed by all BeanPostProcessors (for example: not eligible for auto-proxying). Is this bean getting eagerly injected into a currently created BeanPostProcessor [loadBalancerWebClientBuilderBeanPostProcessor]? Check the corresponding BeanPostProcessor declaration and its dependencies.
17:33:54:335  WARN 3524 --- [gateway] [main] trationDelegate$BeanPostProcessorChecker : Bean 'reactorDeferringLoadBalancerExchangeFilterFunction' of type [org.springframework.cloud.client.loadbalancer.reactive.DeferringLoadBalancerExchangeFilterFunction] is not eligible for getting processed by all BeanPostProcessors (for example: not eligible for auto-proxying). Is this bean getting eagerly injected into a currently created BeanPostProcessor [loadBalancerWebClientBuilderBeanPostProcessor]? Check the corresponding BeanPostProcessor declaration and its dependencies.
17:33:54:454  INFO 3524 --- [gateway] [main] o.s.b.w.embedded.tomcat.TomcatWebServer  : Tomcat initialized with port 8080 (http)
17:33:54:456  INFO 3524 --- [gateway] [main] o.a.catalina.core.AprLifecycleListener   : Loaded Apache Tomcat Native library [2.0.8] using APR version [1.7.4].
17:33:54:460  INFO 3524 --- [gateway] [main] o.a.catalina.core.AprLifecycleListener   : OpenSSL successfully initialized [OpenSSL 3.0.14 4 Jun 2024]
17:33:54:468  INFO 3524 --- [gateway] [main] o.apache.catalina.core.StandardService   : Starting service [Tomcat]
17:33:54:468  INFO 3524 --- [gateway] [main] o.apache.catalina.core.StandardEngine    : Starting Servlet engine: [Apache Tomcat/10.1.30]
17:33:55:798  INFO 3524 --- [gateway] [main] o.s.cloud.commons.util.InetUtils         : Cannot determine local hostname
17:33:58:085  INFO 3524 --- [gateway] [main] o.s.cloud.commons.util.InetUtils         : Cannot determine local hostname
17:33:58:380  INFO 3524 --- [gateway] [main] o.s.c.g.r.RouteDefinitionRouteLocator    : Loaded RoutePredicateFactory [After]
17:33:58:380  INFO 3524 --- [gateway] [main] o.s.c.g.r.RouteDefinitionRouteLocator    : Loaded RoutePredicateFactory [Before]
17:33:58:380  INFO 3524 --- [gateway] [main] o.s.c.g.r.RouteDefinitionRouteLocator    : Loaded RoutePredicateFactory [Between]
17:33:58:380  INFO 3524 --- [gateway] [main] o.s.c.g.r.RouteDefinitionRouteLocator    : Loaded RoutePredicateFactory [Cookie]
17:33:58:380  INFO 3524 --- [gateway] [main] o.s.c.g.r.RouteDefinitionRouteLocator    : Loaded RoutePredicateFactory [Header]
17:33:58:380  INFO 3524 --- [gateway] [main] o.s.c.g.r.RouteDefinitionRouteLocator    : Loaded RoutePredicateFactory [Host]
17:33:58:380  INFO 3524 --- [gateway] [main] o.s.c.g.r.RouteDefinitionRouteLocator    : Loaded RoutePredicateFactory [Method]
17:33:58:380  INFO 3524 --- [gateway] [main] o.s.c.g.r.RouteDefinitionRouteLocator    : Loaded RoutePredicateFactory [Path]
17:33:58:380  INFO 3524 --- [gateway] [main] o.s.c.g.r.RouteDefinitionRouteLocator    : Loaded RoutePredicateFactory [Query]
17:33:58:380  INFO 3524 --- [gateway] [main] o.s.c.g.r.RouteDefinitionRouteLocator    : Loaded RoutePredicateFactory [ReadBody]
17:33:58:380  INFO 3524 --- [gateway] [main] o.s.c.g.r.RouteDefinitionRouteLocator    : Loaded RoutePredicateFactory [RemoteAddr]
17:33:58:380  INFO 3524 --- [gateway] [main] o.s.c.g.r.RouteDefinitionRouteLocator    : Loaded RoutePredicateFactory [XForwardedRemoteAddr]
17:33:58:380  INFO 3524 --- [gateway] [main] o.s.c.g.r.RouteDefinitionRouteLocator    : Loaded RoutePredicateFactory [Weight]
17:33:58:380  INFO 3524 --- [gateway] [main] o.s.c.g.r.RouteDefinitionRouteLocator    : Loaded RoutePredicateFactory [CloudFoundryRouteService]
17:33:59:525  INFO 3524 --- [gateway] [main] o.s.cloud.commons.util.InetUtils         : Cannot determine local hostname
17:33:59:886  WARN 3524 --- [gateway] [main] iguration$LoadBalancerCaffeineWarnLogger : Spring Cloud LoadBalancer is currently working with the default cache. While this cache implementation is useful for development and tests, it's recommended to use Caffeine cache in production.You can switch to using Caffeine cache, by adding it and org.springframework.cache.caffeine.CaffeineCacheManager to the classpath.
17:33:59:965  INFO 3524 --- [gateway] [main] o.s.b.w.embedded.tomcat.TomcatWebServer  : Tomcat started on port 8080 (http)
17:34:00:976  INFO 3524 --- [gateway] [main] o.s.cloud.commons.util.InetUtils         : Cannot determine local hostname
17:34:01:996  INFO 3524 --- [gateway] [main] o.s.cloud.commons.util.InetUtils         : Cannot determine local hostname
17:34:01:999  INFO 3524 --- [gateway] [main] com.alibaba.nacos.client.naming          : initializer namespace from ans.namespace attribute : null
17:34:02:000  INFO 3524 --- [gateway] [main] com.alibaba.nacos.client.naming          : initializer namespace from ALIBABA_ALIWARE_NAMESPACE attribute :null
17:34:02:000  INFO 3524 --- [gateway] [main] com.alibaba.nacos.client.naming          : initializer namespace from namespace attribute :null
17:34:02:003  INFO 3524 --- [gateway] [main] com.alibaba.nacos.client.naming          : FailoverDataSource type is class com.alibaba.nacos.client.naming.backups.datasource.DiskFailoverDataSource
17:34:02:005  INFO 3524 --- [gateway] [main] c.a.n.p.a.s.c.ClientAuthPluginManager    : [ClientAuthPluginManager] Load ClientAuthService com.alibaba.nacos.client.auth.impl.NacosClientAuthServiceImpl success.
17:34:02:006  INFO 3524 --- [gateway] [main] c.a.n.p.a.s.c.ClientAuthPluginManager    : [ClientAuthPluginManager] Load ClientAuthService com.alibaba.nacos.client.auth.ram.RamClientAuthServiceImpl success.
17:34:02:147  INFO 3524 --- [gateway] [main] com.alibaba.nacos.common.remote.client   : [RpcClientFactory] create a new rpc client of 4ed99a1e-e6dd-4a25-9f76-68cbe572ccdc
17:34:02:149  INFO 3524 --- [gateway] [main] com.alibaba.nacos.client.naming          : Create naming rpc client for uuid->4ed99a1e-e6dd-4a25-9f76-68cbe572ccdc
17:34:02:149  INFO 3524 --- [gateway] [main] com.alibaba.nacos.common.remote.client   : [4ed99a1e-e6dd-4a25-9f76-68cbe572ccdc] RpcClient init, ServerListFactory = com.alibaba.nacos.client.naming.core.ServerListManager
17:34:02:149  INFO 3524 --- [gateway] [main] com.alibaba.nacos.common.remote.client   : [4ed99a1e-e6dd-4a25-9f76-68cbe572ccdc] Registry connection listener to current client:com.alibaba.nacos.client.naming.remote.gprc.redo.NamingGrpcRedoService
17:34:02:149  INFO 3524 --- [gateway] [main] com.alibaba.nacos.common.remote.client   : [4ed99a1e-e6dd-4a25-9f76-68cbe572ccdc] Register server push request handler:com.alibaba.nacos.client.naming.remote.gprc.NamingPushRequestHandler
17:34:02:150  INFO 3524 --- [gateway] [main] com.alibaba.nacos.common.remote.client   : [4ed99a1e-e6dd-4a25-9f76-68cbe572ccdc] Try to connect to server on start up, server: {serverIp = '192.168.148.100', server main port = 8848}
17:34:02:150  INFO 3524 --- [gateway] [main] c.a.n.c.remote.client.grpc.GrpcClient    : grpc client connection server:192.168.148.100 ip,serverPort:9848,grpcTslConfig:{"sslProvider":"","enableTls":false,"mutualAuthEnable":false,"trustAll":false}
17:34:02:278  INFO 3524 --- [gateway] [main] com.alibaba.nacos.common.remote.client   : [4ed99a1e-e6dd-4a25-9f76-68cbe572ccdc] Success to connect to server [192.168.148.100:8848] on start up, connectionId = 1761212042635_192.168.148.1_5434
17:34:02:278  INFO 3524 --- [gateway] [main] com.alibaba.nacos.common.remote.client   : [4ed99a1e-e6dd-4a25-9f76-68cbe572ccdc] Register server push request handler:com.alibaba.nacos.common.remote.client.RpcClient$ConnectResetRequestHandler
17:34:02:278  INFO 3524 --- [gateway] [main] com.alibaba.nacos.common.remote.client   : [4ed99a1e-e6dd-4a25-9f76-68cbe572ccdc] Register server push request handler:com.alibaba.nacos.common.remote.client.RpcClient$$Lambda/0x000002534951daf0
17:34:02:278  INFO 3524 --- [gateway] [com.alibaba.nacos.client.remote.worker.0] com.alibaba.nacos.common.remote.client   : [4ed99a1e-e6dd-4a25-9f76-68cbe572ccdc] Notify connected event to listeners.
17:34:02:278  INFO 3524 --- [gateway] [com.alibaba.nacos.client.remote.worker.0] com.alibaba.nacos.client.naming          : Grpc connection connect
17:34:02:280  INFO 3524 --- [gateway] [main] com.alibaba.nacos.client.naming          : [REGISTER-SERVICE] public registering service gateway with instance Instance{instanceId='null', ip='192.168.148.1', port=8080, weight=1.0, healthy=true, enabled=true, ephemeral=true, clusterName='DEFAULT', serviceName='null', metadata={IPv6=[2001:0:2851:b9f0:1839:7a7a:48c0:88ca], preserved.register.source=SPRING_CLOUD}}
17:34:02:299  INFO 3524 --- [gateway] [main] c.a.c.n.registry.NacosServiceRegistry    : nacos registry, DEFAULT_GROUP gateway 192.168.148.1:8080 register finished
17:34:02:349  INFO 3524 --- [gateway] [main] com.qg.gateway.GatewayApplication        : Started GatewayApplication in 12.591 seconds (process running for 13.187)
17:34:02:353  INFO 3524 --- [gateway] [main] c.a.nacos.client.config.impl.CacheData   : config listener notify warn timeout millis use default 60000 millis 
17:34:02:353  INFO 3524 --- [gateway] [main] c.a.nacos.client.config.impl.CacheData   : nacos.cache.data.init.snapshot = true 
17:34:02:353  INFO 3524 --- [gateway] [main] c.a.n.client.config.impl.ClientWorker    : [fixed-192.168.148.100_8848] [subscribe] gateway.yaml+DEFAULT_GROUP
17:34:02:359  INFO 3524 --- [gateway] [main] c.a.nacos.client.config.impl.CacheData   : [fixed-192.168.148.100_8848] [add-listener] ok, tenant=, dataId=gateway.yaml, group=DEFAULT_GROUP, cnt=1
17:34:02:359  INFO 3524 --- [gateway] [main] c.a.c.n.refresh.NacosContextRefresher    : [Nacos Config] Listening config: dataId=gateway.yaml, group=DEFAULT_GROUP
17:34:02:360  INFO 3524 --- [gateway] [main] c.a.n.client.config.impl.ClientWorker    : [fixed-192.168.148.100_8848] [subscribe] gateway+DEFAULT_GROUP
17:34:02:360  INFO 3524 --- [gateway] [main] c.a.nacos.client.config.impl.CacheData   : [fixed-192.168.148.100_8848] [add-listener] ok, tenant=, dataId=gateway, group=DEFAULT_GROUP, cnt=1
17:34:02:360  INFO 3524 --- [gateway] [main] c.a.c.n.refresh.NacosContextRefresher    : [Nacos Config] Listening config: dataId=gateway, group=DEFAULT_GROUP
17:34:04:489  INFO 3524 --- [gateway] [boundedElastic-1] com.alibaba.nacos.client.naming          : [SUBSCRIBE-SERVICE] service:alert-service, group:DEFAULT_GROUP, clusters: 
17:34:04:489  INFO 3524 --- [gateway] [boundedElastic-1] com.alibaba.nacos.client.naming          : [GRPC-SUBSCRIBE] service:alert-service, group:DEFAULT_GROUP, cluster: 
17:34:04:507  INFO 3524 --- [gateway] [boundedElastic-1] com.alibaba.nacos.client.naming          : init new ips(1) service: DEFAULT_GROUP@@alert-service -> [{"ip":"192.168.148.1","port":8085,"weight":1.0,"healthy":true,"enabled":true,"ephemeral":true,"clusterName":"DEFAULT","serviceName":"DEFAULT_GROUP@@alert-service","metadata":{"preserved.register.source":"SPRING_CLOUD"},"ipDeleteTimeout":30000,"instanceHeartBeatInterval":5000,"instanceHeartBeatTimeOut":15000}]
17:34:04:508  INFO 3524 --- [gateway] [boundedElastic-1] com.alibaba.nacos.client.naming          : current ips:(1) service: DEFAULT_GROUP@@alert-service -> [{"ip":"192.168.148.1","port":8085,"weight":1.0,"healthy":true,"enabled":true,"ephemeral":true,"clusterName":"DEFAULT","serviceName":"DEFAULT_GROUP@@alert-service","metadata":{"preserved.register.source":"SPRING_CLOUD"},"ipDeleteTimeout":30000,"instanceHeartBeatInterval":5000,"instanceHeartBeatTimeOut":15000}]
17:34:04:541 ERROR 3524 --- [gateway] [boundedElastic-1] a.w.r.e.AbstractErrorWebExceptionHandler : [50b21565]  500 Server Error for HTTP GET "/ws"

java.lang.ClassCastException: class org.apache.catalina.connector.ResponseFacade cannot be cast to class reactor.netty.http.server.HttpServerResponse (org.apache.catalina.connector.ResponseFacade and reactor.netty.http.server.HttpServerResponse are in unnamed module of loader 'app')
	at org.springframework.web.reactive.socket.server.upgrade.ReactorNettyRequestUpgradeStrategy.upgrade(ReactorNettyRequestUpgradeStrategy.java:163) ~[spring-webflux-6.1.13.jar:6.1.13]
	Suppressed: reactor.core.publisher.FluxOnAssembly$OnAssemblyException: 
Error has been observed at the following site(s):
	*__checkpoint ⇢ org.springframework.cloud.gateway.filter.WeightCalculatorWebFilter [DefaultWebFilterChain]
	*__checkpoint ⇢ HTTP GET "/ws" [ExceptionHandlingWebHandler]
Original Stack Trace:
		at org.springframework.web.reactive.socket.server.upgrade.ReactorNettyRequestUpgradeStrategy.upgrade(ReactorNettyRequestUpgradeStrategy.java:163) ~[spring-webflux-6.1.13.jar:6.1.13]
		at org.springframework.web.reactive.socket.server.support.HandshakeWebSocketService.lambda$handleRequest$1(HandshakeWebSocketService.java:221) ~[spring-webflux-6.1.13.jar:6.1.13]
		at reactor.core.publisher.FluxFlatMap.trySubscribeScalarMap(FluxFlatMap.java:153) ~[reactor-core-3.6.10.jar:3.6.10]
		at reactor.core.publisher.MonoFlatMap.subscribeOrReturn(MonoFlatMap.java:53) ~[reactor-core-3.6.10.jar:3.6.10]
		at reactor.core.publisher.InternalMonoOperator.subscribe(InternalMonoOperator.java:63) ~[reactor-core-3.6.10.jar:3.6.10]
		at reactor.core.publisher.MonoDefer.subscribe(MonoDefer.java:53) ~[reactor-core-3.6.10.jar:3.6.10]
		at reactor.core.publisher.MonoDefer.subscribe(MonoDefer.java:53) ~[reactor-core-3.6.10.jar:3.6.10]
		at reactor.core.publisher.MonoIgnoreThen$ThenIgnoreMain.subscribeNext(MonoIgnoreThen.java:241) ~[reactor-core-3.6.10.jar:3.6.10]
		at reactor.core.publisher.MonoIgnoreThen$ThenIgnoreMain.onComplete(MonoIgnoreThen.java:204) ~[reactor-core-3.6.10.jar:3.6.10]
		at reactor.core.publisher.FluxPeek$PeekSubscriber.onComplete(FluxPeek.java:260) ~[reactor-core-3.6.10.jar:3.6.10]
		at reactor.core.publisher.FluxMap$MapSubscriber.onComplete(FluxMap.java:144) ~[reactor-core-3.6.10.jar:3.6.10]
		at reactor.core.publisher.MonoNext$NextSubscriber.onComplete(MonoNext.java:102) ~[reactor-core-3.6.10.jar:3.6.10]
		at reactor.core.publisher.MonoNext$NextSubscriber.onNext(MonoNext.java:83) ~[reactor-core-3.6.10.jar:3.6.10]
		at reactor.core.publisher.FluxDematerialize$DematerializeSubscriber.onNext(FluxDematerialize.java:98) ~[reactor-core-3.6.10.jar:3.6.10]
		at reactor.core.publisher.FluxDematerialize$DematerializeSubscriber.onNext(FluxDematerialize.java:44) ~[reactor-core-3.6.10.jar:3.6.10]
		at reactor.core.publisher.FluxFlattenIterable$FlattenIterableSubscriber.drainAsync(FluxFlattenIterable.java:453) ~[reactor-core-3.6.10.jar:3.6.10]
		at reactor.core.publisher.FluxFlattenIterable$FlattenIterableSubscriber.drain(FluxFlattenIterable.java:724) ~[reactor-core-3.6.10.jar:3.6.10]
		at reactor.core.publisher.FluxFlattenIterable$FlattenIterableSubscriber.onNext(FluxFlattenIterable.java:256) ~[reactor-core-3.6.10.jar:3.6.10]
		at reactor.core.publisher.FluxSwitchIfEmpty$SwitchIfEmptySubscriber.onNext(FluxSwitchIfEmpty.java:74) ~[reactor-core-3.6.10.jar:3.6.10]
		at reactor.core.publisher.MonoFlatMap$FlatMapMain.secondComplete(MonoFlatMap.java:245) ~[reactor-core-3.6.10.jar:3.6.10]
		at reactor.core.publisher.MonoFlatMap$FlatMapInner.onNext(MonoFlatMap.java:305) ~[reactor-core-3.6.10.jar:3.6.10]
		at reactor.core.publisher.MonoIgnoreThen$ThenIgnoreMain.complete(MonoIgnoreThen.java:294) ~[reactor-core-3.6.10.jar:3.6.10]
		at reactor.core.publisher.MonoIgnoreThen$ThenIgnoreMain.onNext(MonoIgnoreThen.java:188) ~[reactor-core-3.6.10.jar:3.6.10]
		at reactor.core.publisher.MonoIgnoreThen$ThenIgnoreMain.subscribeNext(MonoIgnoreThen.java:237) ~[reactor-core-3.6.10.jar:3.6.10]
		at reactor.core.publisher.MonoIgnoreThen$ThenIgnoreMain.onComplete(MonoIgnoreThen.java:204) ~[reactor-core-3.6.10.jar:3.6.10]
		at reactor.core.publisher.MonoIgnoreElements$IgnoreElementsSubscriber.onComplete(MonoIgnoreElements.java:89) ~[reactor-core-3.6.10.jar:3.6.10]
		at reactor.core.publisher.FluxPeek$PeekSubscriber.onComplete(FluxPeek.java:260) ~[reactor-core-3.6.10.jar:3.6.10]
		at reactor.core.publisher.FluxDematerialize$DematerializeSubscriber.onComplete(FluxDematerialize.java:121) ~[reactor-core-3.6.10.jar:3.6.10]
		at reactor.core.publisher.FluxDematerialize$DematerializeSubscriber.onNext(FluxDematerialize.java:91) ~[reactor-core-3.6.10.jar:3.6.10]
		at reactor.core.publisher.FluxDematerialize$DematerializeSubscriber.onNext(FluxDematerialize.java:44) ~[reactor-core-3.6.10.jar:3.6.10]
		at reactor.core.publisher.FluxIterable$IterableSubscription.fastPath(FluxIterable.java:402) ~[reactor-core-3.6.10.jar:3.6.10]
		at reactor.core.publisher.FluxIterable$IterableSubscription.request(FluxIterable.java:291) ~[reactor-core-3.6.10.jar:3.6.10]
		at reactor.core.publisher.FluxDematerialize$DematerializeSubscriber.request(FluxDematerialize.java:127) ~[reactor-core-3.6.10.jar:3.6.10]
		at reactor.core.publisher.FluxPeek$PeekSubscriber.request(FluxPeek.java:138) ~[reactor-core-3.6.10.jar:3.6.10]
		at reactor.core.publisher.MonoIgnoreElements$IgnoreElementsSubscriber.onSubscribe(MonoIgnoreElements.java:72) ~[reactor-core-3.6.10.jar:3.6.10]
		at reactor.core.publisher.FluxPeek$PeekSubscriber.onSubscribe(FluxPeek.java:171) ~[reactor-core-3.6.10.jar:3.6.10]
		at reactor.core.publisher.FluxDematerialize$DematerializeSubscriber.onSubscribe(FluxDematerialize.java:77) ~[reactor-core-3.6.10.jar:3.6.10]
		at reactor.core.publisher.FluxIterable.subscribe(FluxIterable.java:201) ~[reactor-core-3.6.10.jar:3.6.10]
		at reactor.core.publisher.FluxIterable.subscribe(FluxIterable.java:83) ~[reactor-core-3.6.10.jar:3.6.10]
		at reactor.core.publisher.Mono.subscribe(Mono.java:4576) ~[reactor-core-3.6.10.jar:3.6.10]
		at reactor.core.publisher.MonoIgnoreThen$ThenIgnoreMain.subscribeNext(MonoIgnoreThen.java:265) ~[reactor-core-3.6.10.jar:3.6.10]
		at reactor.core.publisher.MonoIgnoreThen.subscribe(MonoIgnoreThen.java:51) ~[reactor-core-3.6.10.jar:3.6.10]
		at reactor.core.publisher.MonoFlatMap$FlatMapMain.onNext(MonoFlatMap.java:165) ~[reactor-core-3.6.10.jar:3.6.10]
		at reactor.core.publisher.Operators$BaseFluxToMonoOperator.completePossiblyEmpty(Operators.java:2097) ~[reactor-core-3.6.10.jar:3.6.10]
		at reactor.core.publisher.MonoCollectList$MonoCollectListSubscriber.onComplete(MonoCollectList.java:118) ~[reactor-core-3.6.10.jar:3.6.10]
		at reactor.core.publisher.DrainUtils.postCompleteDrain(DrainUtils.java:132) ~[reactor-core-3.6.10.jar:3.6.10]
		at reactor.core.publisher.DrainUtils.postComplete(DrainUtils.java:187) ~[reactor-core-3.6.10.jar:3.6.10]
		at reactor.core.publisher.FluxMaterialize$MaterializeSubscriber.onComplete(FluxMaterialize.java:141) ~[reactor-core-3.6.10.jar:3.6.10]
		at reactor.core.publisher.FluxLimitRequest$FluxLimitRequestSubscriber.onNext(FluxLimitRequest.java:104) ~[reactor-core-3.6.10.jar:3.6.10]
		at reactor.core.publisher.FluxOnErrorResume$ResumeSubscriber.onNext(FluxOnErrorResume.java:79) ~[reactor-core-3.6.10.jar:3.6.10]
		at reactor.core.publisher.SerializedSubscriber.onNext(SerializedSubscriber.java:99) ~[reactor-core-3.6.10.jar:3.6.10]
		at reactor.core.publisher.FluxTimeout$TimeoutMainSubscriber.onNext(FluxTimeout.java:181) ~[reactor-core-3.6.10.jar:3.6.10]
		at reactor.core.publisher.Operators$BaseFluxToMonoOperator.completePossiblyEmpty(Operators.java:2097) ~[reactor-core-3.6.10.jar:3.6.10]
		at reactor.core.publisher.MonoCollectList$MonoCollectListSubscriber.onComplete(MonoCollectList.java:118) ~[reactor-core-3.6.10.jar:3.6.10]
		at org.springframework.cloud.commons.publisher.FluxFirstNonEmptyEmitting$FirstNonEmptyEmittingSubscriber.onComplete(FluxFirstNonEmptyEmitting.java:325) ~[spring-cloud-commons-4.1.4.jar:4.1.4]
		at reactor.core.publisher.FluxSubscribeOn$SubscribeOnSubscriber.onComplete(FluxSubscribeOn.java:166) ~[reactor-core-3.6.10.jar:3.6.10]
		at reactor.core.publisher.FluxIterable$IterableSubscription.fastPath(FluxIterable.java:424) ~[reactor-core-3.6.10.jar:3.6.10]
		at reactor.core.publisher.FluxIterable$IterableSubscription.request(FluxIterable.java:291) ~[reactor-core-3.6.10.jar:3.6.10]
		at reactor.core.publisher.FluxSubscribeOn$SubscribeOnSubscriber.requestUpstream(FluxSubscribeOn.java:131) ~[reactor-core-3.6.10.jar:3.6.10]
		at reactor.core.publisher.FluxSubscribeOn$SubscribeOnSubscriber.onSubscribe(FluxSubscribeOn.java:124) ~[reactor-core-3.6.10.jar:3.6.10]
		at reactor.core.publisher.FluxIterable.subscribe(FluxIterable.java:201) ~[reactor-core-3.6.10.jar:3.6.10]
		at reactor.core.publisher.FluxIterable.subscribe(FluxIterable.java:83) ~[reactor-core-3.6.10.jar:3.6.10]
		at reactor.core.publisher.Flux.subscribe(Flux.java:8848) ~[reactor-core-3.6.10.jar:3.6.10]
		at reactor.core.publisher.FluxFlatMap.trySubscribeScalarMap(FluxFlatMap.java:202) ~[reactor-core-3.6.10.jar:3.6.10]
		at reactor.core.publisher.MonoFlatMapMany.subscribeOrReturn(MonoFlatMapMany.java:49) ~[reactor-core-3.6.10.jar:3.6.10]
		at reactor.core.publisher.Flux.subscribe(Flux.java:8833) ~[reactor-core-3.6.10.jar:3.6.10]
		at reactor.core.publisher.FluxFlatMap.trySubscribeScalarMap(FluxFlatMap.java:202) ~[reactor-core-3.6.10.jar:3.6.10]
		at reactor.core.publisher.MonoFlatMapMany.subscribeOrReturn(MonoFlatMapMany.java:49) ~[reactor-core-3.6.10.jar:3.6.10]
		at reactor.core.publisher.FluxFromMonoOperator.subscribe(FluxFromMonoOperator.java:77) ~[reactor-core-3.6.10.jar:3.6.10]
		at reactor.core.publisher.FluxSubscribeOn$SubscribeOnSubscriber.run(FluxSubscribeOn.java:194) ~[reactor-core-3.6.10.jar:3.6.10]
		at reactor.core.scheduler.WorkerTask.call(WorkerTask.java:84) ~[reactor-core-3.6.10.jar:3.6.10]
		at reactor.core.scheduler.WorkerTask.call(WorkerTask.java:37) ~[reactor-core-3.6.10.jar:3.6.10]
		at java.base/java.util.concurrent.FutureTask.run(FutureTask.java:317) ~[na:na]
		at java.base/java.util.concurrent.ScheduledThreadPoolExecutor$ScheduledFutureTask.run(ScheduledThreadPoolExecutor.java:304) ~[na:na]
		at java.base/java.util.concurrent.ThreadPoolExecutor.runWorker(ThreadPoolExecutor.java:1144) ~[na:na]
		at java.base/java.util.concurrent.ThreadPoolExecutor$Worker.run(ThreadPoolExecutor.java:642) ~[na:na]
		at java.base/java.lang.Thread.run(Thread.java:1575) ~[na:na]

17:34:05:015  INFO 3524 --- [gateway] [nacos-grpc-client-executor-192.168.148.100-9] com.alibaba.nacos.common.remote.client   : [4ed99a1e-e6dd-4a25-9f76-68cbe572ccdc] Receive server push request, request = NotifySubscriberRequest, requestId = 8
17:34:05:015  INFO 3524 --- [gateway] [nacos-grpc-client-executor-192.168.148.100-9] com.alibaba.nacos.common.remote.client   : [4ed99a1e-e6dd-4a25-9f76-68cbe572ccdc] Ack server push request, request = NotifySubscriberRequest, requestId = 8
17:34:08:251 ERROR 3524 --- [gateway] [http-nio-8080-exec-3] a.w.r.e.AbstractErrorWebExceptionHandler : [7eb5faa]  500 Server Error for HTTP GET "/ws"

java.lang.ClassCastException: class org.apache.catalina.connector.ResponseFacade cannot be cast to class reactor.netty.http.server.HttpServerResponse (org.apache.catalina.connector.ResponseFacade and reactor.netty.http.server.HttpServerResponse are in unnamed module of loader 'app')
	at org.springframework.web.reactive.socket.server.upgrade.ReactorNettyRequestUpgradeStrategy.upgrade(ReactorNettyRequestUpgradeStrategy.java:163) ~[spring-webflux-6.1.13.jar:6.1.13]
	Suppressed: reactor.core.publisher.FluxOnAssembly$OnAssemblyException: 
Error has been observed at the following site(s):
	*__checkpoint ⇢ org.springframework.cloud.gateway.filter.WeightCalculatorWebFilter [DefaultWebFilterChain]
	*__checkpoint ⇢ HTTP GET "/ws" [ExceptionHandlingWebHandler]
Original Stack Trace:
		at org.springframework.web.reactive.socket.server.upgrade.ReactorNettyRequestUpgradeStrategy.upgrade(ReactorNettyRequestUpgradeStrategy.java:163) ~[spring-webflux-6.1.13.jar:6.1.13]
		at org.springframework.web.reactive.socket.server.support.HandshakeWebSocketService.lambda$handleRequest$1(HandshakeWebSocketService.java:221) ~[spring-webflux-6.1.13.jar:6.1.13]
		at reactor.core.publisher.FluxFlatMap.trySubscribeScalarMap(FluxFlatMap.java:153) ~[reactor-core-3.6.10.jar:3.6.10]
		at reactor.core.publisher.MonoFlatMap.subscribeOrReturn(MonoFlatMap.java:53) ~[reactor-core-3.6.10.jar:3.6.10]
		at reactor.core.publisher.InternalMonoOperator.subscribe(InternalMonoOperator.java:63) ~[reactor-core-3.6.10.jar:3.6.10]
		at reactor.core.publisher.MonoDefer.subscribe(MonoDefer.java:53) ~[reactor-core-3.6.10.jar:3.6.10]
		at reactor.core.publisher.MonoDefer.subscribe(MonoDefer.java:53) ~[reactor-core-3.6.10.jar:3.6.10]
		at reactor.core.publisher.MonoIgnoreThen$ThenIgnoreMain.subscribeNext(MonoIgnoreThen.java:241) ~[reactor-core-3.6.10.jar:3.6.10]
		at reactor.core.publisher.MonoIgnoreThen$ThenIgnoreMain.onComplete(MonoIgnoreThen.java:204) ~[reactor-core-3.6.10.jar:3.6.10]
		at reactor.core.publisher.FluxPeek$PeekSubscriber.onComplete(FluxPeek.java:260) ~[reactor-core-3.6.10.jar:3.6.10]
		at reactor.core.publisher.FluxMap$MapSubscriber.onComplete(FluxMap.java:144) ~[reactor-core-3.6.10.jar:3.6.10]
		at reactor.core.publisher.MonoNext$NextSubscriber.onComplete(MonoNext.java:102) ~[reactor-core-3.6.10.jar:3.6.10]
		at reactor.core.publisher.MonoNext$NextSubscriber.onNext(MonoNext.java:83) ~[reactor-core-3.6.10.jar:3.6.10]
		at reactor.core.publisher.FluxDematerialize$DematerializeSubscriber.onNext(FluxDematerialize.java:98) ~[reactor-core-3.6.10.jar:3.6.10]
		at reactor.core.publisher.FluxDematerialize$DematerializeSubscriber.onNext(FluxDematerialize.java:44) ~[reactor-core-3.6.10.jar:3.6.10]
		at reactor.core.publisher.FluxFlattenIterable$FlattenIterableSubscriber.drainAsync(FluxFlattenIterable.java:453) ~[reactor-core-3.6.10.jar:3.6.10]
		at reactor.core.publisher.FluxFlattenIterable$FlattenIterableSubscriber.drain(FluxFlattenIterable.java:724) ~[reactor-core-3.6.10.jar:3.6.10]
		at reactor.core.publisher.FluxFlattenIterable$FlattenIterableSubscriber.onNext(FluxFlattenIterable.java:256) ~[reactor-core-3.6.10.jar:3.6.10]
		at reactor.core.publisher.FluxSwitchIfEmpty$SwitchIfEmptySubscriber.onNext(FluxSwitchIfEmpty.java:74) ~[reactor-core-3.6.10.jar:3.6.10]
		at reactor.core.publisher.Operators$BaseFluxToMonoOperator.completePossiblyEmpty(Operators.java:2097) ~[reactor-core-3.6.10.jar:3.6.10]
		at reactor.core.publisher.MonoCollectList$MonoCollectListSubscriber.onComplete(MonoCollectList.java:118) ~[reactor-core-3.6.10.jar:3.6.10]
		at reactor.core.publisher.DrainUtils.postCompleteDrain(DrainUtils.java:132) ~[reactor-core-3.6.10.jar:3.6.10]
		at reactor.core.publisher.DrainUtils.postComplete(DrainUtils.java:187) ~[reactor-core-3.6.10.jar:3.6.10]
		at reactor.core.publisher.FluxMaterialize$MaterializeSubscriber.onComplete(FluxMaterialize.java:141) ~[reactor-core-3.6.10.jar:3.6.10]
		at reactor.core.publisher.Operators$ScalarSubscription.request(Operators.java:2573) ~[reactor-core-3.6.10.jar:3.6.10]
		at reactor.core.publisher.FluxMaterialize$MaterializeSubscriber.request(FluxMaterialize.java:148) ~[reactor-core-3.6.10.jar:3.6.10]
		at reactor.core.publisher.Operators$BaseFluxToMonoOperator.request(Operators.java:2067) ~[reactor-core-3.6.10.jar:3.6.10]
		at reactor.core.publisher.Operators$MultiSubscriptionSubscriber.set(Operators.java:2367) ~[reactor-core-3.6.10.jar:3.6.10]
		at reactor.core.publisher.Operators$MultiSubscriptionSubscriber.onSubscribe(Operators.java:2241) ~[reactor-core-3.6.10.jar:3.6.10]
		at reactor.core.publisher.Operators$BaseFluxToMonoOperator.onSubscribe(Operators.java:2051) ~[reactor-core-3.6.10.jar:3.6.10]
		at reactor.core.publisher.FluxMaterialize$MaterializeSubscriber.onSubscribe(FluxMaterialize.java:103) ~[reactor-core-3.6.10.jar:3.6.10]
		at reactor.core.publisher.FluxJust.subscribe(FluxJust.java:68) ~[reactor-core-3.6.10.jar:3.6.10]
		at reactor.core.publisher.InternalFluxOperator.subscribe(InternalFluxOperator.java:68) ~[reactor-core-3.6.10.jar:3.6.10]
		at reactor.core.publisher.FluxDefer.subscribe(FluxDefer.java:54) ~[reactor-core-3.6.10.jar:3.6.10]
		at reactor.core.publisher.Mono.subscribe(Mono.java:4576) ~[reactor-core-3.6.10.jar:3.6.10]
		at reactor.core.publisher.MonoIgnoreThen$ThenIgnoreMain.subscribeNext(MonoIgnoreThen.java:265) ~[reactor-core-3.6.10.jar:3.6.10]
		at reactor.core.publisher.MonoIgnoreThen.subscribe(MonoIgnoreThen.java:51) ~[reactor-core-3.6.10.jar:3.6.10]
		at reactor.core.publisher.InternalMonoOperator.subscribe(InternalMonoOperator.java:76) ~[reactor-core-3.6.10.jar:3.6.10]
		at reactor.core.publisher.MonoDefer.subscribe(MonoDefer.java:53) ~[reactor-core-3.6.10.jar:3.6.10]
		at reactor.core.publisher.MonoDefer.subscribe(MonoDefer.java:53) ~[reactor-core-3.6.10.jar:3.6.10]
		at reactor.core.publisher.MonoDefer.subscribe(MonoDefer.java:53) ~[reactor-core-3.6.10.jar:3.6.10]
		at reactor.core.publisher.MonoDefer.subscribe(MonoDefer.java:53) ~[reactor-core-3.6.10.jar:3.6.10]
		at reactor.core.publisher.Mono.subscribe(Mono.java:4576) ~[reactor-core-3.6.10.jar:3.6.10]
		at reactor.core.publisher.MonoIgnoreThen$ThenIgnoreMain.subscribeNext(MonoIgnoreThen.java:265) ~[reactor-core-3.6.10.jar:3.6.10]
		at reactor.core.publisher.MonoIgnoreThen.subscribe(MonoIgnoreThen.java:51) ~[reactor-core-3.6.10.jar:3.6.10]
		at reactor.core.publisher.InternalMonoOperator.subscribe(InternalMonoOperator.java:76) ~[reactor-core-3.6.10.jar:3.6.10]
		at reactor.core.publisher.MonoDefer.subscribe(MonoDefer.java:53) ~[reactor-core-3.6.10.jar:3.6.10]
		at reactor.core.publisher.MonoDefer.subscribe(MonoDefer.java:53) ~[reactor-core-3.6.10.jar:3.6.10]
		at reactor.core.publisher.MonoDefer.subscribe(MonoDefer.java:53) ~[reactor-core-3.6.10.jar:3.6.10]
		at reactor.core.publisher.InternalMonoOperator.subscribe(InternalMonoOperator.java:76) ~[reactor-core-3.6.10.jar:3.6.10]
		at reactor.core.publisher.MonoDefer.subscribe(MonoDefer.java:53) ~[reactor-core-3.6.10.jar:3.6.10]
		at reactor.core.publisher.Mono.subscribe(Mono.java:4576) ~[reactor-core-3.6.10.jar:3.6.10]
		at reactor.core.publisher.MonoIgnoreThen$ThenIgnoreMain.subscribeNext(MonoIgnoreThen.java:265) ~[reactor-core-3.6.10.jar:3.6.10]
		at reactor.core.publisher.MonoIgnoreThen.subscribe(MonoIgnoreThen.java:51) ~[reactor-core-3.6.10.jar:3.6.10]
		at reactor.core.publisher.InternalMonoOperator.subscribe(InternalMonoOperator.java:76) ~[reactor-core-3.6.10.jar:3.6.10]
		at reactor.core.publisher.MonoFlatMap$FlatMapMain.onNext(MonoFlatMap.java:165) ~[reactor-core-3.6.10.jar:3.6.10]
		at reactor.core.publisher.FluxOnErrorResume$ResumeSubscriber.onNext(FluxOnErrorResume.java:79) ~[reactor-core-3.6.10.jar:3.6.10]
		at reactor.core.publisher.FluxSwitchIfEmpty$SwitchIfEmptySubscriber.onNext(FluxSwitchIfEmpty.java:74) ~[reactor-core-3.6.10.jar:3.6.10]
		at reactor.core.publisher.MonoNext$NextSubscriber.onNext(MonoNext.java:82) ~[reactor-core-3.6.10.jar:3.6.10]
		at reactor.core.publisher.FluxConcatMapNoPrefetch$FluxConcatMapNoPrefetchSubscriber.innerNext(FluxConcatMapNoPrefetch.java:259) ~[reactor-core-3.6.10.jar:3.6.10]
		at reactor.core.publisher.FluxConcatMap$ConcatMapInner.onNext(FluxConcatMap.java:865) ~[reactor-core-3.6.10.jar:3.6.10]
		at reactor.core.publisher.FluxMap$MapSubscriber.onNext(FluxMap.java:122) ~[reactor-core-3.6.10.jar:3.6.10]
		at reactor.core.publisher.FluxSwitchIfEmpty$SwitchIfEmptySubscriber.onNext(FluxSwitchIfEmpty.java:74) ~[reactor-core-3.6.10.jar:3.6.10]
		at reactor.core.publisher.FluxMap$MapSubscriber.onNext(FluxMap.java:122) ~[reactor-core-3.6.10.jar:3.6.10]
		at reactor.core.publisher.FluxMap$MapSubscriber.onNext(FluxMap.java:122) ~[reactor-core-3.6.10.jar:3.6.10]
		at reactor.core.publisher.MonoNext$NextSubscriber.onNext(MonoNext.java:82) ~[reactor-core-3.6.10.jar:3.6.10]
		at reactor.core.publisher.FluxConcatMapNoPrefetch$FluxConcatMapNoPrefetchSubscriber.innerNext(FluxConcatMapNoPrefetch.java:259) ~[reactor-core-3.6.10.jar:3.6.10]
		at reactor.core.publisher.FluxConcatMap$ConcatMapInner.onNext(FluxConcatMap.java:865) ~[reactor-core-3.6.10.jar:3.6.10]
		at reactor.core.publisher.FluxOnErrorResume$ResumeSubscriber.onNext(FluxOnErrorResume.java:79) ~[reactor-core-3.6.10.jar:3.6.10]
		at reactor.core.publisher.MonoPeekTerminal$MonoTerminalPeekSubscriber.onNext(MonoPeekTerminal.java:180) ~[reactor-core-3.6.10.jar:3.6.10]
		at reactor.core.publisher.MonoFilterWhen$MonoFilterWhenMain.onNext(MonoFilterWhen.java:136) ~[reactor-core-3.6.10.jar:3.6.10]
		at reactor.core.publisher.Operators$ScalarSubscription.request(Operators.java:2571) ~[reactor-core-3.6.10.jar:3.6.10]
		at reactor.core.publisher.MonoFilterWhen$MonoFilterWhenMain.request(MonoFilterWhen.java:183) ~[reactor-core-3.6.10.jar:3.6.10]
		at reactor.core.publisher.MonoPeekTerminal$MonoTerminalPeekSubscriber.request(MonoPeekTerminal.java:139) ~[reactor-core-3.6.10.jar:3.6.10]
		at reactor.core.publisher.Operators$MultiSubscriptionSubscriber.set(Operators.java:2367) ~[reactor-core-3.6.10.jar:3.6.10]
		at reactor.core.publisher.FluxOnErrorResume$ResumeSubscriber.onSubscribe(FluxOnErrorResume.java:74) ~[reactor-core-3.6.10.jar:3.6.10]
		at reactor.core.publisher.MonoPeekTerminal$MonoTerminalPeekSubscriber.onSubscribe(MonoPeekTerminal.java:152) ~[reactor-core-3.6.10.jar:3.6.10]
		at reactor.core.publisher.MonoFilterWhen$MonoFilterWhenMain.onSubscribe(MonoFilterWhen.java:100) ~[reactor-core-3.6.10.jar:3.6.10]
		at reactor.core.publisher.MonoJust.subscribe(MonoJust.java:55) ~[reactor-core-3.6.10.jar:3.6.10]
		at reactor.core.publisher.Mono.subscribe(Mono.java:4576) ~[reactor-core-3.6.10.jar:3.6.10]
		at reactor.core.publisher.FluxConcatMapNoPrefetch$FluxConcatMapNoPrefetchSubscriber.onNext(FluxConcatMapNoPrefetch.java:207) ~[reactor-core-3.6.10.jar:3.6.10]
		at reactor.core.publisher.FluxDematerialize$DematerializeSubscriber.onNext(FluxDematerialize.java:98) ~[reactor-core-3.6.10.jar:3.6.10]
		at reactor.core.publisher.FluxDematerialize$DematerializeSubscriber.onNext(FluxDematerialize.java:44) ~[reactor-core-3.6.10.jar:3.6.10]
		at reactor.core.publisher.FluxIterable$IterableSubscription.slowPath(FluxIterable.java:335) ~[reactor-core-3.6.10.jar:3.6.10]
		at reactor.core.publisher.FluxIterable$IterableSubscription.request(FluxIterable.java:294) ~[reactor-core-3.6.10.jar:3.6.10]
		at reactor.core.publisher.FluxDematerialize$DematerializeSubscriber.request(FluxDematerialize.java:127) ~[reactor-core-3.6.10.jar:3.6.10]
		at reactor.core.publisher.FluxConcatMapNoPrefetch$FluxConcatMapNoPrefetchSubscriber.innerComplete(FluxConcatMapNoPrefetch.java:275) ~[reactor-core-3.6.10.jar:3.6.10]
		at reactor.core.publisher.FluxConcatMap$ConcatMapInner.onComplete(FluxConcatMap.java:889) ~[reactor-core-3.6.10.jar:3.6.10]
		at reactor.core.publisher.Operators$MultiSubscriptionSubscriber.onComplete(Operators.java:2231) ~[reactor-core-3.6.10.jar:3.6.10]
		at reactor.core.publisher.MonoPeekTerminal$MonoTerminalPeekSubscriber.onComplete(MonoPeekTerminal.java:299) ~[reactor-core-3.6.10.jar:3.6.10]
		at reactor.core.publisher.MonoFilterWhen$MonoFilterWhenMain.onNext(MonoFilterWhen.java:141) ~[reactor-core-3.6.10.jar:3.6.10]
		at reactor.core.publisher.Operators$ScalarSubscription.request(Operators.java:2571) ~[reactor-core-3.6.10.jar:3.6.10]
		at reactor.core.publisher.MonoFilterWhen$MonoFilterWhenMain.request(MonoFilterWhen.java:183) ~[reactor-core-3.6.10.jar:3.6.10]
		at reactor.core.publisher.MonoPeekTerminal$MonoTerminalPeekSubscriber.request(MonoPeekTerminal.java:139) ~[reactor-core-3.6.10.jar:3.6.10]
		at reactor.core.publisher.Operators$MultiSubscriptionSubscriber.request(Operators.java:2331) ~[reactor-core-3.6.10.jar:3.6.10]
		at reactor.core.publisher.Operators$MultiSubscriptionSubscriber.request(Operators.java:2331) ~[reactor-core-3.6.10.jar:3.6.10]
		at reactor.core.publisher.FluxConcatMapNoPrefetch$FluxConcatMapNoPrefetchSubscriber.request(FluxConcatMapNoPrefetch.java:339) ~[reactor-core-3.6.10.jar:3.6.10]
		at reactor.core.publisher.MonoNext$NextSubscriber.request(MonoNext.java:108) ~[reactor-core-3.6.10.jar:3.6.10]
		at reactor.core.publisher.FluxMap$MapSubscriber.request(FluxMap.java:164) ~[reactor-core-3.6.10.jar:3.6.10]
		at reactor.core.publisher.FluxMap$MapSubscriber.request(FluxMap.java:164) ~[reactor-core-3.6.10.jar:3.6.10]
		at reactor.core.publisher.Operators$MultiSubscriptionSubscriber.request(Operators.java:2331) ~[reactor-core-3.6.10.jar:3.6.10]
		at reactor.core.publisher.FluxMap$MapSubscriber.request(FluxMap.java:164) ~[reactor-core-3.6.10.jar:3.6.10]
		at reactor.core.publisher.Operators$MultiSubscriptionSubscriber.request(Operators.java:2331) ~[reactor-core-3.6.10.jar:3.6.10]
		at reactor.core.publisher.FluxConcatMapNoPrefetch$FluxConcatMapNoPrefetchSubscriber.request(FluxConcatMapNoPrefetch.java:339) ~[reactor-core-3.6.10.jar:3.6.10]
		at reactor.core.publisher.MonoNext$NextSubscriber.request(MonoNext.java:108) ~[reactor-core-3.6.10.jar:3.6.10]
		at reactor.core.publisher.Operators$MultiSubscriptionSubscriber.set(Operators.java:2367) ~[reactor-core-3.6.10.jar:3.6.10]
		at reactor.core.publisher.Operators$MultiSubscriptionSubscriber.onSubscribe(Operators.java:2241) ~[reactor-core-3.6.10.jar:3.6.10]
		at reactor.core.publisher.MonoNext$NextSubscriber.onSubscribe(MonoNext.java:70) ~[reactor-core-3.6.10.jar:3.6.10]
		at reactor.core.publisher.FluxConcatMapNoPrefetch$FluxConcatMapNoPrefetchSubscriber.onSubscribe(FluxConcatMapNoPrefetch.java:164) ~[reactor-core-3.6.10.jar:3.6.10]
		at reactor.core.publisher.FluxIterable.subscribe(FluxIterable.java:201) ~[reactor-core-3.6.10.jar:3.6.10]
		at reactor.core.publisher.FluxIterable.subscribe(FluxIterable.java:83) ~[reactor-core-3.6.10.jar:3.6.10]
		at reactor.core.publisher.InternalMonoOperator.subscribe(InternalMonoOperator.java:76) ~[reactor-core-3.6.10.jar:3.6.10]
		at reactor.core.publisher.MonoDefer.subscribe(MonoDefer.java:53) ~[reactor-core-3.6.10.jar:3.6.10]
		at reactor.core.publisher.InternalMonoOperator.subscribe(InternalMonoOperator.java:76) ~[reactor-core-3.6.10.jar:3.6.10]
		at reactor.core.publisher.MonoDefer.subscribe(MonoDefer.java:53) ~[reactor-core-3.6.10.jar:3.6.10]
		at reactor.core.publisher.Mono.subscribe(Mono.java:4576) ~[reactor-core-3.6.10.jar:3.6.10]
		at reactor.core.publisher.MonoIgnoreThen$ThenIgnoreMain.subscribeNext(MonoIgnoreThen.java:265) ~[reactor-core-3.6.10.jar:3.6.10]
		at reactor.core.publisher.MonoIgnoreThen.subscribe(MonoIgnoreThen.java:51) ~[reactor-core-3.6.10.jar:3.6.10]
		at reactor.core.publisher.Mono.subscribe(Mono.java:4576) ~[reactor-core-3.6.10.jar:3.6.10]
		at org.springframework.http.server.reactive.ServletHttpHandlerAdapter.service(ServletHttpHandlerAdapter.java:199) ~[spring-web-6.1.13.jar:6.1.13]
		at org.apache.catalina.core.ApplicationFilterChain.internalDoFilter(ApplicationFilterChain.java:195) ~[tomcat-embed-core-10.1.30.jar:10.1.30]
		at org.apache.catalina.core.ApplicationFilterChain.doFilter(ApplicationFilterChain.java:140) ~[tomcat-embed-core-10.1.30.jar:10.1.30]
		at org.apache.tomcat.websocket.server.WsFilter.doFilter(WsFilter.java:51) ~[tomcat-embed-websocket-10.1.30.jar:10.1.30]
		at org.apache.catalina.core.ApplicationFilterChain.internalDoFilter(ApplicationFilterChain.java:164) ~[tomcat-embed-core-10.1.30.jar:10.1.30]
		at org.apache.catalina.core.ApplicationFilterChain.doFilter(ApplicationFilterChain.java:140) ~[tomcat-embed-core-10.1.30.jar:10.1.30]
		at org.apache.catalina.core.StandardWrapperValve.invoke(StandardWrapperValve.java:167) ~[tomcat-embed-core-10.1.30.jar:10.1.30]
		at org.apache.catalina.core.StandardContextValve.invoke(StandardContextValve.java:90) ~[tomcat-embed-core-10.1.30.jar:10.1.30]
		at org.apache.catalina.authenticator.AuthenticatorBase.invoke(AuthenticatorBase.java:483) ~[tomcat-embed-core-10.1.30.jar:10.1.30]
		at org.apache.catalina.core.StandardHostValve.invoke(StandardHostValve.java:115) ~[tomcat-embed-core-10.1.30.jar:10.1.30]
		at org.apache.catalina.valves.ErrorReportValve.invoke(ErrorReportValve.java:93) ~[tomcat-embed-core-10.1.30.jar:10.1.30]
		at org.apache.catalina.core.StandardEngineValve.invoke(StandardEngineValve.java:74) ~[tomcat-embed-core-10.1.30.jar:10.1.30]
		at org.apache.catalina.connector.CoyoteAdapter.service(CoyoteAdapter.java:344) ~[tomcat-embed-core-10.1.30.jar:10.1.30]
		at org.apache.coyote.http11.Http11Processor.service(Http11Processor.java:384) ~[tomcat-embed-core-10.1.30.jar:10.1.30]
		at org.apache.coyote.AbstractProcessorLight.process(AbstractProcessorLight.java:63) ~[tomcat-embed-core-10.1.30.jar:10.1.30]
		at org.apache.coyote.AbstractProtocol$ConnectionHandler.process(AbstractProtocol.java:905) ~[tomcat-embed-core-10.1.30.jar:10.1.30]
		at org.apache.tomcat.util.net.NioEndpoint$SocketProcessor.doRun(NioEndpoint.java:1741) ~[tomcat-embed-core-10.1.30.jar:10.1.30]
		at org.apache.tomcat.util.net.SocketProcessorBase.run(SocketProcessorBase.java:52) ~[tomcat-embed-core-10.1.30.jar:10.1.30]
		at org.apache.tomcat.util.threads.ThreadPoolExecutor.runWorker(ThreadPoolExecutor.java:1190) ~[tomcat-embed-core-10.1.30.jar:10.1.30]
		at org.apache.tomcat.util.threads.ThreadPoolExecutor$Worker.run(ThreadPoolExecutor.java:659) ~[tomcat-embed-core-10.1.30.jar:10.1.30]
		at org.apache.tomcat.util.threads.TaskThread$WrappingRunnable.run(TaskThread.java:63) ~[tomcat-embed-core-10.1.30.jar:10.1.30]
		at java.base/java.lang.Thread.run(Thread.java:1575) ~[na:na]

17:38:04:937  WARN 3524 --- [gateway] [Thread-2] c.a.n.common.http.HttpClientBeanHolder   : [HttpClientBeanHolder] Start destroying common HttpClient
17:38:04:938  WARN 3524 --- [gateway] [Thread-5] c.a.nacos.common.notify.NotifyCenter     : [NotifyCenter] Start destroying Publisher
17:38:04:938  WARN 3524 --- [gateway] [Thread-5] c.a.nacos.common.notify.NotifyCenter     : [NotifyCenter] Destruction of the end
17:38:04:938  WARN 3524 --- [gateway] [Thread-2] c.a.n.common.http.HttpClientBeanHolder   : [HttpClientBeanHolder] Destruction of the end
17:38:04:950  INFO 3524 --- [gateway] [SpringApplicationShutdownHook] com.alibaba.druid.pool.DruidDataSource   : {dataSource-0} closing ...
17:38:04:950  INFO 3524 --- [gateway] [SpringApplicationShutdownHook] c.a.c.n.registry.NacosServiceRegistry    : De-registering from Nacos Server now...
17:38:04:950  INFO 3524 --- [gateway] [SpringApplicationShutdownHook] com.alibaba.nacos.client.naming          : [DEREGISTER-SERVICE] public deregistering service gateway with instance: Instance{instanceId='null', ip='192.168.148.1', port=8080, weight=1.0, healthy=true, enabled=true, ephemeral=true, clusterName='DEFAULT', serviceName='null', metadata={}}
17:38:04:957  INFO 3524 --- [gateway] [SpringApplicationShutdownHook] c.a.c.n.registry.NacosServiceRegistry    : De-registration finished.
17:38:04:957  INFO 3524 --- [gateway] [SpringApplicationShutdownHook] com.alibaba.nacos.client.naming          : com.alibaba.nacos.client.naming.cache.ServiceInfoHolder do shutdown begin
17:38:04:957  INFO 3524 --- [gateway] [SpringApplicationShutdownHook] com.alibaba.nacos.client.naming          : com.alibaba.nacos.client.naming.backups.FailoverReactor do shutdown begin
17:38:04:957  INFO 3524 --- [gateway] [SpringApplicationShutdownHook] com.alibaba.nacos.client.naming          : com.alibaba.nacos.client.naming.backups.FailoverReactor do shutdown stop
17:38:04:957  INFO 3524 --- [gateway] [SpringApplicationShutdownHook] com.alibaba.nacos.client.naming          : com.alibaba.nacos.client.naming.cache.ServiceInfoHolder do shutdown stop
17:38:04:957  INFO 3524 --- [gateway] [SpringApplicationShutdownHook] com.alibaba.nacos.client.naming          : com.alibaba.nacos.client.naming.remote.NamingClientProxyDelegate do shutdown begin
17:38:04:957  INFO 3524 --- [gateway] [SpringApplicationShutdownHook] com.alibaba.nacos.client.naming          : com.alibaba.nacos.client.naming.core.ServiceInfoUpdateService do shutdown begin
17:38:04:957  INFO 3524 --- [gateway] [SpringApplicationShutdownHook] com.alibaba.nacos.client.naming          : com.alibaba.nacos.client.naming.core.ServiceInfoUpdateService do shutdown stop
17:38:04:957  INFO 3524 --- [gateway] [SpringApplicationShutdownHook] com.alibaba.nacos.client.naming          : com.alibaba.nacos.client.naming.core.ServerListManager do shutdown begin
17:38:04:958  WARN 3524 --- [gateway] [SpringApplicationShutdownHook] com.alibaba.nacos.client.naming          : [NamingHttpClientManager] Start destroying NacosRestTemplate
17:38:04:958  WARN 3524 --- [gateway] [SpringApplicationShutdownHook] com.alibaba.nacos.client.naming          : [NamingHttpClientManager] Destruction of the end
17:38:04:958  INFO 3524 --- [gateway] [SpringApplicationShutdownHook] com.alibaba.nacos.client.naming          : com.alibaba.nacos.client.naming.core.ServerListManager do shutdown stop
17:38:04:958  INFO 3524 --- [gateway] [SpringApplicationShutdownHook] com.alibaba.nacos.client.naming          : com.alibaba.nacos.client.naming.remote.http.NamingHttpClientProxy do shutdown begin
17:38:04:958  WARN 3524 --- [gateway] [SpringApplicationShutdownHook] com.alibaba.nacos.client.naming          : [NamingHttpClientManager] Start destroying NacosRestTemplate
17:38:04:958  WARN 3524 --- [gateway] [SpringApplicationShutdownHook] com.alibaba.nacos.client.naming          : [NamingHttpClientManager] Destruction of the end
17:38:04:958  INFO 3524 --- [gateway] [SpringApplicationShutdownHook] com.alibaba.nacos.client.naming          : com.alibaba.nacos.client.naming.remote.http.NamingHttpClientProxy do shutdown stop
17:38:04:958  INFO 3524 --- [gateway] [SpringApplicationShutdownHook] com.alibaba.nacos.client.naming          : Shutdown naming grpc client proxy for  uuid->4ed99a1e-e6dd-4a25-9f76-68cbe572ccdc
17:38:04:958  INFO 3524 --- [gateway] [SpringApplicationShutdownHook] com.alibaba.nacos.client.naming          : Shutdown grpc redo service executor java.util.concurrent.ScheduledThreadPoolExecutor@7343d843[Running, pool size = 1, active threads = 0, queued tasks = 1, completed tasks = 80]
17:38:04:958  INFO 3524 --- [gateway] [SpringApplicationShutdownHook] com.alibaba.nacos.common.remote.client   : Shutdown rpc client, set status to shutdown
17:38:04:958  INFO 3524 --- [gateway] [SpringApplicationShutdownHook] com.alibaba.nacos.common.remote.client   : Shutdown client event executor java.util.concurrent.ScheduledThreadPoolExecutor@497c1d78[Running, pool size = 2, active threads = 2, queued tasks = 0, completed tasks = 0]
17:38:04:958  INFO 3524 --- [gateway] [SpringApplicationShutdownHook] com.alibaba.nacos.common.remote.client   : Close current connection 1761212042635_192.168.148.1_5434
17:38:04:960  INFO 3524 --- [gateway] [SpringApplicationShutdownHook] c.a.n.c.remote.client.grpc.GrpcClient    : Shutdown grpc executor java.util.concurrent.ThreadPoolExecutor@6e349258[Running, pool size = 3, active threads = 0, queued tasks = 0, completed tasks = 61]
17:38:04:960  INFO 3524 --- [gateway] [SpringApplicationShutdownHook] com.alibaba.nacos.client.naming          : shutdown and remove naming rpc client  for uuid ->4ed99a1e-e6dd-4a25-9f76-68cbe572ccdc
17:38:04:961  INFO 3524 --- [gateway] [SpringApplicationShutdownHook] c.a.n.c.a.r.identify.CredentialWatcher   : [null] CredentialWatcher is stopped
17:38:04:961  INFO 3524 --- [gateway] [SpringApplicationShutdownHook] c.a.n.c.a.r.identify.CredentialService   : [null] CredentialService is freed
17:38:04:961  INFO 3524 --- [gateway] [SpringApplicationShutdownHook] com.alibaba.nacos.client.naming          : com.alibaba.nacos.client.naming.remote.NamingClientProxyDelegate do shutdown stop
17:38:13:296  INFO 15868 --- [gateway] [main] com.qg.gateway.GatewayApplication        : No active profile set, falling back to 1 default profile: "default"
17:38:13:854  INFO 15868 --- [gateway] [main] .s.d.r.c.RepositoryConfigurationDelegate : Multiple Spring Data modules found, entering strict repository configuration mode
17:38:13:856  INFO 15868 --- [gateway] [main] .s.d.r.c.RepositoryConfigurationDelegate : Bootstrapping Spring Data Redis repositories in DEFAULT mode.
17:38:13:872  INFO 15868 --- [gateway] [main] .s.d.r.c.RepositoryConfigurationDelegate : Finished Spring Data repository scanning in 3 ms. Found 0 Redis repository interfaces.
17:38:13:985  WARN 15868 --- [gateway] [main] o.m.s.mapper.ClassPathMapperScanner      : No MyBatis mapper was found in '[com.qg.gateway]' package. Please check your configuration.
17:38:14:034  INFO 15868 --- [gateway] [main] o.s.cloud.context.scope.GenericScope     : BeanFactory id=59b17ac6-76bb-3ec7-b237-460ba628cec9
17:38:14:175  WARN 15868 --- [gateway] [main] trationDelegate$BeanPostProcessorChecker : Bean 'org.springframework.cloud.client.loadbalancer.LoadBalancerAutoConfiguration$DeferringLoadBalancerInterceptorConfig' of type [org.springframework.cloud.client.loadbalancer.LoadBalancerAutoConfiguration$DeferringLoadBalancerInterceptorConfig] is not eligible for getting processed by all BeanPostProcessors (for example: not eligible for auto-proxying). The currently created BeanPostProcessor [lbRestClientPostProcessor] is declared through a non-static factory method on that class; consider declaring it as static instead.
17:38:14:177  WARN 15868 --- [gateway] [main] trationDelegate$BeanPostProcessorChecker : Bean 'deferringLoadBalancerInterceptor' of type [org.springframework.cloud.client.loadbalancer.DeferringLoadBalancerInterceptor] is not eligible for getting processed by all BeanPostProcessors (for example: not eligible for auto-proxying). Is this bean getting eagerly injected into a currently created BeanPostProcessor [lbRestClientPostProcessor]? Check the corresponding BeanPostProcessor declaration and its dependencies.
17:38:14:178  WARN 15868 --- [gateway] [main] trationDelegate$BeanPostProcessorChecker : Bean 'org.springframework.cloud.client.loadbalancer.reactive.LoadBalancerBeanPostProcessorAutoConfiguration' of type [org.springframework.cloud.client.loadbalancer.reactive.LoadBalancerBeanPostProcessorAutoConfiguration] is not eligible for getting processed by all BeanPostProcessors (for example: not eligible for auto-proxying). The currently created BeanPostProcessor [loadBalancerWebClientBuilderBeanPostProcessor] is declared through a non-static factory method on that class; consider declaring it as static instead.
17:38:14:179  WARN 15868 --- [gateway] [main] trationDelegate$BeanPostProcessorChecker : Bean 'org.springframework.cloud.client.loadbalancer.reactive.LoadBalancerBeanPostProcessorAutoConfiguration$ReactorDeferringLoadBalancerFilterConfig' of type [org.springframework.cloud.client.loadbalancer.reactive.LoadBalancerBeanPostProcessorAutoConfiguration$ReactorDeferringLoadBalancerFilterConfig] is not eligible for getting processed by all BeanPostProcessors (for example: not eligible for auto-proxying). Is this bean getting eagerly injected into a currently created BeanPostProcessor [loadBalancerWebClientBuilderBeanPostProcessor]? Check the corresponding BeanPostProcessor declaration and its dependencies.
17:38:14:180  WARN 15868 --- [gateway] [main] trationDelegate$BeanPostProcessorChecker : Bean 'reactorDeferringLoadBalancerExchangeFilterFunction' of type [org.springframework.cloud.client.loadbalancer.reactive.DeferringLoadBalancerExchangeFilterFunction] is not eligible for getting processed by all BeanPostProcessors (for example: not eligible for auto-proxying). Is this bean getting eagerly injected into a currently created BeanPostProcessor [loadBalancerWebClientBuilderBeanPostProcessor]? Check the corresponding BeanPostProcessor declaration and its dependencies.
17:38:15:572  INFO 15868 --- [gateway] [main] o.s.cloud.commons.util.InetUtils         : Cannot determine local hostname
17:38:17:857  INFO 15868 --- [gateway] [main] o.s.cloud.commons.util.InetUtils         : Cannot determine local hostname
17:38:18:182  INFO 15868 --- [gateway] [main] o.s.c.g.r.RouteDefinitionRouteLocator    : Loaded RoutePredicateFactory [After]
17:38:18:182  INFO 15868 --- [gateway] [main] o.s.c.g.r.RouteDefinitionRouteLocator    : Loaded RoutePredicateFactory [Before]
17:38:18:182  INFO 15868 --- [gateway] [main] o.s.c.g.r.RouteDefinitionRouteLocator    : Loaded RoutePredicateFactory [Between]
17:38:18:182  INFO 15868 --- [gateway] [main] o.s.c.g.r.RouteDefinitionRouteLocator    : Loaded RoutePredicateFactory [Cookie]
17:38:18:182  INFO 15868 --- [gateway] [main] o.s.c.g.r.RouteDefinitionRouteLocator    : Loaded RoutePredicateFactory [Header]
17:38:18:182  INFO 15868 --- [gateway] [main] o.s.c.g.r.RouteDefinitionRouteLocator    : Loaded RoutePredicateFactory [Host]
17:38:18:182  INFO 15868 --- [gateway] [main] o.s.c.g.r.RouteDefinitionRouteLocator    : Loaded RoutePredicateFactory [Method]
17:38:18:182  INFO 15868 --- [gateway] [main] o.s.c.g.r.RouteDefinitionRouteLocator    : Loaded RoutePredicateFactory [Path]
17:38:18:182  INFO 15868 --- [gateway] [main] o.s.c.g.r.RouteDefinitionRouteLocator    : Loaded RoutePredicateFactory [Query]
17:38:18:182  INFO 15868 --- [gateway] [main] o.s.c.g.r.RouteDefinitionRouteLocator    : Loaded RoutePredicateFactory [ReadBody]
17:38:18:182  INFO 15868 --- [gateway] [main] o.s.c.g.r.RouteDefinitionRouteLocator    : Loaded RoutePredicateFactory [RemoteAddr]
17:38:18:182  INFO 15868 --- [gateway] [main] o.s.c.g.r.RouteDefinitionRouteLocator    : Loaded RoutePredicateFactory [XForwardedRemoteAddr]
17:38:18:182  INFO 15868 --- [gateway] [main] o.s.c.g.r.RouteDefinitionRouteLocator    : Loaded RoutePredicateFactory [Weight]
17:38:18:182  INFO 15868 --- [gateway] [main] o.s.c.g.r.RouteDefinitionRouteLocator    : Loaded RoutePredicateFactory [CloudFoundryRouteService]
17:38:19:325  INFO 15868 --- [gateway] [main] o.s.cloud.commons.util.InetUtils         : Cannot determine local hostname
17:38:19:754  WARN 15868 --- [gateway] [main] iguration$LoadBalancerCaffeineWarnLogger : Spring Cloud LoadBalancer is currently working with the default cache. While this cache implementation is useful for development and tests, it's recommended to use Caffeine cache in production.You can switch to using Caffeine cache, by adding it and org.springframework.cache.caffeine.CaffeineCacheManager to the classpath.
17:38:19:885  INFO 15868 --- [gateway] [main] o.s.b.web.embedded.netty.NettyWebServer  : Netty started on port 8080 (http)
17:38:20:900  INFO 15868 --- [gateway] [main] o.s.cloud.commons.util.InetUtils         : Cannot determine local hostname
17:38:21:916  INFO 15868 --- [gateway] [main] o.s.cloud.commons.util.InetUtils         : Cannot determine local hostname
17:38:21:920  INFO 15868 --- [gateway] [main] com.alibaba.nacos.client.naming          : initializer namespace from ans.namespace attribute : null
17:38:21:920  INFO 15868 --- [gateway] [main] com.alibaba.nacos.client.naming          : initializer namespace from ALIBABA_ALIWARE_NAMESPACE attribute :null
17:38:21:920  INFO 15868 --- [gateway] [main] com.alibaba.nacos.client.naming          : initializer namespace from namespace attribute :null
17:38:21:926  INFO 15868 --- [gateway] [main] com.alibaba.nacos.client.naming          : FailoverDataSource type is class com.alibaba.nacos.client.naming.backups.datasource.DiskFailoverDataSource
17:38:21:929  INFO 15868 --- [gateway] [main] c.a.n.p.a.s.c.ClientAuthPluginManager    : [ClientAuthPluginManager] Load ClientAuthService com.alibaba.nacos.client.auth.impl.NacosClientAuthServiceImpl success.
17:38:21:929  INFO 15868 --- [gateway] [main] c.a.n.p.a.s.c.ClientAuthPluginManager    : [ClientAuthPluginManager] Load ClientAuthService com.alibaba.nacos.client.auth.ram.RamClientAuthServiceImpl success.
17:38:22:063  INFO 15868 --- [gateway] [main] com.alibaba.nacos.common.remote.client   : [RpcClientFactory] create a new rpc client of 6e7b98d6-9fed-4981-9f53-174ca74a3af2
17:38:22:066  INFO 15868 --- [gateway] [main] com.alibaba.nacos.client.naming          : Create naming rpc client for uuid->6e7b98d6-9fed-4981-9f53-174ca74a3af2
17:38:22:066  INFO 15868 --- [gateway] [main] com.alibaba.nacos.common.remote.client   : [6e7b98d6-9fed-4981-9f53-174ca74a3af2] RpcClient init, ServerListFactory = com.alibaba.nacos.client.naming.core.ServerListManager
17:38:22:066  INFO 15868 --- [gateway] [main] com.alibaba.nacos.common.remote.client   : [6e7b98d6-9fed-4981-9f53-174ca74a3af2] Registry connection listener to current client:com.alibaba.nacos.client.naming.remote.gprc.redo.NamingGrpcRedoService
17:38:22:066  INFO 15868 --- [gateway] [main] com.alibaba.nacos.common.remote.client   : [6e7b98d6-9fed-4981-9f53-174ca74a3af2] Register server push request handler:com.alibaba.nacos.client.naming.remote.gprc.NamingPushRequestHandler
17:38:22:066  INFO 15868 --- [gateway] [main] com.alibaba.nacos.common.remote.client   : [6e7b98d6-9fed-4981-9f53-174ca74a3af2] Try to connect to server on start up, server: {serverIp = '192.168.148.100', server main port = 8848}
17:38:22:067  INFO 15868 --- [gateway] [main] c.a.n.c.remote.client.grpc.GrpcClient    : grpc client connection server:192.168.148.100 ip,serverPort:9848,grpcTslConfig:{"sslProvider":"","enableTls":false,"mutualAuthEnable":false,"trustAll":false}
17:38:22:195  INFO 15868 --- [gateway] [main] com.alibaba.nacos.common.remote.client   : [6e7b98d6-9fed-4981-9f53-174ca74a3af2] Success to connect to server [192.168.148.100:8848] on start up, connectionId = 1761212302555_192.168.148.1_8619
17:38:22:195  INFO 15868 --- [gateway] [main] com.alibaba.nacos.common.remote.client   : [6e7b98d6-9fed-4981-9f53-174ca74a3af2] Register server push request handler:com.alibaba.nacos.common.remote.client.RpcClient$ConnectResetRequestHandler
17:38:22:195  INFO 15868 --- [gateway] [main] com.alibaba.nacos.common.remote.client   : [6e7b98d6-9fed-4981-9f53-174ca74a3af2] Register server push request handler:com.alibaba.nacos.common.remote.client.RpcClient$$Lambda/0x0000021f36526680
17:38:22:195  INFO 15868 --- [gateway] [com.alibaba.nacos.client.remote.worker.0] com.alibaba.nacos.common.remote.client   : [6e7b98d6-9fed-4981-9f53-174ca74a3af2] Notify connected event to listeners.
17:38:22:195  INFO 15868 --- [gateway] [com.alibaba.nacos.client.remote.worker.0] com.alibaba.nacos.client.naming          : Grpc connection connect
17:38:22:196  INFO 15868 --- [gateway] [main] com.alibaba.nacos.client.naming          : [REGISTER-SERVICE] public registering service gateway with instance Instance{instanceId='null', ip='192.168.148.1', port=8080, weight=1.0, healthy=true, enabled=true, ephemeral=true, clusterName='DEFAULT', serviceName='null', metadata={IPv6=[2001:0:2851:b9f0:1839:7a7a:48c0:88ca], preserved.register.source=SPRING_CLOUD}}
17:38:22:207  INFO 15868 --- [gateway] [main] c.a.c.n.registry.NacosServiceRegistry    : nacos registry, DEFAULT_GROUP gateway 192.168.148.1:8080 register finished
17:38:22:247  INFO 15868 --- [gateway] [main] com.qg.gateway.GatewayApplication        : Started GatewayApplication in 12.813 seconds (process running for 13.483)
17:38:22:251  INFO 15868 --- [gateway] [main] c.a.nacos.client.config.impl.CacheData   : config listener notify warn timeout millis use default 60000 millis 
17:38:22:251  INFO 15868 --- [gateway] [main] c.a.nacos.client.config.impl.CacheData   : nacos.cache.data.init.snapshot = true 
17:38:22:252  INFO 15868 --- [gateway] [main] c.a.n.client.config.impl.ClientWorker    : [fixed-192.168.148.100_8848] [subscribe] gateway.yaml+DEFAULT_GROUP
17:38:22:256  INFO 15868 --- [gateway] [main] c.a.nacos.client.config.impl.CacheData   : [fixed-192.168.148.100_8848] [add-listener] ok, tenant=, dataId=gateway.yaml, group=DEFAULT_GROUP, cnt=1
17:38:22:256  INFO 15868 --- [gateway] [main] c.a.c.n.refresh.NacosContextRefresher    : [Nacos Config] Listening config: dataId=gateway.yaml, group=DEFAULT_GROUP
17:38:22:256  INFO 15868 --- [gateway] [main] c.a.n.client.config.impl.ClientWorker    : [fixed-192.168.148.100_8848] [subscribe] gateway+DEFAULT_GROUP
17:38:22:256  INFO 15868 --- [gateway] [main] c.a.nacos.client.config.impl.CacheData   : [fixed-192.168.148.100_8848] [add-listener] ok, tenant=, dataId=gateway, group=DEFAULT_GROUP, cnt=1
17:38:22:256  INFO 15868 --- [gateway] [main] c.a.c.n.refresh.NacosContextRefresher    : [Nacos Config] Listening config: dataId=gateway, group=DEFAULT_GROUP
17:38:38:974  INFO 15868 --- [gateway] [boundedElastic-1] com.alibaba.nacos.client.naming          : [SUBSCRIBE-SERVICE] service:alert-service, group:DEFAULT_GROUP, clusters: 
17:38:38:974  INFO 15868 --- [gateway] [boundedElastic-1] com.alibaba.nacos.client.naming          : [GRPC-SUBSCRIBE] service:alert-service, group:DEFAULT_GROUP, cluster: 
17:38:38:986  INFO 15868 --- [gateway] [boundedElastic-1] com.alibaba.nacos.client.naming          : init new ips(1) service: DEFAULT_GROUP@@alert-service -> [{"ip":"192.168.148.1","port":8085,"weight":1.0,"healthy":true,"enabled":true,"ephemeral":true,"clusterName":"DEFAULT","serviceName":"DEFAULT_GROUP@@alert-service","metadata":{"preserved.register.source":"SPRING_CLOUD"},"ipDeleteTimeout":30000,"instanceHeartBeatInterval":5000,"instanceHeartBeatTimeOut":15000}]
17:38:38:987  INFO 15868 --- [gateway] [boundedElastic-1] com.alibaba.nacos.client.naming          : current ips:(1) service: DEFAULT_GROUP@@alert-service -> [{"ip":"192.168.148.1","port":8085,"weight":1.0,"healthy":true,"enabled":true,"ephemeral":true,"clusterName":"DEFAULT","serviceName":"DEFAULT_GROUP@@alert-service","metadata":{"preserved.register.source":"SPRING_CLOUD"},"ipDeleteTimeout":30000,"instanceHeartBeatInterval":5000,"instanceHeartBeatTimeOut":15000}]
17:38:39:551  INFO 15868 --- [gateway] [nacos-grpc-client-executor-192.168.148.100-12] com.alibaba.nacos.common.remote.client   : [6e7b98d6-9fed-4981-9f53-174ca74a3af2] Receive server push request, request = NotifySubscriberRequest, requestId = 9
17:38:39:552  INFO 15868 --- [gateway] [nacos-grpc-client-executor-192.168.148.100-12] com.alibaba.nacos.common.remote.client   : [6e7b98d6-9fed-4981-9f53-174ca74a3af2] Ack server push request, request = NotifySubscriberRequest, requestId = 9
17:41:33:841  WARN 15868 --- [gateway] [Thread-2] c.a.n.common.http.HttpClientBeanHolder   : [HttpClientBeanHolder] Start destroying common HttpClient
17:41:33:841  WARN 15868 --- [gateway] [Thread-5] c.a.nacos.common.notify.NotifyCenter     : [NotifyCenter] Start destroying Publisher
17:41:33:841  WARN 15868 --- [gateway] [Thread-5] c.a.nacos.common.notify.NotifyCenter     : [NotifyCenter] Destruction of the end
17:41:33:842  WARN 15868 --- [gateway] [Thread-2] c.a.n.common.http.HttpClientBeanHolder   : [HttpClientBeanHolder] Destruction of the end
17:41:34:379  INFO 15868 --- [gateway] [nacos-grpc-client-executor-192.168.148.100-47] com.alibaba.nacos.common.remote.client   : [6e7b98d6-9fed-4981-9f53-174ca74a3af2] Receive server push request, request = NotifySubscriberRequest, requestId = 10
17:41:34:380  INFO 15868 --- [gateway] [nacos-grpc-client-executor-192.168.148.100-47] com.alibaba.nacos.client.naming          : removed ips(1) service: DEFAULT_GROUP@@alert-service -> [{"ip":"192.168.148.1","port":8085,"weight":1.0,"healthy":true,"enabled":true,"ephemeral":true,"clusterName":"DEFAULT","serviceName":"DEFAULT_GROUP@@alert-service","metadata":{"preserved.register.source":"SPRING_CLOUD"},"ipDeleteTimeout":30000,"instanceHeartBeatInterval":5000,"instanceHeartBeatTimeOut":15000}]
17:41:34:381  INFO 15868 --- [gateway] [nacos-grpc-client-executor-192.168.148.100-47] com.alibaba.nacos.client.naming          : current ips:(0) service: DEFAULT_GROUP@@alert-service -> []
17:41:34:392  INFO 15868 --- [gateway] [nacos-grpc-client-executor-192.168.148.100-47] com.alibaba.nacos.common.remote.client   : [6e7b98d6-9fed-4981-9f53-174ca74a3af2] Ack server push request, request = NotifySubscriberRequest, requestId = 10
17:41:35:959  INFO 15868 --- [gateway] [SpringApplicationShutdownHook] com.alibaba.druid.pool.DruidDataSource   : {dataSource-0} closing ...
17:41:35:960  INFO 15868 --- [gateway] [SpringApplicationShutdownHook] c.a.c.n.registry.NacosServiceRegistry    : De-registering from Nacos Server now...
17:41:35:960  INFO 15868 --- [gateway] [SpringApplicationShutdownHook] com.alibaba.nacos.client.naming          : [DEREGISTER-SERVICE] public deregistering service gateway with instance: Instance{instanceId='null', ip='192.168.148.1', port=8080, weight=1.0, healthy=true, enabled=true, ephemeral=true, clusterName='DEFAULT', serviceName='null', metadata={}}
17:41:35:969  INFO 15868 --- [gateway] [SpringApplicationShutdownHook] c.a.c.n.registry.NacosServiceRegistry    : De-registration finished.
17:41:35:970  INFO 15868 --- [gateway] [SpringApplicationShutdownHook] com.alibaba.nacos.client.naming          : com.alibaba.nacos.client.naming.cache.ServiceInfoHolder do shutdown begin
17:41:35:970  INFO 15868 --- [gateway] [SpringApplicationShutdownHook] com.alibaba.nacos.client.naming          : com.alibaba.nacos.client.naming.backups.FailoverReactor do shutdown begin
17:41:35:970  INFO 15868 --- [gateway] [SpringApplicationShutdownHook] com.alibaba.nacos.client.naming          : com.alibaba.nacos.client.naming.backups.FailoverReactor do shutdown stop
17:41:35:970  INFO 15868 --- [gateway] [SpringApplicationShutdownHook] com.alibaba.nacos.client.naming          : com.alibaba.nacos.client.naming.cache.ServiceInfoHolder do shutdown stop
17:41:35:970  INFO 15868 --- [gateway] [SpringApplicationShutdownHook] com.alibaba.nacos.client.naming          : com.alibaba.nacos.client.naming.remote.NamingClientProxyDelegate do shutdown begin
17:41:35:970  INFO 15868 --- [gateway] [SpringApplicationShutdownHook] com.alibaba.nacos.client.naming          : com.alibaba.nacos.client.naming.core.ServiceInfoUpdateService do shutdown begin
17:41:35:970  INFO 15868 --- [gateway] [SpringApplicationShutdownHook] com.alibaba.nacos.client.naming          : com.alibaba.nacos.client.naming.core.ServiceInfoUpdateService do shutdown stop
17:41:35:970  INFO 15868 --- [gateway] [SpringApplicationShutdownHook] com.alibaba.nacos.client.naming          : com.alibaba.nacos.client.naming.core.ServerListManager do shutdown begin
17:41:35:970  WARN 15868 --- [gateway] [SpringApplicationShutdownHook] com.alibaba.nacos.client.naming          : [NamingHttpClientManager] Start destroying NacosRestTemplate
17:41:35:970  WARN 15868 --- [gateway] [SpringApplicationShutdownHook] com.alibaba.nacos.client.naming          : [NamingHttpClientManager] Destruction of the end
17:41:35:970  INFO 15868 --- [gateway] [SpringApplicationShutdownHook] com.alibaba.nacos.client.naming          : com.alibaba.nacos.client.naming.core.ServerListManager do shutdown stop
17:41:35:971  INFO 15868 --- [gateway] [SpringApplicationShutdownHook] com.alibaba.nacos.client.naming          : com.alibaba.nacos.client.naming.remote.http.NamingHttpClientProxy do shutdown begin
17:41:35:971  WARN 15868 --- [gateway] [SpringApplicationShutdownHook] com.alibaba.nacos.client.naming          : [NamingHttpClientManager] Start destroying NacosRestTemplate
17:41:35:971  WARN 15868 --- [gateway] [SpringApplicationShutdownHook] com.alibaba.nacos.client.naming          : [NamingHttpClientManager] Destruction of the end
17:41:35:971  INFO 15868 --- [gateway] [SpringApplicationShutdownHook] com.alibaba.nacos.client.naming          : com.alibaba.nacos.client.naming.remote.http.NamingHttpClientProxy do shutdown stop
17:41:35:971  INFO 15868 --- [gateway] [SpringApplicationShutdownHook] com.alibaba.nacos.client.naming          : Shutdown naming grpc client proxy for  uuid->6e7b98d6-9fed-4981-9f53-174ca74a3af2
17:41:35:971  INFO 15868 --- [gateway] [SpringApplicationShutdownHook] com.alibaba.nacos.client.naming          : Shutdown grpc redo service executor java.util.concurrent.ScheduledThreadPoolExecutor@1952ad9d[Running, pool size = 1, active threads = 0, queued tasks = 1, completed tasks = 64]
17:41:35:971  INFO 15868 --- [gateway] [SpringApplicationShutdownHook] com.alibaba.nacos.common.remote.client   : Shutdown rpc client, set status to shutdown
17:41:35:971  INFO 15868 --- [gateway] [SpringApplicationShutdownHook] com.alibaba.nacos.common.remote.client   : Shutdown client event executor java.util.concurrent.ScheduledThreadPoolExecutor@188058fb[Running, pool size = 2, active threads = 2, queued tasks = 0, completed tasks = 0]
17:41:35:971  INFO 15868 --- [gateway] [SpringApplicationShutdownHook] com.alibaba.nacos.common.remote.client   : Close current connection 1761212302555_192.168.148.1_8619
17:41:35:973  INFO 15868 --- [gateway] [SpringApplicationShutdownHook] c.a.n.c.remote.client.grpc.GrpcClient    : Shutdown grpc executor java.util.concurrent.ThreadPoolExecutor@5837cb9e[Running, pool size = 3, active threads = 0, queued tasks = 0, completed tasks = 49]
17:41:35:973  INFO 15868 --- [gateway] [SpringApplicationShutdownHook] com.alibaba.nacos.client.naming          : shutdown and remove naming rpc client  for uuid ->6e7b98d6-9fed-4981-9f53-174ca74a3af2
17:41:35:973  INFO 15868 --- [gateway] [SpringApplicationShutdownHook] c.a.n.c.a.r.identify.CredentialWatcher   : [null] CredentialWatcher is stopped
17:41:35:974  INFO 15868 --- [gateway] [SpringApplicationShutdownHook] c.a.n.c.a.r.identify.CredentialService   : [null] CredentialService is freed
17:41:35:974  INFO 15868 --- [gateway] [SpringApplicationShutdownHook] com.alibaba.nacos.client.naming          : com.alibaba.nacos.client.naming.remote.NamingClientProxyDelegate do shutdown stop
